Time,Population
0,10
0.01,10.002
0.02,10.004
0.03,10.006
0.04,10.008
0.05,10.01
0.06,10.012
0.07,10.014
0.08,10.016
0.09,10.018
0.1,10.02
0.11,10.022
0.12,10.024
0.13,10.026
0.14,10.028
0.15,10.03
0.16,10.032
0.17,10.0341
0.18,10.0361
0.19,10.0381
0.2,10.0401
0.21,10.0421
0.22,10.0441
0.23,10.0461
0.24,10.0481
0.25,10.0501
0.26,10.0521
0.27,10.0541
0.28,10.0562
0.29,10.0582
0.3,10.0602
0.31,10.0622
0.32,10.0642
0.33,10.0662
0.34,10.0682
0.35,10.0702
0.36,10.0723
0.37,10.0743
0.38,10.0763
0.39,10.0783
0.4,10.0803
0.41,10.0823
0.42,10.0843
0.43,10.0864
0.44,10.0884
0.45,10.0904
0.46,10.0924
0.47,10.0944
0.48,10.0965
0.49,10.0985
0.5,10.1005
0.51,10.1025
0.52,10.1045
0.53,10.1066
0.54,10.1086
0.55,10.1106
0.56,10.1126
0.57,10.1146
0.58,10.1167
0.59,10.1187
0.6,10.1207
0.61,10.1227
0.62,10.1248
0.63,10.1268
0.64,10.1288
0.65,10.1308
0.66,10.1329
0.67,10.1349
0.68,10.1369
0.69,10.1389
0.7,10.141
0.71,10.143
0.72,10.145
0.73,10.1471
0.74,10.1491
0.75,10.1511
0.76,10.1531
0.77,10.1552
0.78,10.1572
0.79,10.1592
0.8,10.1613
0.81,10.1633
0.82,10.1653
0.83,10.1674
0.84,10.1694
0.85,10.1714
0.86,10.1735
0.87,10.1755
0.88,10.1775
0.89,10.1796
0.9,10.1816
0.91,10.1836
0.92,10.1857
0.93,10.1877
0.94,10.1898
0.95,10.1918
0.96,10.1938
0.97,10.1959
0.98,10.1979
0.99,10.2
1,10.202
1.01,10.204
1.02,10.2061
1.03,10.2081
1.04,10.2102
1.05,10.2122
1.06,10.2142
1.07,10.2163
1.08,10.2183
1.09,10.2204
1.1,10.2224
1.11,10.2245
1.12,10.2265
1.13,10.2286
1.14,10.2306
1.15,10.2326
1.16,10.2347
1.17,10.2367
1.18,10.2388
1.19,10.2408
1.2,10.2429
1.21,10.2449
1.22,10.247
1.23,10.249
1.24,10.2511
1.25,10.2531
1.26,10.2552
1.27,10.2572
1.28,10.2593
1.29,10.2613
1.3,10.2634
1.31,10.2654
1.32,10.2675
1.33,10.2695
1.34,10.2716
1.35,10.2737
1.36,10.2757
1.37,10.2778
1.38,10.2798
1.39,10.2819
1.4,10.2839
1.41,10.286
1.42,10.288
1.43,10.2901
1.44,10.2922
1.45,10.2942
1.46,10.2963
1.47,10.2983
1.48,10.3004
1.49,10.3025
1.5,10.3045
1.51,10.3066
1.52,10.3086
1.53,10.3107
1.54,10.3128
1.55,10.3148
1.56,10.3169
1.57,10.3189
1.58,10.321
1.59,10.3231
1.6,10.3251
1.61,10.3272
1.62,10.3293
1.63,10.3313
1.64,10.3334
1.65,10.3355
1.66,10.3375
1.67,10.3396
1.68,10.3417
1.69,10.3437
1.7,10.3458
1.71,10.3479
1.72,10.3499
1.73,10.352
1.74,10.3541
1.75,10.3562
1.76,10.3582
1.77,10.3603
1.78,10.3624
1.79,10.3644
1.8,10.3665
1.81,10.3686
1.82,10.3707
1.83,10.3727
1.84,10.3748
1.85,10.3769
1.86,10.379
1.87,10.381
1.88,10.3831
1.89,10.3852
1.9,10.3873
1.91,10.3894
1.92,10.3914
1.93,10.3935
1.94,10.3956
1.95,10.3977
1.96,10.3997
1.97,10.4018
1.98,10.4039
1.99,10.406
2,10.4081
2.01,10.4101
2.02,10.4122
2.03,10.4143
2.04,10.4164
2.05,10.4185
2.06,10.4206
2.07,10.4226
2.08,10.4247
2.09,10.4268
2.1,10.4289
2.11,10.431
2.12,10.4331
2.13,10.4352
2.14,10.4372
2.15,10.4393
2.16,10.4414
2.17,10.4435
2.18,10.4456
2.19,10.4477
2.2,10.4498
2.21,10.4519
2.22,10.454
2.23,10.456
2.24,10.4581
2.25,10.4602
2.26,10.4623
2.27,10.4644
2.28,10.4665
2.29,10.4686
2.3,10.4707
2.31,10.4728
2.32,10.4749
2.33,10.477
2.34,10.4791
2.35,10.4812
2.36,10.4833
2.37,10.4854
2.38,10.4875
2.39,10.4896
2.4,10.4917
2.41,10.4938
2.42,10.4959
2.43,10.498
2.44,10.5001
2.45,10.5022
2.46,10.5043
2.47,10.5064
2.48,10.5085
2.49,10.5106
2.5,10.5127
2.51,10.5148
2.52,10.5169
2.53,10.519
2.54,10.5211
2.55,10.5232
2.56,10.5253
2.57,10.5274
2.58,10.5295
2.59,10.5316
2.6,10.5337
2.61,10.5358
2.62,10.5379
2.63,10.54
2.64,10.5421
2.65,10.5442
2.66,10.5463
2.67,10.5485
2.68,10.5506
2.69,10.5527
2.7,10.5548
2.71,10.5569
2.72,10.559
2.73,10.5611
2.74,10.5632
2.75,10.5653
2.76,10.5675
2.77,10.5696
2.78,10.5717
2.79,10.5738
2.8,10.5759
2.81,10.578
2.82,10.5801
2.83,10.5823
2.84,10.5844
2.85,10.5865
2.86,10.5886
2.87,10.5907
2.88,10.5929
2.89,10.595
2.9,10.5971
2.91,10.5992
2.92,10.6013
2.93,10.6034
2.94,10.6056
2.95,10.6077
2.96,10.6098
2.97,10.6119
2.98,10.6141
2.99,10.6162
3,10.6183
3.01,10.6204
3.02,10.6225
3.03,10.6247
3.04,10.6268
3.05,10.6289
3.06,10.6311
3.07,10.6332
3.08,10.6353
3.09,10.6374
3.1,10.6396
3.11,10.6417
3.12,10.6438
3.13,10.6459
3.14,10.6481
3.15,10.6502
3.16,10.6523
3.17,10.6545
3.18,10.6566
3.19,10.6587
3.2,10.6609
3.21,10.663
3.22,10.6651
3.23,10.6673
3.24,10.6694
3.25,10.6715
3.26,10.6737
3.27,10.6758
3.28,10.6779
3.29,10.6801
3.3,10.6822
3.31,10.6843
3.32,10.6865
3.33,10.6886
3.34,10.6907
3.35,10.6929
3.36,10.695
3.37,10.6972
3.38,10.6993
3.39,10.7014
3.4,10.7036
3.41,10.7057
3.42,10.7079
3.43,10.71
3.44,10.7121
3.45,10.7143
3.46,10.7164
3.47,10.7186
3.48,10.7207
3.49,10.7229
3.5,10.725
3.51,10.7272
3.52,10.7293
3.53,10.7314
3.54,10.7336
3.55,10.7357
3.56,10.7379
3.57,10.74
3.58,10.7422
3.59,10.7443
3.6,10.7465
3.61,10.7486
3.62,10.7508
3.63,10.7529
3.64,10.7551
3.65,10.7572
3.66,10.7594
3.67,10.7615
3.68,10.7637
3.69,10.7658
3.7,10.768
3.71,10.7701
3.72,10.7723
3.73,10.7745
3.74,10.7766
3.75,10.7788
3.76,10.7809
3.77,10.7831
3.78,10.7852
3.79,10.7874
3.8,10.7895
3.81,10.7917
3.82,10.7939
3.83,10.796
3.84,10.7982
3.85,10.8003
3.86,10.8025
3.87,10.8047
3.88,10.8068
3.89,10.809
3.9,10.8111
3.91,10.8133
3.92,10.8155
3.93,10.8176
3.94,10.8198
3.95,10.822
3.96,10.8241
3.97,10.8263
3.98,10.8285
3.99,10.8306
4,10.8328
4.01,10.835
4.02,10.8371
4.03,10.8393
4.04,10.8415
4.05,10.8436
4.06,10.8458
4.07,10.848
4.08,10.8501
4.09,10.8523
4.1,10.8545
4.11,10.8566
4.12,10.8588
4.13,10.861
4.14,10.8632
4.15,10.8653
4.16,10.8675
4.17,10.8697
4.18,10.8718
4.19,10.874
4.2,10.8762
4.21,10.8784
4.22,10.8805
4.23,10.8827
4.24,10.8849
4.25,10.8871
4.26,10.8893
4.27,10.8914
4.28,10.8936
4.29,10.8958
4.3,10.898
4.31,10.9001
4.32,10.9023
4.33,10.9045
4.34,10.9067
4.35,10.9089
4.36,10.9111
4.37,10.9132
4.38,10.9154
4.39,10.9176
4.4,10.9198
4.41,10.922
4.42,10.9242
4.43,10.9263
4.44,10.9285
4.45,10.9307
4.46,10.9329
4.47,10.9351
4.48,10.9373
4.49,10.9395
4.5,10.9416
4.51,10.9438
4.52,10.946
4.53,10.9482
4.54,10.9504
4.55,10.9526
4.56,10.9548
4.57,10.957
4.58,10.9592
4.59,10.9614
4.6,10.9635
4.61,10.9657
4.62,10.9679
4.63,10.9701
4.64,10.9723
4.65,10.9745
4.66,10.9767
4.67,10.9789
4.68,10.9811
4.69,10.9833
4.7,10.9855
4.71,10.9877
4.72,10.9899
4.73,10.9921
4.74,10.9943
4.75,10.9965
4.76,10.9987
4.77,11.0009
4.78,11.0031
4.79,11.0053
4.8,11.0075
4.81,11.0097
4.82,11.0119
4.83,11.0141
4.84,11.0163
4.85,11.0185
4.86,11.0207
4.87,11.0229
4.88,11.0251
4.89,11.0273
4.9,11.0295
4.91,11.0317
4.92,11.0339
4.93,11.0361
4.94,11.0383
4.95,11.0406
4.96,11.0428
4.97,11.045
4.98,11.0472
4.99,11.0494
5,11.0516
5.01,11.0538
5.02,11.056
5.03,11.0582
5.04,11.0604
5.05,11.0627
5.06,11.0649
5.07,11.0671
5.08,11.0693
5.09,11.0715
5.1,11.0737
5.11,11.0759
5.12,11.0782
5.13,11.0804
5.14,11.0826
5.15,11.0848
5.16,11.087
5.17,11.0892
5.18,11.0915
5.19,11.0937
5.2,11.0959
5.21,11.0981
5.22,11.1003
5.23,11.1025
5.24,11.1048
5.25,11.107
5.26,11.1092
5.27,11.1114
5.28,11.1137
5.29,11.1159
5.3,11.1181
5.31,11.1203
5.32,11.1225
5.33,11.1248
5.34,11.127
5.35,11.1292
5.36,11.1314
5.37,11.1337
5.38,11.1359
5.39,11.1381
5.4,11.1404
5.41,11.1426
5.42,11.1448
5.43,11.147
5.44,11.1493
5.45,11.1515
5.46,11.1537
5.47,11.156
5.48,11.1582
5.49,11.1604
5.5,11.1627
5.51,11.1649
5.52,11.1671
5.53,11.1694
5.54,11.1716
5.55,11.1738
5.56,11.1761
5.57,11.1783
5.58,11.1805
5.59,11.1828
5.6,11.185
5.61,11.1872
5.62,11.1895
5.63,11.1917
5.64,11.194
5.65,11.1962
5.66,11.1984
5.67,11.2007
5.68,11.2029
5.69,11.2052
5.7,11.2074
5.71,11.2096
5.72,11.2119
5.73,11.2141
5.74,11.2164
5.75,11.2186
5.76,11.2208
5.77,11.2231
5.78,11.2253
5.79,11.2276
5.8,11.2298
5.81,11.2321
5.82,11.2343
5.83,11.2366
5.84,11.2388
5.85,11.2411
5.86,11.2433
5.87,11.2456
5.88,11.2478
5.89,11.2501
5.9,11.2523
5.91,11.2546
5.92,11.2568
5.93,11.2591
5.94,11.2613
5.95,11.2636
5.96,11.2658
5.97,11.2681
5.98,11.2703
5.99,11.2726
6,11.2748
6.01,11.2771
6.02,11.2793
6.03,11.2816
6.04,11.2839
6.05,11.2861
6.06,11.2884
6.07,11.2906
6.08,11.2929
6.09,11.2951
6.1,11.2974
6.11,11.2997
6.12,11.3019
6.13,11.3042
6.14,11.3064
6.15,11.3087
6.16,11.311
6.17,11.3132
6.18,11.3155
6.19,11.3178
6.2,11.32
6.21,11.3223
6.22,11.3245
6.23,11.3268
6.24,11.3291
6.25,11.3313
6.26,11.3336
6.27,11.3359
6.28,11.3381
6.29,11.3404
6.3,11.3427
6.31,11.3449
6.32,11.3472
6.33,11.3495
6.34,11.3518
6.35,11.354
6.36,11.3563
6.37,11.3586
6.38,11.3608
6.39,11.3631
6.4,11.3654
6.41,11.3677
6.42,11.3699
6.43,11.3722
6.44,11.3745
6.45,11.3768
6.46,11.379
6.47,11.3813
6.48,11.3836
6.49,11.3859
6.5,11.3881
6.51,11.3904
6.52,11.3927
6.53,11.395
6.54,11.3972
6.55,11.3995
6.56,11.4018
6.57,11.4041
6.58,11.4064
6.59,11.4087
6.6,11.4109
6.61,11.4132
6.62,11.4155
6.63,11.4178
6.64,11.4201
6.65,11.4223
6.66,11.4246
6.67,11.4269
6.68,11.4292
6.69,11.4315
6.7,11.4338
6.71,11.4361
6.72,11.4383
6.73,11.4406
6.74,11.4429
6.75,11.4452
6.76,11.4475
6.77,11.4498
6.78,11.4521
6.79,11.4544
6.8,11.4567
6.81,11.459
6.82,11.4612
6.83,11.4635
6.84,11.4658
6.85,11.4681
6.86,11.4704
6.87,11.4727
6.88,11.475
6.89,11.4773
6.9,11.4796
6.91,11.4819
6.92,11.4842
6.93,11.4865
6.94,11.4888
6.95,11.4911
6.96,11.4934
6.97,11.4957
6.98,11.498
6.99,11.5003
7,11.5026
7.01,11.5049
7.02,11.5072
7.03,11.5095
7.04,11.5118
7.05,11.5141
7.06,11.5164
7.07,11.5187
7.08,11.521
7.09,11.5233
7.1,11.5256
7.11,11.5279
7.12,11.5302
7.13,11.5325
7.14,11.5348
7.15,11.5371
7.16,11.5394
7.17,11.5417
7.18,11.5441
7.19,11.5464
7.2,11.5487
7.21,11.551
7.22,11.5533
7.23,11.5556
7.24,11.5579
7.25,11.5602
7.26,11.5625
7.27,11.5649
7.28,11.5672
7.29,11.5695
7.3,11.5718
7.31,11.5741
7.32,11.5764
7.33,11.5787
7.34,11.5811
7.35,11.5834
7.36,11.5857
7.37,11.588
7.38,11.5903
7.39,11.5926
7.4,11.595
7.41,11.5973
7.42,11.5996
7.43,11.6019
7.44,11.6042
7.45,11.6066
7.46,11.6089
7.47,11.6112
7.48,11.6135
7.49,11.6158
7.5,11.6182
7.51,11.6205
7.52,11.6228
7.53,11.6251
7.54,11.6275
7.55,11.6298
7.56,11.6321
7.57,11.6344
7.58,11.6368
7.59,11.6391
7.6,11.6414
7.61,11.6438
7.62,11.6461
7.63,11.6484
7.64,11.6507
7.65,11.6531
7.66,11.6554
7.67,11.6577
7.68,11.6601
7.69,11.6624
7.7,11.6647
7.71,11.6671
7.72,11.6694
7.73,11.6717
7.74,11.6741
7.75,11.6764
7.76,11.6787
7.77,11.6811
7.78,11.6834
7.79,11.6857
7.8,11.6881
7.81,11.6904
7.82,11.6928
7.83,11.6951
7.84,11.6974
7.85,11.6998
7.86,11.7021
7.87,11.7045
7.88,11.7068
7.89,11.7091
7.9,11.7115
7.91,11.7138
7.92,11.7162
7.93,11.7185
7.94,11.7208
7.95,11.7232
7.96,11.7255
7.97,11.7279
7.98,11.7302
7.99,11.7326
8,11.7349
8.01,11.7373
8.02,11.7396
8.03,11.742
8.04,11.7443
8.05,11.7467
8.06,11.749
8.07,11.7514
8.08,11.7537
8.09,11.7561
8.1,11.7584
8.11,11.7608
8.12,11.7631
8.13,11.7655
8.14,11.7678
8.15,11.7702
8.16,11.7725
8.17,11.7749
8.18,11.7772
8.19,11.7796
8.2,11.7819
8.21,11.7843
8.22,11.7867
8.23,11.789
8.24,11.7914
8.25,11.7937
8.26,11.7961
8.27,11.7985
8.28,11.8008
8.29,11.8032
8.3,11.8055
8.31,11.8079
8.32,11.8103
8.33,11.8126
8.34,11.815
8.35,11.8173
8.36,11.8197
8.37,11.8221
8.38,11.8244
8.39,11.8268
8.4,11.8292
8.41,11.8315
8.42,11.8339
8.43,11.8363
8.44,11.8386
8.45,11.841
8.46,11.8434
8.47,11.8457
8.48,11.8481
8.49,11.8505
8.5,11.8528
8.51,11.8552
8.52,11.8576
8.53,11.86
8.54,11.8623
8.55,11.8647
8.56,11.8671
8.57,11.8695
8.58,11.8718
8.59,11.8742
8.6,11.8766
8.61,11.8789
8.62,11.8813
8.63,11.8837
8.64,11.8861
8.65,11.8885
8.66,11.8908
8.67,11.8932
8.68,11.8956
8.69,11.898
8.7,11.9003
8.71,11.9027
8.72,11.9051
8.73,11.9075
8.74,11.9099
8.75,11.9123
8.76,11.9146
8.77,11.917
8.78,11.9194
8.79,11.9218
8.8,11.9242
8.81,11.9266
8.82,11.9289
8.83,11.9313
8.84,11.9337
8.85,11.9361
8.86,11.9385
8.87,11.9409
8.88,11.9433
8.89,11.9457
8.9,11.948
8.91,11.9504
8.92,11.9528
8.93,11.9552
8.94,11.9576
8.95,11.96
8.96,11.9624
8.97,11.9648
8.98,11.9672
8.99,11.9696
9,11.972
9.01,11.9744
9.02,11.9767
9.03,11.9791
9.04,11.9815
9.05,11.9839
9.06,11.9863
9.07,11.9887
9.08,11.9911
9.09,11.9935
9.1,11.9959
9.11,11.9983
9.12,12.0007
9.13,12.0031
9.14,12.0055
9.15,12.0079
9.16,12.0103
9.17,12.0127
9.18,12.0151
9.19,12.0175
9.2,12.0199
9.21,12.0223
9.22,12.0247
9.23,12.0272
9.24,12.0296
9.25,12.032
9.26,12.0344
9.27,12.0368
9.28,12.0392
9.29,12.0416
9.3,12.044
9.31,12.0464
9.32,12.0488
9.33,12.0512
9.34,12.0536
9.35,12.056
9.36,12.0585
9.37,12.0609
9.38,12.0633
9.39,12.0657
9.4,12.0681
9.41,12.0705
9.42,12.0729
9.43,12.0754
9.44,12.0778
9.45,12.0802
9.46,12.0826
9.47,12.085
9.48,12.0874
9.49,12.0898
9.5,12.0923
9.51,12.0947
9.52,12.0971
9.53,12.0995
9.54,12.1019
9.55,12.1044
9.56,12.1068
9.57,12.1092
9.58,12.1116
9.59,12.114
9.6,12.1165
9.61,12.1189
9.62,12.1213
9.63,12.1237
9.64,12.1262
9.65,12.1286
9.66,12.131
9.67,12.1334
9.68,12.1359
9.69,12.1383
9.7,12.1407
9.71,12.1432
9.72,12.1456
9.73,12.148
9.74,12.1504
9.75,12.1529
9.76,12.1553
9.77,12.1577
9.78,12.1602
9.79,12.1626
9.8,12.165
9.81,12.1675
9.82,12.1699
9.83,12.1723
9.84,12.1748
9.85,12.1772
9.86,12.1796
9.87,12.1821
9.88,12.1845
9.89,12.1869
9.9,12.1894
9.91,12.1918
9.92,12.1943
9.93,12.1967
9.94,12.1991
9.95,12.2016
9.96,12.204
9.97,12.2065
9.98,12.2089
9.99,12.2113
10,12.2138
10.01,12.2162
10.02,12.2187
10.03,12.2211
10.04,12.2236
10.05,12.226
10.06,12.2284
10.07,12.2309
10.08,12.2333
10.09,12.2358
10.1,12.2382
10.11,12.2407
10.12,12.2431
10.13,12.2456
10.14,12.248
10.15,12.2505
10.16,12.2529
10.17,12.2554
10.18,12.2578
10.19,12.2603
10.2,12.2627
10.21,12.2652
10.22,12.2676
10.23,12.2701
10.24,12.2725
10.25,12.275
10.26,12.2775
10.27,12.2799
10.28,12.2824
10.29,12.2848
10.3,12.2873
10.31,12.2897
10.32,12.2922
10.33,12.2947
10.34,12.2971
10.35,12.2996
10.36,12.302
10.37,12.3045
10.38,12.307
10.39,12.3094
10.4,12.3119
10.41,12.3143
10.42,12.3168
10.43,12.3193
10.44,12.3217
10.45,12.3242
10.46,12.3267
10.47,12.3291
10.48,12.3316
10.49,12.3341
10.5,12.3365
10.51,12.339
10.52,12.3415
10.53,12.3439
10.54,12.3464
10.55,12.3489
10.56,12.3513
10.57,12.3538
10.58,12.3563
10.59,12.3587
10.6,12.3612
10.61,12.3637
10.62,12.3662
10.63,12.3686
10.64,12.3711
10.65,12.3736
10.66,12.3761
10.67,12.3785
10.68,12.381
10.69,12.3835
10.7,12.386
10.71,12.3884
10.72,12.3909
10.73,12.3934
10.74,12.3959
10.75,12.3984
10.76,12.4008
10.77,12.4033
10.78,12.4058
10.79,12.4083
10.8,12.4108
10.81,12.4132
10.82,12.4157
10.83,12.4182
10.84,12.4207
10.85,12.4232
10.86,12.4257
10.87,12.4281
10.88,12.4306
10.89,12.4331
10.9,12.4356
10.91,12.4381
10.92,12.4406
10.93,12.4431
10.94,12.4456
10.95,12.448
10.96,12.4505
10.97,12.453
10.98,12.4555
10.99,12.458
11,12.4605
11.01,12.463
11.02,12.4655
11.03,12.468
11.04,12.4705
11.05,12.473
11.06,12.4755
11.07,12.4779
11.08,12.4804
11.09,12.4829
11.1,12.4854
11.11,12.4879
11.12,12.4904
11.13,12.4929
11.14,12.4954
11.15,12.4979
11.16,12.5004
11.17,12.5029
11.18,12.5054
11.19,12.5079
11.2,12.5104
11.21,12.5129
11.22,12.5154
11.23,12.5179
11.24,12.5204
11.25,12.5229
11.26,12.5255
11.27,12.528
11.28,12.5305
11.29,12.533
11.3,12.5355
11.31,12.538
11.32,12.5405
11.33,12.543
11.34,12.5455
11.35,12.548
11.36,12.5505
11.37,12.553
11.38,12.5555
11.39,12.5581
11.4,12.5606
11.41,12.5631
11.42,12.5656
11.43,12.5681
11.44,12.5706
11.45,12.5731
11.46,12.5756
11.47,12.5782
11.48,12.5807
11.49,12.5832
11.5,12.5857
11.51,12.5882
11.52,12.5907
11.53,12.5933
11.54,12.5958
11.55,12.5983
11.56,12.6008
11.57,12.6033
11.58,12.6059
11.59,12.6084
11.6,12.6109
11.61,12.6134
11.62,12.6159
11.63,12.6185
11.64,12.621
11.65,12.6235
11.66,12.626
11.67,12.6286
11.68,12.6311
11.69,12.6336
11.7,12.6361
11.71,12.6387
11.72,12.6412
11.73,12.6437
11.74,12.6463
11.75,12.6488
11.76,12.6513
11.77,12.6539
11.78,12.6564
11.79,12.6589
11.8,12.6614
11.81,12.664
11.82,12.6665
11.83,12.669
11.84,12.6716
11.85,12.6741
11.86,12.6766
11.87,12.6792
11.88,12.6817
11.89,12.6843
11.9,12.6868
11.91,12.6893
11.92,12.6919
11.93,12.6944
11.94,12.6969
11.95,12.6995
11.96,12.702
11.97,12.7046
11.98,12.7071
11.99,12.7096
12,12.7122
12.01,12.7147
12.02,12.7173
12.03,12.7198
12.04,12.7224
12.05,12.7249
12.06,12.7274
12.07,12.73
12.08,12.7325
12.09,12.7351
12.1,12.7376
12.11,12.7402
12.12,12.7427
12.13,12.7453
12.14,12.7478
12.15,12.7504
12.16,12.7529
12.17,12.7555
12.18,12.758
12.19,12.7606
12.2,12.7631
12.21,12.7657
12.22,12.7682
12.23,12.7708
12.24,12.7733
12.25,12.7759
12.26,12.7785
12.27,12.781
12.28,12.7836
12.29,12.7861
12.3,12.7887
12.31,12.7912
12.32,12.7938
12.33,12.7964
12.34,12.7989
12.35,12.8015
12.36,12.804
12.37,12.8066
12.38,12.8092
12.39,12.8117
12.4,12.8143
12.41,12.8168
12.42,12.8194
12.43,12.822
12.44,12.8245
12.45,12.8271
12.46,12.8297
12.47,12.8322
12.48,12.8348
12.49,12.8374
12.5,12.8399
12.51,12.8425
12.52,12.8451
12.53,12.8476
12.54,12.8502
12.55,12.8528
12.56,12.8553
12.57,12.8579
12.58,12.8605
12.59,12.8631
12.6,12.8656
12.61,12.8682
12.62,12.8708
12.63,12.8734
12.64,12.8759
12.65,12.8785
12.66,12.8811
12.67,12.8837
12.68,12.8862
12.69,12.8888
12.7,12.8914
12.71,12.894
12.72,12.8965
12.73,12.8991
12.74,12.9017
12.75,12.9043
12.76,12.9069
12.77,12.9094
12.78,12.912
12.79,12.9146
12.8,12.9172
12.81,12.9198
12.82,12.9224
12.83,12.9249
12.84,12.9275
12.85,12.9301
12.86,12.9327
12.87,12.9353
12.88,12.9379
12.89,12.9405
12.9,12.9431
12.91,12.9456
12.92,12.9482
12.93,12.9508
12.94,12.9534
12.95,12.956
12.96,12.9586
12.97,12.9612
12.98,12.9638
12.99,12.9664
13,12.969
13.01,12.9716
13.02,12.9742
13.03,12.9767
13.04,12.9793
13.05,12.9819
13.06,12.9845
13.07,12.9871
13.08,12.9897
13.09,12.9923
13.1,12.9949
13.11,12.9975
13.12,13.0001
13.13,13.0027
13.14,13.0053
13.15,13.0079
13.16,13.0105
13.17,13.0131
13.18,13.0157
13.19,13.0183
13.2,13.0209
13.21,13.0235
13.22,13.0261
13.23,13.0288
13.24,13.0314
13.25,13.034
13.26,13.0366
13.27,13.0392
13.28,13.0418
13.29,13.0444
13.3,13.047
13.31,13.0496
13.32,13.0522
13.33,13.0548
13.34,13.0574
13.35,13.0601
13.36,13.0627
13.37,13.0653
13.38,13.0679
13.39,13.0705
13.4,13.0731
13.41,13.0757
13.42,13.0784
13.43,13.081
13.44,13.0836
13.45,13.0862
13.46,13.0888
13.47,13.0914
13.48,13.0941
13.49,13.0967
13.5,13.0993
13.51,13.1019
13.52,13.1045
13.53,13.1072
13.54,13.1098
13.55,13.1124
13.56,13.115
13.57,13.1176
13.58,13.1203
13.59,13.1229
13.6,13.1255
13.61,13.1281
13.62,13.1308
13.63,13.1334
13.64,13.136
13.65,13.1386
13.66,13.1413
13.67,13.1439
13.68,13.1465
13.69,13.1492
13.7,13.1518
13.71,13.1544
13.72,13.157
13.73,13.1597
13.74,13.1623
13.75,13.1649
13.76,13.1676
13.77,13.1702
13.78,13.1728
13.79,13.1755
13.8,13.1781
13.81,13.1808
13.82,13.1834
13.83,13.186
13.84,13.1887
13.85,13.1913
13.86,13.1939
13.87,13.1966
13.88,13.1992
13.89,13.2019
13.9,13.2045
13.91,13.2071
13.92,13.2098
13.93,13.2124
13.94,13.2151
13.95,13.2177
13.96,13.2203
13.97,13.223
13.98,13.2256
13.99,13.2283
14,13.2309
14.01,13.2336
14.02,13.2362
14.03,13.2389
14.04,13.2415
14.05,13.2442
14.06,13.2468
14.07,13.2495
14.08,13.2521
14.09,13.2548
14.1,13.2574
14.11,13.2601
14.12,13.2627
14.13,13.2654
14.14,13.268
14.15,13.2707
14.16,13.2733
14.17,13.276
14.18,13.2786
14.19,13.2813
14.2,13.284
14.21,13.2866
14.22,13.2893
14.23,13.2919
14.24,13.2946
14.25,13.2972
14.26,13.2999
14.27,13.3026
14.28,13.3052
14.29,13.3079
14.3,13.3105
14.31,13.3132
14.32,13.3159
14.33,13.3185
14.34,13.3212
14.35,13.3239
14.36,13.3265
14.37,13.3292
14.38,13.3319
14.39,13.3345
14.4,13.3372
14.41,13.3399
14.42,13.3425
14.43,13.3452
14.44,13.3479
14.45,13.3505
14.46,13.3532
14.47,13.3559
14.48,13.3585
14.49,13.3612
14.5,13.3639
14.51,13.3666
14.52,13.3692
14.53,13.3719
14.54,13.3746
14.55,13.3773
14.56,13.3799
14.57,13.3826
14.58,13.3853
14.59,13.388
14.6,13.3906
14.61,13.3933
14.62,13.396
14.63,13.3987
14.64,13.4014
14.65,13.404
14.66,13.4067
14.67,13.4094
14.68,13.4121
14.69,13.4148
14.7,13.4174
14.71,13.4201
14.72,13.4228
14.73,13.4255
14.74,13.4282
14.75,13.4309
14.76,13.4336
14.77,13.4362
14.78,13.4389
14.79,13.4416
14.8,13.4443
14.81,13.447
14.82,13.4497
14.83,13.4524
14.84,13.4551
14.85,13.4578
14.86,13.4604
14.87,13.4631
14.88,13.4658
14.89,13.4685
14.9,13.4712
14.91,13.4739
14.92,13.4766
14.93,13.4793
14.94,13.482
14.95,13.4847
14.96,13.4874
14.97,13.4901
14.98,13.4928
14.99,13.4955
15,13.4982
15.01,13.5009
15.02,13.5036
15.03,13.5063
15.04,13.509
15.05,13.5117
15.06,13.5144
15.07,13.5171
15.08,13.5198
15.09,13.5225
15.1,13.5252
15.11,13.5279
15.12,13.5306
15.13,13.5333
15.14,13.536
15.15,13.5387
15.16,13.5414
15.17,13.5442
15.18,13.5469
15.19,13.5496
15.2,13.5523
15.21,13.555
15.22,13.5577
15.23,13.5604
15.24,13.5631
15.25,13.5658
15.26,13.5685
15.27,13.5713
15.28,13.574
15.29,13.5767
15.3,13.5794
15.31,13.5821
15.32,13.5848
15.33,13.5876
15.34,13.5903
15.35,13.593
15.36,13.5957
15.37,13.5984
15.38,13.6011
15.39,13.6039
15.4,13.6066
15.41,13.6093
15.42,13.612
15.43,13.6148
15.44,13.6175
15.45,13.6202
15.46,13.6229
15.47,13.6257
15.48,13.6284
15.49,13.6311
15.5,13.6338
15.51,13.6366
15.52,13.6393
15.53,13.642
15.54,13.6447
15.55,13.6475
15.56,13.6502
15.57,13.6529
15.58,13.6557
15.59,13.6584
15.6,13.6611
15.61,13.6639
15.62,13.6666
15.63,13.6693
15.64,13.6721
15.65,13.6748
15.66,13.6775
15.67,13.6803
15.68,13.683
15.69,13.6857
15.7,13.6885
15.71,13.6912
15.72,13.6939
15.73,13.6967
15.74,13.6994
15.75,13.7022
15.76,13.7049
15.77,13.7076
15.78,13.7104
15.79,13.7131
15.8,13.7159
15.81,13.7186
15.82,13.7214
15.83,13.7241
15.84,13.7268
15.85,13.7296
15.86,13.7323
15.87,13.7351
15.88,13.7378
15.89,13.7406
15.9,13.7433
15.91,13.7461
15.92,13.7488
15.93,13.7516
15.94,13.7543
15.95,13.7571
15.96,13.7598
15.97,13.7626
15.98,13.7653
15.99,13.7681
16,13.7708
16.01,13.7736
16.02,13.7763
16.03,13.7791
16.04,13.7819
16.05,13.7846
16.06,13.7874
16.07,13.7901
16.08,13.7929
16.09,13.7956
16.1,13.7984
16.11,13.8012
16.12,13.8039
16.13,13.8067
16.14,13.8094
16.15,13.8122
16.16,13.815
16.17,13.8177
16.18,13.8205
16.19,13.8233
16.2,13.826
16.21,13.8288
16.22,13.8316
16.23,13.8343
16.24,13.8371
16.25,13.8399
16.26,13.8426
16.27,13.8454
16.28,13.8482
16.29,13.8509
16.3,13.8537
16.31,13.8565
16.32,13.8592
16.33,13.862
16.34,13.8648
16.35,13.8676
16.36,13.8703
16.37,13.8731
16.38,13.8759
16.39,13.8787
16.4,13.8814
16.41,13.8842
16.42,13.887
16.43,13.8898
16.44,13.8925
16.45,13.8953
16.46,13.8981
16.47,13.9009
16.48,13.9037
16.49,13.9064
16.5,13.9092
16.51,13.912
16.52,13.9148
16.53,13.9176
16.54,13.9204
16.55,13.9231
16.56,13.9259
16.57,13.9287
16.58,13.9315
16.59,13.9343
16.6,13.9371
16.61,13.9399
16.62,13.9426
16.63,13.9454
16.64,13.9482
16.65,13.951
16.66,13.9538
16.67,13.9566
16.68,13.9594
16.69,13.9622
16.7,13.965
16.71,13.9678
16.72,13.9706
16.73,13.9733
16.74,13.9761
16.75,13.9789
16.76,13.9817
16.77,13.9845
16.78,13.9873
16.79,13.9901
16.8,13.9929
16.81,13.9957
16.82,13.9985
16.83,14.0013
16.84,14.0041
16.85,14.0069
16.86,14.0097
16.87,14.0125
16.88,14.0153
16.89,14.0181
16.9,14.0209
16.91,14.0237
16.92,14.0265
16.93,14.0293
16.94,14.0322
16.95,14.035
16.96,14.0378
16.97,14.0406
16.98,14.0434
16.99,14.0462
17,14.049
17.01,14.0518
17.02,14.0546
17.03,14.0574
17.04,14.0602
17.05,14.0631
17.06,14.0659
17.07,14.0687
17.08,14.0715
17.09,14.0743
17.1,14.0771
17.11,14.0799
17.12,14.0828
17.13,14.0856
17.14,14.0884
17.15,14.0912
17.16,14.094
17.17,14.0968
17.18,14.0997
17.19,14.1025
17.2,14.1053
17.21,14.1081
17.22,14.1109
17.23,14.1138
17.24,14.1166
17.25,14.1194
17.26,14.1222
17.27,14.1251
17.28,14.1279
17.29,14.1307
17.3,14.1335
17.31,14.1364
17.32,14.1392
17.33,14.142
17.34,14.1448
17.35,14.1477
17.36,14.1505
17.37,14.1533
17.38,14.1562
17.39,14.159
17.4,14.1618
17.41,14.1647
17.42,14.1675
17.43,14.1703
17.44,14.1732
17.45,14.176
17.46,14.1788
17.47,14.1817
17.48,14.1845
17.49,14.1873
17.5,14.1902
17.51,14.193
17.52,14.1959
17.53,14.1987
17.54,14.2015
17.55,14.2044
17.56,14.2072
17.57,14.2101
17.58,14.2129
17.59,14.2157
17.6,14.2186
17.61,14.2214
17.62,14.2243
17.63,14.2271
17.64,14.23
17.65,14.2328
17.66,14.2357
17.67,14.2385
17.68,14.2414
17.69,14.2442
17.7,14.247
17.71,14.2499
17.72,14.2527
17.73,14.2556
17.74,14.2584
17.75,14.2613
17.76,14.2642
17.77,14.267
17.78,14.2699
17.79,14.2727
17.8,14.2756
17.81,14.2784
17.82,14.2813
17.83,14.2841
17.84,14.287
17.85,14.2898
17.86,14.2927
17.87,14.2956
17.88,14.2984
17.89,14.3013
17.9,14.3041
17.91,14.307
17.92,14.3099
17.93,14.3127
17.94,14.3156
17.95,14.3185
17.96,14.3213
17.97,14.3242
17.98,14.327
17.99,14.3299
18,14.3328
18.01,14.3356
18.02,14.3385
18.03,14.3414
18.04,14.3442
18.05,14.3471
18.06,14.35
18.07,14.3529
18.08,14.3557
18.09,14.3586
18.1,14.3615
18.11,14.3643
18.12,14.3672
18.13,14.3701
18.14,14.373
18.15,14.3758
18.16,14.3787
18.17,14.3816
18.18,14.3845
18.19,14.3873
18.2,14.3902
18.21,14.3931
18.22,14.396
18.23,14.3989
18.24,14.4017
18.25,14.4046
18.26,14.4075
18.27,14.4104
18.28,14.4133
18.29,14.4161
18.3,14.419
18.31,14.4219
18.32,14.4248
18.33,14.4277
18.34,14.4306
18.35,14.4334
18.36,14.4363
18.37,14.4392
18.38,14.4421
18.39,14.445
18.4,14.4479
18.41,14.4508
18.42,14.4537
18.43,14.4566
18.44,14.4595
18.45,14.4623
18.46,14.4652
18.47,14.4681
18.48,14.471
18.49,14.4739
18.5,14.4768
18.51,14.4797
18.52,14.4826
18.53,14.4855
18.54,14.4884
18.55,14.4913
18.56,14.4942
18.57,14.4971
18.58,14.5
18.59,14.5029
18.6,14.5058
18.61,14.5087
18.62,14.5116
18.63,14.5145
18.64,14.5174
18.65,14.5203
18.66,14.5232
18.67,14.5261
18.68,14.529
18.69,14.5319
18.7,14.5348
18.71,14.5377
18.72,14.5406
18.73,14.5436
18.74,14.5465
18.75,14.5494
18.76,14.5523
18.77,14.5552
18.78,14.5581
18.79,14.561
18.8,14.5639
18.81,14.5668
18.82,14.5697
18.83,14.5727
18.84,14.5756
18.85,14.5785
18.86,14.5814
18.87,14.5843
18.88,14.5872
18.89,14.5902
18.9,14.5931
18.91,14.596
18.92,14.5989
18.93,14.6018
18.94,14.6048
18.95,14.6077
18.96,14.6106
18.97,14.6135
18.98,14.6164
18.99,14.6194
19,14.6223
19.01,14.6252
19.02,14.6281
19.03,14.6311
19.04,14.634
19.05,14.6369
19.06,14.6398
19.07,14.6428
19.08,14.6457
19.09,14.6486
19.1,14.6516
19.11,14.6545
19.12,14.6574
19.13,14.6604
19.14,14.6633
19.15,14.6662
19.16,14.6692
19.17,14.6721
19.18,14.675
19.19,14.678
19.2,14.6809
19.21,14.6838
19.22,14.6868
19.23,14.6897
19.24,14.6926
19.25,14.6956
19.26,14.6985
19.27,14.7015
19.28,14.7044
19.29,14.7073
19.3,14.7103
19.31,14.7132
19.32,14.7162
19.33,14.7191
19.34,14.7221
19.35,14.725
19.36,14.7279
19.37,14.7309
19.38,14.7338
19.39,14.7368
19.4,14.7397
19.41,14.7427
19.42,14.7456
19.43,14.7486
19.44,14.7515
19.45,14.7545
19.46,14.7574
19.47,14.7604
19.48,14.7633
19.49,14.7663
19.5,14.7692
19.51,14.7722
19.52,14.7751
19.53,14.7781
19.54,14.7811
19.55,14.784
19.56,14.787
19.57,14.7899
19.58,14.7929
19.59,14.7958
19.6,14.7988
19.61,14.8018
19.62,14.8047
19.63,14.8077
19.64,14.8106
19.65,14.8136
19.66,14.8166
19.67,14.8195
19.68,14.8225
19.69,14.8255
19.7,14.8284
19.71,14.8314
19.72,14.8344
19.73,14.8373
19.74,14.8403
19.75,14.8433
19.76,14.8462
19.77,14.8492
19.78,14.8522
19.79,14.8551
19.8,14.8581
19.81,14.8611
19.82,14.864
19.83,14.867
19.84,14.87
19.85,14.873
19.86,14.8759
19.87,14.8789
19.88,14.8819
19.89,14.8849
19.9,14.8878
19.91,14.8908
19.92,14.8938
19.93,14.8968
19.94,14.8998
19.95,14.9027
19.96,14.9057
19.97,14.9087
19.98,14.9117
19.99,14.9147
20,14.9177
20.01,14.9206
20.02,14.9236
20.03,14.9266
20.04,14.9296
20.05,14.9326
20.06,14.9356
20.07,14.9385
20.08,14.9415
20.09,14.9445
20.1,14.9475
20.11,14.9505
20.12,14.9535
20.13,14.9565
20.14,14.9595
20.15,14.9625
20.16,14.9655
20.17,14.9685
20.18,14.9714
20.19,14.9744
20.2,14.9774
20.21,14.9804
20.22,14.9834
20.23,14.9864
20.24,14.9894
20.25,14.9924
20.26,14.9954
20.27,14.9984
20.28,15.0014
20.29,15.0044
20.3,15.0074
20.31,15.0104
20.32,15.0134
20.33,15.0164
20.34,15.0194
20.35,15.0224
20.36,15.0254
20.37,15.0284
20.38,15.0314
20.39,15.0345
20.4,15.0375
20.41,15.0405
20.42,15.0435
20.43,15.0465
20.44,15.0495
20.45,15.0525
20.46,15.0555
20.47,15.0585
20.48,15.0615
20.49,15.0645
20.5,15.0676
20.51,15.0706
20.52,15.0736
20.53,15.0766
20.54,15.0796
20.55,15.0826
20.56,15.0857
20.57,15.0887
20.58,15.0917
20.59,15.0947
20.6,15.0977
20.61,15.1007
20.62,15.1038
20.63,15.1068
20.64,15.1098
20.65,15.1128
20.66,15.1158
20.67,15.1189
20.68,15.1219
20.69,15.1249
20.7,15.1279
20.71,15.131
20.72,15.134
20.73,15.137
20.74,15.1401
20.75,15.1431
20.76,15.1461
20.77,15.1491
20.78,15.1522
20.79,15.1552
20.8,15.1582
20.81,15.1613
20.82,15.1643
20.83,15.1673
20.84,15.1704
20.85,15.1734
20.86,15.1764
20.87,15.1795
20.88,15.1825
20.89,15.1855
20.9,15.1886
20.91,15.1916
20.92,15.1946
20.93,15.1977
20.94,15.2007
20.95,15.2038
20.96,15.2068
20.97,15.2098
20.98,15.2129
20.99,15.2159
21,15.219
21.01,15.222
21.02,15.2251
21.03,15.2281
21.04,15.2312
21.05,15.2342
21.06,15.2372
21.07,15.2403
21.08,15.2433
21.09,15.2464
21.1,15.2494
21.11,15.2525
21.12,15.2555
21.13,15.2586
21.14,15.2616
21.15,15.2647
21.16,15.2678
21.17,15.2708
21.18,15.2739
21.19,15.2769
21.2,15.28
21.21,15.283
21.22,15.2861
21.23,15.2891
21.24,15.2922
21.25,15.2953
21.26,15.2983
21.27,15.3014
21.28,15.3044
21.29,15.3075
21.3,15.3106
21.31,15.3136
21.32,15.3167
21.33,15.3197
21.34,15.3228
21.35,15.3259
21.36,15.3289
21.37,15.332
21.38,15.3351
21.39,15.3381
21.4,15.3412
21.41,15.3443
21.42,15.3473
21.43,15.3504
21.44,15.3535
21.45,15.3566
21.46,15.3596
21.47,15.3627
21.48,15.3658
21.49,15.3688
21.5,15.3719
21.51,15.375
21.52,15.3781
21.53,15.3811
21.54,15.3842
21.55,15.3873
21.56,15.3904
21.57,15.3934
21.58,15.3965
21.59,15.3996
21.6,15.4027
21.61,15.4058
21.62,15.4088
21.63,15.4119
21.64,15.415
21.65,15.4181
21.66,15.4212
21.67,15.4243
21.68,15.4273
21.69,15.4304
21.7,15.4335
21.71,15.4366
21.72,15.4397
21.73,15.4428
21.74,15.4459
21.75,15.449
21.76,15.452
21.77,15.4551
21.78,15.4582
21.79,15.4613
21.8,15.4644
21.81,15.4675
21.82,15.4706
21.83,15.4737
21.84,15.4768
21.85,15.4799
21.86,15.483
21.87,15.4861
21.88,15.4892
21.89,15.4923
21.9,15.4954
21.91,15.4985
21.92,15.5016
21.93,15.5047
21.94,15.5078
21.95,15.5109
21.96,15.514
21.97,15.5171
21.98,15.5202
21.99,15.5233
22,15.5264
22.01,15.5295
22.02,15.5326
22.03,15.5357
22.04,15.5388
22.05,15.5419
22.06,15.545
22.07,15.5481
22.08,15.5512
22.09,15.5544
22.1,15.5575
22.11,15.5606
22.12,15.5637
22.13,15.5668
22.14,15.5699
22.15,15.573
22.16,15.5761
22.17,15.5793
22.18,15.5824
22.19,15.5855
22.2,15.5886
22.21,15.5917
22.22,15.5948
22.23,15.598
22.24,15.6011
22.25,15.6042
22.26,15.6073
22.27,15.6104
22.28,15.6136
22.29,15.6167
22.3,15.6198
22.31,15.6229
22.32,15.6261
22.33,15.6292
22.34,15.6323
22.35,15.6354
22.36,15.6386
22.37,15.6417
22.38,15.6448
22.39,15.648
22.4,15.6511
22.41,15.6542
22.42,15.6573
22.43,15.6605
22.44,15.6636
22.45,15.6667
22.46,15.6699
22.47,15.673
22.48,15.6761
22.49,15.6793
22.5,15.6824
22.51,15.6856
22.52,15.6887
22.53,15.6918
22.54,15.695
22.55,15.6981
22.56,15.7012
22.57,15.7044
22.58,15.7075
22.59,15.7107
22.6,15.7138
22.61,15.717
22.62,15.7201
22.63,15.7232
22.64,15.7264
22.65,15.7295
22.66,15.7327
22.67,15.7358
22.68,15.739
22.69,15.7421
22.7,15.7453
22.71,15.7484
22.72,15.7516
22.73,15.7547
22.74,15.7579
22.75,15.761
22.76,15.7642
22.77,15.7673
22.78,15.7705
22.79,15.7736
22.8,15.7768
22.81,15.7799
22.82,15.7831
22.83,15.7863
22.84,15.7894
22.85,15.7926
22.86,15.7957
22.87,15.7989
22.88,15.802
22.89,15.8052
22.9,15.8084
22.91,15.8115
22.92,15.8147
22.93,15.8179
22.94,15.821
22.95,15.8242
22.96,15.8273
22.97,15.8305
22.98,15.8337
22.99,15.8368
23,15.84
23.01,15.8432
23.02,15.8463
23.03,15.8495
23.04,15.8527
23.05,15.8559
23.06,15.859
23.07,15.8622
23.08,15.8654
23.09,15.8685
23.1,15.8717
23.11,15.8749
23.12,15.8781
23.13,15.8812
23.14,15.8844
23.15,15.8876
23.16,15.8908
23.17,15.894
23.18,15.8971
23.19,15.9003
23.2,15.9035
23.21,15.9067
23.22,15.9099
23.23,15.913
23.24,15.9162
23.25,15.9194
23.26,15.9226
23.27,15.9258
23.28,15.929
23.29,15.9321
23.3,15.9353
23.31,15.9385
23.32,15.9417
23.33,15.9449
23.34,15.9481
23.35,15.9513
23.36,15.9545
23.37,15.9577
23.38,15.9608
23.39,15.964
23.4,15.9672
23.41,15.9704
23.42,15.9736
23.43,15.9768
23.44,15.98
23.45,15.9832
23.46,15.9864
23.47,15.9896
23.48,15.9928
23.49,15.996
23.5,15.9992
23.51,16.0024
23.52,16.0056
23.53,16.0088
23.54,16.012
23.55,16.0152
23.56,16.0184
23.57,16.0216
23.58,16.0248
23.59,16.028
23.6,16.0312
23.61,16.0344
23.62,16.0376
23.63,16.0408
23.64,16.044
23.65,16.0473
23.66,16.0505
23.67,16.0537
23.68,16.0569
23.69,16.0601
23.7,16.0633
23.71,16.0665
23.72,16.0697
23.73,16.0729
23.74,16.0762
23.75,16.0794
23.76,16.0826
23.77,16.0858
23.78,16.089
23.79,16.0922
23.8,16.0955
23.81,16.0987
23.82,16.1019
23.83,16.1051
23.84,16.1083
23.85,16.1116
23.86,16.1148
23.87,16.118
23.88,16.1212
23.89,16.1245
23.9,16.1277
23.91,16.1309
23.92,16.1341
23.93,16.1374
23.94,16.1406
23.95,16.1438
23.96,16.147
23.97,16.1503
23.98,16.1535
23.99,16.1567
24,16.16
24.01,16.1632
24.02,16.1664
24.03,16.1697
24.04,16.1729
24.05,16.1761
24.06,16.1794
24.07,16.1826
24.08,16.1858
24.09,16.1891
24.1,16.1923
24.11,16.1956
24.12,16.1988
24.13,16.202
24.14,16.2053
24.15,16.2085
24.16,16.2118
24.17,16.215
24.18,16.2182
24.19,16.2215
24.2,16.2247
24.21,16.228
24.22,16.2312
24.23,16.2345
24.24,16.2377
24.25,16.241
24.26,16.2442
24.27,16.2475
24.28,16.2507
24.29,16.254
24.3,16.2572
24.31,16.2605
24.32,16.2637
24.33,16.267
24.34,16.2702
24.35,16.2735
24.36,16.2767
24.37,16.28
24.38,16.2832
24.39,16.2865
24.4,16.2898
24.41,16.293
24.42,16.2963
24.43,16.2995
24.44,16.3028
24.45,16.306
24.46,16.3093
24.47,16.3126
24.48,16.3158
24.49,16.3191
24.5,16.3224
24.51,16.3256
24.52,16.3289
24.53,16.3322
24.54,16.3354
24.55,16.3387
24.56,16.342
24.57,16.3452
24.58,16.3485
24.59,16.3518
24.6,16.355
24.61,16.3583
24.62,16.3616
24.63,16.3649
24.64,16.3681
24.65,16.3714
24.66,16.3747
24.67,16.3779
24.68,16.3812
24.69,16.3845
24.7,16.3878
24.71,16.3911
24.72,16.3943
24.73,16.3976
24.74,16.4009
24.75,16.4042
24.76,16.4075
24.77,16.4107
24.78,16.414
24.79,16.4173
24.8,16.4206
24.81,16.4239
24.82,16.4272
24.83,16.4304
24.84,16.4337
24.85,16.437
24.86,16.4403
24.87,16.4436
24.88,16.4469
24.89,16.4502
24.9,16.4535
24.91,16.4567
24.92,16.46
24.93,16.4633
24.94,16.4666
24.95,16.4699
24.96,16.4732
24.97,16.4765
24.98,16.4798
24.99,16.4831
25,16.4864
25.01,16.4897
25.02,16.493
25.03,16.4963
25.04,16.4996
25.05,16.5029
25.06,16.5062
25.07,16.5095
25.08,16.5128
25.09,16.5161
25.1,16.5194
25.11,16.5227
25.12,16.526
25.13,16.5293
25.14,16.5326
25.15,16.5359
25.16,16.5392
25.17,16.5425
25.18,16.5458
25.19,16.5491
25.2,16.5525
25.21,16.5558
25.22,16.5591
25.23,16.5624
25.24,16.5657
25.25,16.569
25.26,16.5723
25.27,16.5756
25.28,16.579
25.29,16.5823
25.3,16.5856
25.31,16.5889
25.32,16.5922
25.33,16.5955
25.34,16.5989
25.35,16.6022
25.36,16.6055
25.37,16.6088
25.38,16.6121
25.39,16.6155
25.4,16.6188
25.41,16.6221
25.42,16.6254
25.43,16.6288
25.44,16.6321
25.45,16.6354
25.46,16.6387
25.47,16.6421
25.48,16.6454
25.49,16.6487
25.5,16.6521
25.51,16.6554
25.52,16.6587
25.53,16.6621
25.54,16.6654
25.55,16.6687
25.56,16.6721
25.57,16.6754
25.58,16.6787
25.59,16.6821
25.6,16.6854
25.61,16.6887
25.62,16.6921
25.63,16.6954
25.64,16.6987
25.65,16.7021
25.66,16.7054
25.67,16.7088
25.68,16.7121
25.69,16.7155
25.7,16.7188
25.71,16.7221
25.72,16.7255
25.73,16.7288
25.74,16.7322
25.75,16.7355
25.76,16.7389
25.77,16.7422
25.78,16.7456
25.79,16.7489
25.8,16.7523
25.81,16.7556
25.82,16.759
25.83,16.7623
25.84,16.7657
25.85,16.769
25.86,16.7724
25.87,16.7757
25.88,16.7791
25.89,16.7824
25.9,16.7858
25.91,16.7892
25.92,16.7925
25.93,16.7959
25.94,16.7992
25.95,16.8026
25.96,16.806
25.97,16.8093
25.98,16.8127
25.99,16.816
26,16.8194
26.01,16.8228
26.02,16.8261
26.03,16.8295
26.04,16.8329
26.05,16.8362
26.06,16.8396
26.07,16.843
26.08,16.8463
26.09,16.8497
26.1,16.8531
26.11,16.8564
26.12,16.8598
26.13,16.8632
26.14,16.8666
26.15,16.8699
26.16,16.8733
26.17,16.8767
26.18,16.8801
26.19,16.8834
26.2,16.8868
26.21,16.8902
26.22,16.8936
26.23,16.8969
26.24,16.9003
26.25,16.9037
26.26,16.9071
26.27,16.9105
26.28,16.9138
26.29,16.9172
26.3,16.9206
26.31,16.924
26.32,16.9274
26.33,16.9308
26.34,16.9342
26.35,16.9375
26.36,16.9409
26.37,16.9443
26.38,16.9477
26.39,16.9511
26.4,16.9545
26.41,16.9579
26.42,16.9613
26.43,16.9647
26.44,16.9681
26.45,16.9714
26.46,16.9748
26.47,16.9782
26.48,16.9816
26.49,16.985
26.5,16.9884
26.51,16.9918
26.52,16.9952
26.53,16.9986
26.54,17.002
26.55,17.0054
26.56,17.0088
26.57,17.0122
26.58,17.0156
26.59,17.019
26.6,17.0224
26.61,17.0258
26.62,17.0292
26.63,17.0326
26.64,17.0361
26.65,17.0395
26.66,17.0429
26.67,17.0463
26.68,17.0497
26.69,17.0531
26.7,17.0565
26.71,17.0599
26.72,17.0633
26.73,17.0667
26.74,17.0702
26.75,17.0736
26.76,17.077
26.77,17.0804
26.78,17.0838
26.79,17.0872
26.8,17.0906
26.81,17.0941
26.82,17.0975
26.83,17.1009
26.84,17.1043
26.85,17.1077
26.86,17.1112
26.87,17.1146
26.88,17.118
26.89,17.1214
26.9,17.1249
26.91,17.1283
26.92,17.1317
26.93,17.1351
26.94,17.1386
26.95,17.142
26.96,17.1454
26.97,17.1489
26.98,17.1523
26.99,17.1557
27,17.1591
27.01,17.1626
27.02,17.166
27.03,17.1694
27.04,17.1729
27.05,17.1763
27.06,17.1797
27.07,17.1832
27.08,17.1866
27.09,17.1901
27.1,17.1935
27.11,17.1969
27.12,17.2004
27.13,17.2038
27.14,17.2073
27.15,17.2107
27.16,17.2141
27.17,17.2176
27.18,17.221
27.19,17.2245
27.2,17.2279
27.21,17.2314
27.22,17.2348
27.23,17.2382
27.24,17.2417
27.25,17.2451
27.26,17.2486
27.27,17.252
27.28,17.2555
27.29,17.2589
27.3,17.2624
27.31,17.2658
27.32,17.2693
27.33,17.2728
27.34,17.2762
27.35,17.2797
27.36,17.2831
27.37,17.2866
27.38,17.29
27.39,17.2935
27.4,17.297
27.41,17.3004
27.42,17.3039
27.43,17.3073
27.44,17.3108
27.45,17.3143
27.46,17.3177
27.47,17.3212
27.48,17.3246
27.49,17.3281
27.5,17.3316
27.51,17.335
27.52,17.3385
27.53,17.342
27.54,17.3454
27.55,17.3489
27.56,17.3524
27.57,17.3559
27.58,17.3593
27.59,17.3628
27.6,17.3663
27.61,17.3697
27.62,17.3732
27.63,17.3767
27.64,17.3802
27.65,17.3836
27.66,17.3871
27.67,17.3906
27.68,17.3941
27.69,17.3976
27.7,17.401
27.71,17.4045
27.72,17.408
27.73,17.4115
27.74,17.415
27.75,17.4184
27.76,17.4219
27.77,17.4254
27.78,17.4289
27.79,17.4324
27.8,17.4359
27.81,17.4394
27.82,17.4428
27.83,17.4463
27.84,17.4498
27.85,17.4533
27.86,17.4568
27.87,17.4603
27.88,17.4638
27.89,17.4673
27.9,17.4708
27.91,17.4743
27.92,17.4778
27.93,17.4813
27.94,17.4848
27.95,17.4882
27.96,17.4917
27.97,17.4952
27.98,17.4987
27.99,17.5022
28,17.5057
28.01,17.5092
28.02,17.5127
28.03,17.5163
28.04,17.5198
28.05,17.5233
28.06,17.5268
28.07,17.5303
28.08,17.5338
28.09,17.5373
28.1,17.5408
28.11,17.5443
28.12,17.5478
28.13,17.5513
28.14,17.5548
28.15,17.5583
28.16,17.5618
28.17,17.5654
28.18,17.5689
28.19,17.5724
28.2,17.5759
28.21,17.5794
28.22,17.5829
28.23,17.5864
28.24,17.59
28.25,17.5935
28.26,17.597
28.27,17.6005
28.28,17.604
28.29,17.6076
28.3,17.6111
28.31,17.6146
28.32,17.6181
28.33,17.6217
28.34,17.6252
28.35,17.6287
28.36,17.6322
28.37,17.6358
28.38,17.6393
28.39,17.6428
28.4,17.6463
28.41,17.6499
28.42,17.6534
28.43,17.6569
28.44,17.6605
28.45,17.664
28.46,17.6675
28.47,17.6711
28.48,17.6746
28.49,17.6781
28.5,17.6817
28.51,17.6852
28.52,17.6887
28.53,17.6923
28.54,17.6958
28.55,17.6994
28.56,17.7029
28.57,17.7064
28.58,17.71
28.59,17.7135
28.6,17.7171
28.61,17.7206
28.62,17.7241
28.63,17.7277
28.64,17.7312
28.65,17.7348
28.66,17.7383
28.67,17.7419
28.68,17.7454
28.69,17.749
28.7,17.7525
28.71,17.7561
28.72,17.7596
28.73,17.7632
28.74,17.7667
28.75,17.7703
28.76,17.7738
28.77,17.7774
28.78,17.7809
28.79,17.7845
28.8,17.7881
28.81,17.7916
28.82,17.7952
28.83,17.7987
28.84,17.8023
28.85,17.8059
28.86,17.8094
28.87,17.813
28.88,17.8165
28.89,17.8201
28.9,17.8237
28.91,17.8272
28.92,17.8308
28.93,17.8344
28.94,17.8379
28.95,17.8415
28.96,17.8451
28.97,17.8486
28.98,17.8522
28.99,17.8558
29,17.8593
29.01,17.8629
29.02,17.8665
29.03,17.8701
29.04,17.8736
29.05,17.8772
29.06,17.8808
29.07,17.8844
29.08,17.8879
29.09,17.8915
29.1,17.8951
29.11,17.8987
29.12,17.9023
29.13,17.9058
29.14,17.9094
29.15,17.913
29.16,17.9166
29.17,17.9202
29.18,17.9238
29.19,17.9273
29.2,17.9309
29.21,17.9345
29.22,17.9381
29.23,17.9417
29.24,17.9453
29.25,17.9489
29.26,17.9524
29.27,17.956
29.28,17.9596
29.29,17.9632
29.3,17.9668
29.31,17.9704
29.32,17.974
29.33,17.9776
29.34,17.9812
29.35,17.9848
29.36,17.9884
29.37,17.992
29.38,17.9956
29.39,17.9992
29.4,18.0028
29.41,18.0064
29.42,18.01
29.43,18.0136
29.44,18.0172
29.45,18.0208
29.46,18.0244
29.47,18.028
29.48,18.0316
29.49,18.0352
29.5,18.0388
29.51,18.0424
29.52,18.046
29.53,18.0496
29.54,18.0533
29.55,18.0569
29.56,18.0605
29.57,18.0641
29.58,18.0677
29.59,18.0713
29.6,18.0749
29.61,18.0785
29.62,18.0822
29.63,18.0858
29.64,18.0894
29.65,18.093
29.66,18.0966
29.67,18.1003
29.68,18.1039
29.69,18.1075
29.7,18.1111
29.71,18.1147
29.72,18.1184
29.73,18.122
29.74,18.1256
29.75,18.1292
29.76,18.1329
29.77,18.1365
29.78,18.1401
29.79,18.1437
29.8,18.1474
29.81,18.151
29.82,18.1546
29.83,18.1583
29.84,18.1619
29.85,18.1655
29.86,18.1692
29.87,18.1728
29.88,18.1764
29.89,18.1801
29.9,18.1837
29.91,18.1873
29.92,18.191
29.93,18.1946
29.94,18.1982
29.95,18.2019
29.96,18.2055
29.97,18.2092
29.98,18.2128
29.99,18.2165
30,18.2201
30.01,18.2237
30.02,18.2274
30.03,18.231
30.04,18.2347
30.05,18.2383
30.06,18.242
30.07,18.2456
30.08,18.2493
30.09,18.2529
30.1,18.2566
30.11,18.2602
30.12,18.2639
30.13,18.2675
30.14,18.2712
30.15,18.2748
30.16,18.2785
30.17,18.2821
30.18,18.2858
30.19,18.2895
30.2,18.2931
30.21,18.2968
30.22,18.3004
30.23,18.3041
30.24,18.3078
30.25,18.3114
30.26,18.3151
30.27,18.3187
30.28,18.3224
30.29,18.3261
30.3,18.3297
30.31,18.3334
30.32,18.3371
30.33,18.3407
30.34,18.3444
30.35,18.3481
30.36,18.3517
30.37,18.3554
30.38,18.3591
30.39,18.3628
30.4,18.3664
30.41,18.3701
30.42,18.3738
30.43,18.3774
30.44,18.3811
30.45,18.3848
30.46,18.3885
30.47,18.3922
30.48,18.3958
30.49,18.3995
30.5,18.4032
30.51,18.4069
30.52,18.4106
30.53,18.4142
30.54,18.4179
30.55,18.4216
30.56,18.4253
30.57,18.429
30.58,18.4327
30.59,18.4363
30.6,18.44
30.61,18.4437
30.62,18.4474
30.63,18.4511
30.64,18.4548
30.65,18.4585
30.66,18.4622
30.67,18.4659
30.68,18.4696
30.69,18.4732
30.7,18.4769
30.71,18.4806
30.72,18.4843
30.73,18.488
30.74,18.4917
30.75,18.4954
30.76,18.4991
30.77,18.5028
30.78,18.5065
30.79,18.5102
30.8,18.5139
30.81,18.5176
30.82,18.5213
30.83,18.525
30.84,18.5287
30.85,18.5325
30.86,18.5362
30.87,18.5399
30.88,18.5436
30.89,18.5473
30.9,18.551
30.91,18.5547
30.92,18.5584
30.93,18.5621
30.94,18.5658
30.95,18.5696
30.96,18.5733
30.97,18.577
30.98,18.5807
30.99,18.5844
31,18.5881
31.01,18.5918
31.02,18.5956
31.03,18.5993
31.04,18.603
31.05,18.6067
31.06,18.6104
31.07,18.6142
31.08,18.6179
31.09,18.6216
31.1,18.6253
31.11,18.6291
31.12,18.6328
31.13,18.6365
31.14,18.6402
31.15,18.644
31.16,18.6477
31.17,18.6514
31.18,18.6552
31.19,18.6589
31.2,18.6626
31.21,18.6664
31.22,18.6701
31.23,18.6738
31.24,18.6776
31.25,18.6813
31.26,18.685
31.27,18.6888
31.28,18.6925
31.29,18.6962
31.3,18.7
31.31,18.7037
31.32,18.7075
31.33,18.7112
31.34,18.7149
31.35,18.7187
31.36,18.7224
31.37,18.7262
31.38,18.7299
31.39,18.7337
31.4,18.7374
31.41,18.7412
31.42,18.7449
31.43,18.7487
31.44,18.7524
31.45,18.7562
31.46,18.7599
31.47,18.7637
31.48,18.7674
31.49,18.7712
31.5,18.7749
31.51,18.7787
31.52,18.7824
31.53,18.7862
31.54,18.7899
31.55,18.7937
31.56,18.7975
31.57,18.8012
31.58,18.805
31.59,18.8087
31.6,18.8125
31.61,18.8163
31.62,18.82
31.63,18.8238
31.64,18.8276
31.65,18.8313
31.66,18.8351
31.67,18.8389
31.68,18.8426
31.69,18.8464
31.7,18.8502
31.71,18.8539
31.72,18.8577
31.73,18.8615
31.74,18.8653
31.75,18.869
31.76,18.8728
31.77,18.8766
31.78,18.8803
31.79,18.8841
31.8,18.8879
31.81,18.8917
31.82,18.8955
31.83,18.8992
31.84,18.903
31.85,18.9068
31.86,18.9106
31.87,18.9144
31.88,18.9181
31.89,18.9219
31.9,18.9257
31.91,18.9295
31.92,18.9333
31.93,18.9371
31.94,18.9409
31.95,18.9446
31.96,18.9484
31.97,18.9522
31.98,18.956
31.99,18.9598
32,18.9636
32.01,18.9674
32.02,18.9712
32.03,18.975
32.04,18.9788
32.05,18.9826
32.06,18.9864
32.07,18.9902
32.08,18.994
32.09,18.9978
32.1,19.0016
32.11,19.0054
32.12,19.0092
32.13,19.013
32.14,19.0168
32.15,19.0206
32.16,19.0244
32.17,19.0282
32.18,19.032
32.19,19.0358
32.2,19.0396
32.21,19.0434
32.22,19.0472
32.23,19.051
32.24,19.0548
32.25,19.0586
32.26,19.0625
32.27,19.0663
32.28,19.0701
32.29,19.0739
32.3,19.0777
32.31,19.0815
32.32,19.0853
32.33,19.0892
32.34,19.093
32.35,19.0968
32.36,19.1006
32.37,19.1044
32.38,19.1083
32.39,19.1121
32.4,19.1159
32.41,19.1197
32.42,19.1235
32.43,19.1274
32.44,19.1312
32.45,19.135
32.46,19.1388
32.47,19.1427
32.48,19.1465
32.49,19.1503
32.5,19.1542
32.51,19.158
32.52,19.1618
32.53,19.1657
32.54,19.1695
32.55,19.1733
32.56,19.1772
32.57,19.181
32.58,19.1848
32.59,19.1887
32.6,19.1925
32.61,19.1963
32.62,19.2002
32.63,19.204
32.64,19.2079
32.65,19.2117
32.66,19.2155
32.67,19.2194
32.68,19.2232
32.69,19.2271
32.7,19.2309
32.71,19.2348
32.72,19.2386
32.73,19.2425
32.74,19.2463
32.75,19.2502
32.76,19.254
32.77,19.2579
32.78,19.2617
32.79,19.2656
32.8,19.2694
32.81,19.2733
32.82,19.2771
32.83,19.281
32.84,19.2848
32.85,19.2887
32.86,19.2926
32.87,19.2964
32.88,19.3003
32.89,19.3041
32.9,19.308
32.91,19.3119
32.92,19.3157
32.93,19.3196
32.94,19.3234
32.95,19.3273
32.96,19.3312
32.97,19.335
32.98,19.3389
32.99,19.3428
33,19.3466
33.01,19.3505
33.02,19.3544
33.03,19.3583
33.04,19.3621
33.05,19.366
33.06,19.3699
33.07,19.3737
33.08,19.3776
33.09,19.3815
33.1,19.3854
33.11,19.3893
33.12,19.3931
33.13,19.397
33.14,19.4009
33.15,19.4048
33.16,19.4086
33.17,19.4125
33.18,19.4164
33.19,19.4203
33.2,19.4242
33.21,19.4281
33.22,19.432
33.23,19.4358
33.24,19.4397
33.25,19.4436
33.26,19.4475
33.27,19.4514
33.28,19.4553
33.29,19.4592
33.3,19.4631
33.31,19.467
33.32,19.4708
33.33,19.4747
33.34,19.4786
33.35,19.4825
33.36,19.4864
33.37,19.4903
33.38,19.4942
33.39,19.4981
33.4,19.502
33.41,19.5059
33.42,19.5098
33.43,19.5137
33.44,19.5176
33.45,19.5215
33.46,19.5254
33.47,19.5293
33.48,19.5333
33.49,19.5372
33.5,19.5411
33.51,19.545
33.52,19.5489
33.53,19.5528
33.54,19.5567
33.55,19.5606
33.56,19.5645
33.57,19.5684
33.58,19.5724
33.59,19.5763
33.6,19.5802
33.61,19.5841
33.62,19.588
33.63,19.5919
33.64,19.5959
33.65,19.5998
33.66,19.6037
33.67,19.6076
33.68,19.6115
33.69,19.6155
33.7,19.6194
33.71,19.6233
33.72,19.6272
33.73,19.6312
33.74,19.6351
33.75,19.639
33.76,19.6429
33.77,19.6469
33.78,19.6508
33.79,19.6547
33.8,19.6587
33.81,19.6626
33.82,19.6665
33.83,19.6704
33.84,19.6744
33.85,19.6783
33.86,19.6823
33.87,19.6862
33.88,19.6901
33.89,19.6941
33.9,19.698
33.91,19.7019
33.92,19.7059
33.93,19.7098
33.94,19.7138
33.95,19.7177
33.96,19.7217
33.97,19.7256
33.98,19.7295
33.99,19.7335
34,19.7374
34.01,19.7414
34.02,19.7453
34.03,19.7493
34.04,19.7532
34.05,19.7572
34.06,19.7611
34.07,19.7651
34.08,19.769
34.09,19.773
34.1,19.7769
34.11,19.7809
34.12,19.7849
34.13,19.7888
34.14,19.7928
34.15,19.7967
34.16,19.8007
34.17,19.8047
34.18,19.8086
34.19,19.8126
34.2,19.8165
34.21,19.8205
34.22,19.8245
34.23,19.8284
34.24,19.8324
34.25,19.8364
34.26,19.8403
34.27,19.8443
34.28,19.8483
34.29,19.8522
34.3,19.8562
34.31,19.8602
34.32,19.8641
34.33,19.8681
34.34,19.8721
34.35,19.8761
34.36,19.88
34.37,19.884
34.38,19.888
34.39,19.892
34.4,19.896
34.41,19.8999
34.42,19.9039
34.43,19.9079
34.44,19.9119
34.45,19.9159
34.46,19.9198
34.47,19.9238
34.48,19.9278
34.49,19.9318
34.5,19.9358
34.51,19.9398
34.52,19.9438
34.53,19.9477
34.54,19.9517
34.55,19.9557
34.56,19.9597
34.57,19.9637
34.58,19.9677
34.59,19.9717
34.6,19.9757
34.61,19.9797
34.62,19.9837
34.63,19.9877
34.64,19.9917
34.65,19.9957
34.66,19.9997
34.67,20.0037
34.68,20.0077
34.69,20.0117
34.7,20.0157
34.71,20.0197
34.72,20.0237
34.73,20.0277
34.74,20.0317
34.75,20.0357
34.76,20.0397
34.77,20.0437
34.78,20.0477
34.79,20.0517
34.8,20.0557
34.81,20.0598
34.82,20.0638
34.83,20.0678
34.84,20.0718
34.85,20.0758
34.86,20.0798
34.87,20.0838
34.88,20.0879
34.89,20.0919
34.9,20.0959
34.91,20.0999
34.92,20.1039
34.93,20.1079
34.94,20.112
34.95,20.116
34.96,20.12
34.97,20.124
34.98,20.1281
34.99,20.1321
35,20.1361
35.01,20.1401
35.02,20.1442
35.03,20.1482
35.04,20.1522
35.05,20.1563
35.06,20.1603
35.07,20.1643
35.08,20.1684
35.09,20.1724
35.1,20.1764
35.11,20.1805
35.12,20.1845
35.13,20.1885
35.14,20.1926
35.15,20.1966
35.16,20.2007
35.17,20.2047
35.18,20.2087
35.19,20.2128
35.2,20.2168
35.21,20.2209
35.22,20.2249
35.23,20.2289
35.24,20.233
35.25,20.237
35.26,20.2411
35.27,20.2451
35.28,20.2492
35.29,20.2532
35.3,20.2573
35.31,20.2613
35.32,20.2654
35.33,20.2694
35.34,20.2735
35.35,20.2776
35.36,20.2816
35.37,20.2857
35.38,20.2897
35.39,20.2938
35.4,20.2978
35.41,20.3019
35.42,20.306
35.43,20.31
35.44,20.3141
35.45,20.3181
35.46,20.3222
35.47,20.3263
35.48,20.3303
35.49,20.3344
35.5,20.3385
35.51,20.3425
35.52,20.3466
35.53,20.3507
35.54,20.3547
35.55,20.3588
35.56,20.3629
35.57,20.367
35.58,20.371
35.59,20.3751
35.6,20.3792
35.61,20.3833
35.62,20.3873
35.63,20.3914
35.64,20.3955
35.65,20.3996
35.66,20.4036
35.67,20.4077
35.68,20.4118
35.69,20.4159
35.7,20.42
35.71,20.4241
35.72,20.4281
35.73,20.4322
35.74,20.4363
35.75,20.4404
35.76,20.4445
35.77,20.4486
35.78,20.4527
35.79,20.4568
35.8,20.4609
35.81,20.4649
35.82,20.469
35.83,20.4731
35.84,20.4772
35.85,20.4813
35.86,20.4854
35.87,20.4895
35.88,20.4936
35.89,20.4977
35.9,20.5018
35.91,20.5059
35.92,20.51
35.93,20.5141
35.94,20.5182
35.95,20.5223
35.96,20.5264
35.97,20.5305
35.98,20.5346
35.99,20.5387
36,20.5429
36.01,20.547
36.02,20.5511
36.03,20.5552
36.04,20.5593
36.05,20.5634
36.06,20.5675
36.07,20.5716
36.08,20.5757
36.09,20.5799
36.1,20.584
36.11,20.5881
36.12,20.5922
36.13,20.5963
36.14,20.6004
36.15,20.6046
36.16,20.6087
36.17,20.6128
36.18,20.6169
36.19,20.6211
36.2,20.6252
36.21,20.6293
36.22,20.6334
36.23,20.6376
36.24,20.6417
36.25,20.6458
36.26,20.6499
36.27,20.6541
36.28,20.6582
36.29,20.6623
36.3,20.6665
36.31,20.6706
36.32,20.6747
36.33,20.6789
36.34,20.683
36.35,20.6871
36.36,20.6913
36.37,20.6954
36.38,20.6996
36.39,20.7037
36.4,20.7078
36.41,20.712
36.42,20.7161
36.43,20.7203
36.44,20.7244
36.45,20.7286
36.46,20.7327
36.47,20.7368
36.48,20.741
36.49,20.7451
36.5,20.7493
36.51,20.7534
36.52,20.7576
36.53,20.7617
36.54,20.7659
36.55,20.77
36.56,20.7742
36.57,20.7784
36.58,20.7825
36.59,20.7867
36.6,20.7908
36.61,20.795
36.62,20.7991
36.63,20.8033
36.64,20.8075
36.65,20.8116
36.66,20.8158
36.67,20.82
36.68,20.8241
36.69,20.8283
36.7,20.8324
36.71,20.8366
36.72,20.8408
36.73,20.8449
36.74,20.8491
36.75,20.8533
36.76,20.8575
36.77,20.8616
36.78,20.8658
36.79,20.87
36.8,20.8741
36.81,20.8783
36.82,20.8825
36.83,20.8867
36.84,20.8909
36.85,20.895
36.86,20.8992
36.87,20.9034
36.88,20.9076
36.89,20.9118
36.9,20.9159
36.91,20.9201
36.92,20.9243
36.93,20.9285
36.94,20.9327
36.95,20.9369
36.96,20.941
36.97,20.9452
36.98,20.9494
36.99,20.9536
37,20.9578
37.01,20.962
37.02,20.9662
37.03,20.9704
37.04,20.9746
37.05,20.9788
37.06,20.983
37.07,20.9872
37.08,20.9914
37.09,20.9956
37.1,20.9998
37.11,21.004
37.12,21.0082
37.13,21.0124
37.14,21.0166
37.15,21.0208
37.16,21.025
37.17,21.0292
37.18,21.0334
37.19,21.0376
37.2,21.0418
37.21,21.046
37.22,21.0502
37.23,21.0544
37.24,21.0586
37.25,21.0628
37.26,21.0671
37.27,21.0713
37.28,21.0755
37.29,21.0797
37.3,21.0839
37.31,21.0881
37.32,21.0924
37.33,21.0966
37.34,21.1008
37.35,21.105
37.36,21.1092
37.37,21.1135
37.38,21.1177
37.39,21.1219
37.4,21.1261
37.41,21.1303
37.42,21.1346
37.43,21.1388
37.44,21.143
37.45,21.1473
37.46,21.1515
37.47,21.1557
37.48,21.1599
37.49,21.1642
37.5,21.1684
37.51,21.1726
37.52,21.1769
37.53,21.1811
37.54,21.1854
37.55,21.1896
37.56,21.1938
37.57,21.1981
37.58,21.2023
37.59,21.2065
37.6,21.2108
37.61,21.215
37.62,21.2193
37.63,21.2235
37.64,21.2278
37.65,21.232
37.66,21.2363
37.67,21.2405
37.68,21.2447
37.69,21.249
37.7,21.2532
37.71,21.2575
37.72,21.2617
37.73,21.266
37.74,21.2703
37.75,21.2745
37.76,21.2788
37.77,21.283
37.78,21.2873
37.79,21.2915
37.8,21.2958
37.81,21.3001
37.82,21.3043
37.83,21.3086
37.84,21.3128
37.85,21.3171
37.86,21.3214
37.87,21.3256
37.88,21.3299
37.89,21.3342
37.9,21.3384
37.91,21.3427
37.92,21.347
37.93,21.3512
37.94,21.3555
37.95,21.3598
37.96,21.364
37.97,21.3683
37.98,21.3726
37.99,21.3769
38,21.3811
38.01,21.3854
38.02,21.3897
38.03,21.394
38.04,21.3982
38.05,21.4025
38.06,21.4068
38.07,21.4111
38.08,21.4154
38.09,21.4197
38.1,21.4239
38.11,21.4282
38.12,21.4325
38.13,21.4368
38.14,21.4411
38.15,21.4454
38.16,21.4497
38.17,21.4539
38.18,21.4582
38.19,21.4625
38.2,21.4668
38.21,21.4711
38.22,21.4754
38.23,21.4797
38.24,21.484
38.25,21.4883
38.26,21.4926
38.27,21.4969
38.28,21.5012
38.29,21.5055
38.3,21.5098
38.31,21.5141
38.32,21.5184
38.33,21.5227
38.34,21.527
38.35,21.5313
38.36,21.5356
38.37,21.5399
38.38,21.5442
38.39,21.5485
38.4,21.5529
38.41,21.5572
38.42,21.5615
38.43,21.5658
38.44,21.5701
38.45,21.5744
38.46,21.5787
38.47,21.583
38.48,21.5874
38.49,21.5917
38.5,21.596
38.51,21.6003
38.52,21.6046
38.53,21.609
38.54,21.6133
38.55,21.6176
38.56,21.6219
38.57,21.6263
38.58,21.6306
38.59,21.6349
38.6,21.6392
38.61,21.6436
38.62,21.6479
38.63,21.6522
38.64,21.6565
38.65,21.6609
38.66,21.6652
38.67,21.6695
38.68,21.6739
38.69,21.6782
38.7,21.6825
38.71,21.6869
38.72,21.6912
38.73,21.6956
38.74,21.6999
38.75,21.7042
38.76,21.7086
38.77,21.7129
38.78,21.7173
38.79,21.7216
38.8,21.726
38.81,21.7303
38.82,21.7346
38.83,21.739
38.84,21.7433
38.85,21.7477
38.86,21.752
38.87,21.7564
38.88,21.7607
38.89,21.7651
38.9,21.7694
38.91,21.7738
38.92,21.7782
38.93,21.7825
38.94,21.7869
38.95,21.7912
38.96,21.7956
38.97,21.7999
38.98,21.8043
38.99,21.8087
39,21.813
39.01,21.8174
39.02,21.8217
39.03,21.8261
39.04,21.8305
39.05,21.8348
39.06,21.8392
39.07,21.8436
39.08,21.8479
39.09,21.8523
39.1,21.8567
39.11,21.8611
39.12,21.8654
39.13,21.8698
39.14,21.8742
39.15,21.8786
39.16,21.8829
39.17,21.8873
39.18,21.8917
39.19,21.8961
39.2,21.9004
39.21,21.9048
39.22,21.9092
39.23,21.9136
39.24,21.918
39.25,21.9223
39.26,21.9267
39.27,21.9311
39.28,21.9355
39.29,21.9399
39.3,21.9443
39.31,21.9487
39.32,21.9531
39.33,21.9574
39.34,21.9618
39.35,21.9662
39.36,21.9706
39.37,21.975
39.38,21.9794
39.39,21.9838
39.4,21.9882
39.41,21.9926
39.42,21.997
39.43,22.0014
39.44,22.0058
39.45,22.0102
39.46,22.0146
39.47,22.019
39.48,22.0234
39.49,22.0278
39.5,22.0322
39.51,22.0366
39.52,22.041
39.53,22.0454
39.54,22.0499
39.55,22.0543
39.56,22.0587
39.57,22.0631
39.58,22.0675
39.59,22.0719
39.6,22.0763
39.61,22.0807
39.62,22.0852
39.63,22.0896
39.64,22.094
39.65,22.0984
39.66,22.1028
39.67,22.1073
39.68,22.1117
39.69,22.1161
39.7,22.1205
39.71,22.1249
39.72,22.1294
39.73,22.1338
39.74,22.1382
39.75,22.1426
39.76,22.1471
39.77,22.1515
39.78,22.1559
39.79,22.1604
39.8,22.1648
39.81,22.1692
39.82,22.1737
39.83,22.1781
39.84,22.1825
39.85,22.187
39.86,22.1914
39.87,22.1959
39.88,22.2003
39.89,22.2047
39.9,22.2092
39.91,22.2136
39.92,22.2181
39.93,22.2225
39.94,22.2269
39.95,22.2314
39.96,22.2358
39.97,22.2403
39.98,22.2447
39.99,22.2492
40,22.2536
40.01,22.2581
40.02,22.2625
40.03,22.267
40.04,22.2714
40.05,22.2759
40.06,22.2803
40.07,22.2848
40.08,22.2893
40.09,22.2937
40.1,22.2982
40.11,22.3026
40.12,22.3071
40.13,22.3116
40.14,22.316
40.15,22.3205
40.16,22.3249
40.17,22.3294
40.18,22.3339
40.19,22.3383
40.2,22.3428
40.21,22.3473
40.22,22.3518
40.23,22.3562
40.24,22.3607
40.25,22.3652
40.26,22.3696
40.27,22.3741
40.28,22.3786
40.29,22.3831
40.3,22.3875
40.31,22.392
40.32,22.3965
40.33,22.401
40.34,22.4055
40.35,22.4099
40.36,22.4144
40.37,22.4189
40.38,22.4234
40.39,22.4279
40.4,22.4324
40.41,22.4368
40.42,22.4413
40.43,22.4458
40.44,22.4503
40.45,22.4548
40.46,22.4593
40.47,22.4638
40.48,22.4683
40.49,22.4728
40.5,22.4773
40.51,22.4818
40.52,22.4863
40.53,22.4907
40.54,22.4952
40.55,22.4997
40.56,22.5042
40.57,22.5087
40.58,22.5132
40.59,22.5178
40.6,22.5223
40.61,22.5268
40.62,22.5313
40.63,22.5358
40.64,22.5403
40.65,22.5448
40.66,22.5493
40.67,22.5538
40.68,22.5583
40.69,22.5628
40.7,22.5673
40.71,22.5719
40.72,22.5764
40.73,22.5809
40.74,22.5854
40.75,22.5899
40.76,22.5944
40.77,22.599
40.78,22.6035
40.79,22.608
40.8,22.6125
40.81,22.617
40.82,22.6216
40.83,22.6261
40.84,22.6306
40.85,22.6351
40.86,22.6397
40.87,22.6442
40.88,22.6487
40.89,22.6532
40.9,22.6578
40.91,22.6623
40.92,22.6668
40.93,22.6714
40.94,22.6759
40.95,22.6804
40.96,22.685
40.97,22.6895
40.98,22.6941
40.99,22.6986
41,22.7031
41.01,22.7077
41.02,22.7122
41.03,22.7168
41.04,22.7213
41.05,22.7258
41.06,22.7304
41.07,22.7349
41.08,22.7395
41.09,22.744
41.1,22.7486
41.11,22.7531
41.12,22.7577
41.13,22.7622
41.14,22.7668
41.15,22.7713
41.16,22.7759
41.17,22.7805
41.18,22.785
41.19,22.7896
41.2,22.7941
41.21,22.7987
41.22,22.8032
41.23,22.8078
41.24,22.8124
41.25,22.8169
41.26,22.8215
41.27,22.8261
41.28,22.8306
41.29,22.8352
41.3,22.8398
41.31,22.8443
41.32,22.8489
41.33,22.8535
41.34,22.858
41.35,22.8626
41.36,22.8672
41.37,22.8717
41.38,22.8763
41.39,22.8809
41.4,22.8855
41.41,22.89
41.42,22.8946
41.43,22.8992
41.44,22.9038
41.45,22.9084
41.46,22.9129
41.47,22.9175
41.48,22.9221
41.49,22.9267
41.5,22.9313
41.51,22.9359
41.52,22.9405
41.53,22.945
41.54,22.9496
41.55,22.9542
41.56,22.9588
41.57,22.9634
41.58,22.968
41.59,22.9726
41.6,22.9772
41.61,22.9818
41.62,22.9864
41.63,22.991
41.64,22.9956
41.65,23.0002
41.66,23.0048
41.67,23.0094
41.68,23.014
41.69,23.0186
41.7,23.0232
41.71,23.0278
41.72,23.0324
41.73,23.037
41.74,23.0416
41.75,23.0462
41.76,23.0508
41.77,23.0554
41.78,23.06
41.79,23.0647
41.8,23.0693
41.81,23.0739
41.82,23.0785
41.83,23.0831
41.84,23.0877
41.85,23.0924
41.86,23.097
41.87,23.1016
41.88,23.1062
41.89,23.1108
41.9,23.1155
41.91,23.1201
41.92,23.1247
41.93,23.1293
41.94,23.1339
41.95,23.1386
41.96,23.1432
41.97,23.1478
41.98,23.1525
41.99,23.1571
42,23.1617
42.01,23.1664
42.02,23.171
42.03,23.1756
42.04,23.1803
42.05,23.1849
42.06,23.1895
42.07,23.1942
42.08,23.1988
42.09,23.2034
42.1,23.2081
42.11,23.2127
42.12,23.2174
42.13,23.222
42.14,23.2267
42.15,23.2313
42.16,23.236
42.17,23.2406
42.18,23.2452
42.19,23.2499
42.2,23.2545
42.21,23.2592
42.22,23.2639
42.23,23.2685
42.24,23.2732
42.25,23.2778
42.26,23.2825
42.27,23.2871
42.28,23.2918
42.29,23.2964
42.3,23.3011
42.31,23.3058
42.32,23.3104
42.33,23.3151
42.34,23.3197
42.35,23.3244
42.36,23.3291
42.37,23.3337
42.38,23.3384
42.39,23.3431
42.4,23.3477
42.41,23.3524
42.42,23.3571
42.43,23.3618
42.44,23.3664
42.45,23.3711
42.46,23.3758
42.47,23.3804
42.48,23.3851
42.49,23.3898
42.5,23.3945
42.51,23.3992
42.52,23.4038
42.53,23.4085
42.54,23.4132
42.55,23.4179
42.56,23.4226
42.57,23.4273
42.58,23.4319
42.59,23.4366
42.6,23.4413
42.61,23.446
42.62,23.4507
42.63,23.4554
42.64,23.4601
42.65,23.4648
42.66,23.4695
42.67,23.4741
42.68,23.4788
42.69,23.4835
42.7,23.4882
42.71,23.4929
42.72,23.4976
42.73,23.5023
42.74,23.507
42.75,23.5117
42.76,23.5164
42.77,23.5211
42.78,23.5258
42.79,23.5305
42.8,23.5353
42.81,23.54
42.82,23.5447
42.83,23.5494
42.84,23.5541
42.85,23.5588
42.86,23.5635
42.87,23.5682
42.88,23.5729
42.89,23.5777
42.9,23.5824
42.91,23.5871
42.92,23.5918
42.93,23.5965
42.94,23.6012
42.95,23.606
42.96,23.6107
42.97,23.6154
42.98,23.6201
42.99,23.6249
43,23.6296
43.01,23.6343
43.02,23.639
43.03,23.6438
43.04,23.6485
43.05,23.6532
43.06,23.6579
43.07,23.6627
43.08,23.6674
43.09,23.6721
43.1,23.6769
43.11,23.6816
43.12,23.6863
43.13,23.6911
43.14,23.6958
43.15,23.7006
43.16,23.7053
43.17,23.71
43.18,23.7148
43.19,23.7195
43.2,23.7243
43.21,23.729
43.22,23.7338
43.23,23.7385
43.24,23.7433
43.25,23.748
43.26,23.7528
43.27,23.7575
43.28,23.7623
43.29,23.767
43.3,23.7718
43.31,23.7765
43.32,23.7813
43.33,23.786
43.34,23.7908
43.35,23.7955
43.36,23.8003
43.37,23.8051
43.38,23.8098
43.39,23.8146
43.4,23.8194
43.41,23.8241
43.42,23.8289
43.43,23.8336
43.44,23.8384
43.45,23.8432
43.46,23.8479
43.47,23.8527
43.48,23.8575
43.49,23.8623
43.5,23.867
43.51,23.8718
43.52,23.8766
43.53,23.8814
43.54,23.8861
43.55,23.8909
43.56,23.8957
43.57,23.9005
43.58,23.9052
43.59,23.91
43.6,23.9148
43.61,23.9196
43.62,23.9244
43.63,23.9292
43.64,23.9339
43.65,23.9387
43.66,23.9435
43.67,23.9483
43.68,23.9531
43.69,23.9579
43.7,23.9627
43.71,23.9675
43.72,23.9723
43.73,23.9771
43.74,23.9819
43.75,23.9867
43.76,23.9915
43.77,23.9962
43.78,24.001
43.79,24.0058
43.8,24.0107
43.81,24.0155
43.82,24.0203
43.83,24.0251
43.84,24.0299
43.85,24.0347
43.86,24.0395
43.87,24.0443
43.88,24.0491
43.89,24.0539
43.9,24.0587
43.91,24.0635
43.92,24.0683
43.93,24.0732
43.94,24.078
43.95,24.0828
43.96,24.0876
43.97,24.0924
43.98,24.0972
43.99,24.1021
44,24.1069
44.01,24.1117
44.02,24.1165
44.03,24.1213
44.04,24.1262
44.05,24.131
44.06,24.1358
44.07,24.1406
44.08,24.1455
44.09,24.1503
44.1,24.1551
44.11,24.16
44.12,24.1648
44.13,24.1696
44.14,24.1745
44.15,24.1793
44.16,24.1841
44.17,24.189
44.18,24.1938
44.19,24.1986
44.2,24.2035
44.21,24.2083
44.22,24.2132
44.23,24.218
44.24,24.2229
44.25,24.2277
44.26,24.2325
44.27,24.2374
44.28,24.2422
44.29,24.2471
44.3,24.2519
44.31,24.2568
44.32,24.2616
44.33,24.2665
44.34,24.2713
44.35,24.2762
44.36,24.2811
44.37,24.2859
44.38,24.2908
44.39,24.2956
44.4,24.3005
44.41,24.3053
44.42,24.3102
44.43,24.3151
44.44,24.3199
44.45,24.3248
44.46,24.3297
44.47,24.3345
44.48,24.3394
44.49,24.3443
44.5,24.3491
44.51,24.354
44.52,24.3589
44.53,24.3637
44.54,24.3686
44.55,24.3735
44.56,24.3784
44.57,24.3832
44.58,24.3881
44.59,24.393
44.6,24.3979
44.61,24.4028
44.62,24.4076
44.63,24.4125
44.64,24.4174
44.65,24.4223
44.66,24.4272
44.67,24.432
44.68,24.4369
44.69,24.4418
44.7,24.4467
44.71,24.4516
44.72,24.4565
44.73,24.4614
44.74,24.4663
44.75,24.4712
44.76,24.4761
44.77,24.481
44.78,24.4859
44.79,24.4908
44.8,24.4956
44.81,24.5005
44.82,24.5054
44.83,24.5103
44.84,24.5153
44.85,24.5202
44.86,24.5251
44.87,24.53
44.88,24.5349
44.89,24.5398
44.9,24.5447
44.91,24.5496
44.92,24.5545
44.93,24.5594
44.94,24.5643
44.95,24.5692
44.96,24.5742
44.97,24.5791
44.98,24.584
44.99,24.5889
45,24.5938
45.01,24.5987
45.02,24.6037
45.03,24.6086
45.04,24.6135
45.05,24.6184
45.06,24.6233
45.07,24.6283
45.08,24.6332
45.09,24.6381
45.1,24.643
45.11,24.648
45.12,24.6529
45.13,24.6578
45.14,24.6628
45.15,24.6677
45.16,24.6726
45.17,24.6776
45.18,24.6825
45.19,24.6874
45.2,24.6924
45.21,24.6973
45.22,24.7023
45.23,24.7072
45.24,24.7121
45.25,24.7171
45.26,24.722
45.27,24.727
45.28,24.7319
45.29,24.7369
45.3,24.7418
45.31,24.7468
45.32,24.7517
45.33,24.7567
45.34,24.7616
45.35,24.7666
45.36,24.7715
45.37,24.7765
45.38,24.7814
45.39,24.7864
45.4,24.7913
45.41,24.7963
45.42,24.8013
45.43,24.8062
45.44,24.8112
45.45,24.8161
45.46,24.8211
45.47,24.8261
45.48,24.831
45.49,24.836
45.5,24.841
45.51,24.8459
45.52,24.8509
45.53,24.8559
45.54,24.8608
45.55,24.8658
45.56,24.8708
45.57,24.8758
45.58,24.8807
45.59,24.8857
45.6,24.8907
45.61,24.8957
45.62,24.9006
45.63,24.9056
45.64,24.9106
45.65,24.9156
45.66,24.9206
45.67,24.9256
45.68,24.9305
45.69,24.9355
45.7,24.9405
45.71,24.9455
45.72,24.9505
45.73,24.9555
45.74,24.9605
45.75,24.9655
45.76,24.9705
45.77,24.9755
45.78,24.9805
45.79,24.9854
45.8,24.9904
45.81,24.9954
45.82,25.0004
45.83,25.0054
45.84,25.0104
45.85,25.0154
45.86,25.0204
45.87,25.0255
45.88,25.0305
45.89,25.0355
45.9,25.0405
45.91,25.0455
45.92,25.0505
45.93,25.0555
45.94,25.0605
45.95,25.0655
45.96,25.0705
45.97,25.0755
45.98,25.0806
45.99,25.0856
46,25.0906
46.01,25.0956
46.02,25.1006
46.03,25.1057
46.04,25.1107
46.05,25.1157
46.06,25.1207
46.07,25.1257
46.08,25.1308
46.09,25.1358
46.1,25.1408
46.11,25.1459
46.12,25.1509
46.13,25.1559
46.14,25.1609
46.15,25.166
46.16,25.171
46.17,25.176
46.18,25.1811
46.19,25.1861
46.2,25.1911
46.21,25.1962
46.22,25.2012
46.23,25.2063
46.24,25.2113
46.25,25.2164
46.26,25.2214
46.27,25.2264
46.28,25.2315
46.29,25.2365
46.3,25.2416
46.31,25.2466
46.32,25.2517
46.33,25.2567
46.34,25.2618
46.35,25.2668
46.36,25.2719
46.37,25.2769
46.38,25.282
46.39,25.287
46.4,25.2921
46.41,25.2972
46.42,25.3022
46.43,25.3073
46.44,25.3123
46.45,25.3174
46.46,25.3225
46.47,25.3275
46.48,25.3326
46.49,25.3377
46.5,25.3427
46.51,25.3478
46.52,25.3529
46.53,25.3579
46.54,25.363
46.55,25.3681
46.56,25.3732
46.57,25.3782
46.58,25.3833
46.59,25.3884
46.6,25.3935
46.61,25.3985
46.62,25.4036
46.63,25.4087
46.64,25.4138
46.65,25.4189
46.66,25.424
46.67,25.429
46.68,25.4341
46.69,25.4392
46.7,25.4443
46.71,25.4494
46.72,25.4545
46.73,25.4596
46.74,25.4647
46.75,25.4698
46.76,25.4748
46.77,25.4799
46.78,25.485
46.79,25.4901
46.8,25.4952
46.81,25.5003
46.82,25.5054
46.83,25.5105
46.84,25.5156
46.85,25.5207
46.86,25.5258
46.87,25.5309
46.88,25.5361
46.89,25.5412
46.9,25.5463
46.91,25.5514
46.92,25.5565
46.93,25.5616
46.94,25.5667
46.95,25.5718
46.96,25.5769
46.97,25.5821
46.98,25.5872
46.99,25.5923
47,25.5974
47.01,25.6025
47.02,25.6076
47.03,25.6128
47.04,25.6179
47.05,25.623
47.06,25.6281
47.07,25.6333
47.08,25.6384
47.09,25.6435
47.1,25.6486
47.11,25.6538
47.12,25.6589
47.13,25.664
47.14,25.6692
47.15,25.6743
47.16,25.6794
47.17,25.6846
47.18,25.6897
47.19,25.6949
47.2,25.7
47.21,25.7051
47.22,25.7103
47.23,25.7154
47.24,25.7206
47.25,25.7257
47.26,25.7308
47.27,25.736
47.28,25.7411
47.29,25.7463
47.3,25.7514
47.31,25.7566
47.32,25.7617
47.33,25.7669
47.34,25.772
47.35,25.7772
47.36,25.7824
47.37,25.7875
47.38,25.7927
47.39,25.7978
47.4,25.803
47.41,25.8081
47.42,25.8133
47.43,25.8185
47.44,25.8236
47.45,25.8288
47.46,25.834
47.47,25.8391
47.48,25.8443
47.49,25.8495
47.5,25.8546
47.51,25.8598
47.52,25.865
47.53,25.8702
47.54,25.8753
47.55,25.8805
47.56,25.8857
47.57,25.8909
47.58,25.896
47.59,25.9012
47.6,25.9064
47.61,25.9116
47.62,25.9168
47.63,25.9219
47.64,25.9271
47.65,25.9323
47.66,25.9375
47.67,25.9427
47.68,25.9479
47.69,25.9531
47.7,25.9583
47.71,25.9634
47.72,25.9686
47.73,25.9738
47.74,25.979
47.75,25.9842
47.76,25.9894
47.77,25.9946
47.78,25.9998
47.79,26.005
47.8,26.0102
47.81,26.0154
47.82,26.0206
47.83,26.0258
47.84,26.031
47.85,26.0362
47.86,26.0414
47.87,26.0467
47.88,26.0519
47.89,26.0571
47.9,26.0623
47.91,26.0675
47.92,26.0727
47.93,26.0779
47.94,26.0831
47.95,26.0884
47.96,26.0936
47.97,26.0988
47.98,26.104
47.99,26.1092
48,26.1145
48.01,26.1197
48.02,26.1249
48.03,26.1301
48.04,26.1354
48.05,26.1406
48.06,26.1458
48.07,26.151
48.08,26.1563
48.09,26.1615
48.1,26.1667
48.11,26.172
48.12,26.1772
48.13,26.1824
48.14,26.1877
48.15,26.1929
48.16,26.1981
48.17,26.2034
48.18,26.2086
48.19,26.2139
48.2,26.2191
48.21,26.2244
48.22,26.2296
48.23,26.2348
48.24,26.2401
48.25,26.2453
48.26,26.2506
48.27,26.2558
48.28,26.2611
48.29,26.2663
48.3,26.2716
48.31,26.2769
48.32,26.2821
48.33,26.2874
48.34,26.2926
48.35,26.2979
48.36,26.3031
48.37,26.3084
48.38,26.3137
48.39,26.3189
48.4,26.3242
48.41,26.3295
48.42,26.3347
48.43,26.34
48.44,26.3453
48.45,26.3505
48.46,26.3558
48.47,26.3611
48.48,26.3663
48.49,26.3716
48.5,26.3769
48.51,26.3822
48.52,26.3874
48.53,26.3927
48.54,26.398
48.55,26.4033
48.56,26.4086
48.57,26.4138
48.58,26.4191
48.59,26.4244
48.6,26.4297
48.61,26.435
48.62,26.4403
48.63,26.4455
48.64,26.4508
48.65,26.4561
48.66,26.4614
48.67,26.4667
48.68,26.472
48.69,26.4773
48.7,26.4826
48.71,26.4879
48.72,26.4932
48.73,26.4985
48.74,26.5038
48.75,26.5091
48.76,26.5144
48.77,26.5197
48.78,26.525
48.79,26.5303
48.8,26.5356
48.81,26.5409
48.82,26.5462
48.83,26.5515
48.84,26.5568
48.85,26.5622
48.86,26.5675
48.87,26.5728
48.88,26.5781
48.89,26.5834
48.9,26.5887
48.91,26.594
48.92,26.5994
48.93,26.6047
48.94,26.61
48.95,26.6153
48.96,26.6206
48.97,26.626
48.98,26.6313
48.99,26.6366
49,26.642
49.01,26.6473
49.02,26.6526
49.03,26.6579
49.04,26.6633
49.05,26.6686
49.06,26.6739
49.07,26.6793
49.08,26.6846
49.09,26.6899
49.1,26.6953
49.11,26.7006
49.12,26.706
49.13,26.7113
49.14,26.7166
49.15,26.722
49.16,26.7273
49.17,26.7327
49.18,26.738
49.19,26.7434
49.2,26.7487
49.21,26.7541
49.22,26.7594
49.23,26.7648
49.24,26.7701
49.25,26.7755
49.26,26.7808
49.27,26.7862
49.28,26.7916
49.29,26.7969
49.3,26.8023
49.31,26.8076
49.32,26.813
49.33,26.8184
49.34,26.8237
49.35,26.8291
49.36,26.8344
49.37,26.8398
49.38,26.8452
49.39,26.8506
49.4,26.8559
49.41,26.8613
49.42,26.8667
49.43,26.872
49.44,26.8774
49.45,26.8828
49.46,26.8882
49.47,26.8935
49.48,26.8989
49.49,26.9043
49.5,26.9097
49.51,26.9151
49.52,26.9204
49.53,26.9258
49.54,26.9312
49.55,26.9366
49.56,26.942
49.57,26.9474
49.58,26.9528
49.59,26.9582
49.6,26.9635
49.61,26.9689
49.62,26.9743
49.63,26.9797
49.64,26.9851
49.65,26.9905
49.66,26.9959
49.67,27.0013
49.68,27.0067
49.69,27.0121
49.7,27.0175
49.71,27.0229
49.72,27.0283
49.73,27.0337
49.74,27.0391
49.75,27.0446
49.76,27.05
49.77,27.0554
49.78,27.0608
49.79,27.0662
49.8,27.0716
49.81,27.077
49.82,27.0824
49.83,27.0879
49.84,27.0933
49.85,27.0987
49.86,27.1041
49.87,27.1095
49.88,27.115
49.89,27.1204
49.9,27.1258
49.91,27.1312
49.92,27.1367
49.93,27.1421
49.94,27.1475
49.95,27.1529
49.96,27.1584
49.97,27.1638
49.98,27.1692
49.99,27.1747
50,27.1801
50.01,27.1855
50.02,27.191
50.03,27.1964
50.04,27.2019
50.05,27.2073
50.06,27.2127
50.07,27.2182
50.08,27.2236
50.09,27.2291
50.1,27.2345
50.11,27.24
50.12,27.2454
50.13,27.2509
50.14,27.2563
50.15,27.2618
50.16,27.2672
50.17,27.2727
50.18,27.2781
50.19,27.2836
50.2,27.289
50.21,27.2945
50.22,27.2999
50.23,27.3054
50.24,27.3109
50.25,27.3163
50.26,27.3218
50.27,27.3273
50.28,27.3327
50.29,27.3382
50.3,27.3437
50.31,27.3491
50.32,27.3546
50.33,27.3601
50.34,27.3655
50.35,27.371
50.36,27.3765
50.37,27.382
50.38,27.3874
50.39,27.3929
50.4,27.3984
50.41,27.4039
50.42,27.4094
50.43,27.4148
50.44,27.4203
50.45,27.4258
50.46,27.4313
50.47,27.4368
50.48,27.4423
50.49,27.4477
50.5,27.4532
50.51,27.4587
50.52,27.4642
50.53,27.4697
50.54,27.4752
50.55,27.4807
50.56,27.4862
50.57,27.4917
50.58,27.4972
50.59,27.5027
50.6,27.5082
50.61,27.5137
50.62,27.5192
50.63,27.5247
50.64,27.5302
50.65,27.5357
50.66,27.5412
50.67,27.5467
50.68,27.5522
50.69,27.5577
50.7,27.5633
50.71,27.5688
50.72,27.5743
50.73,27.5798
50.74,27.5853
50.75,27.5908
50.76,27.5964
50.77,27.6019
50.78,27.6074
50.79,27.6129
50.8,27.6184
50.81,27.624
50.82,27.6295
50.83,27.635
50.84,27.6405
50.85,27.6461
50.86,27.6516
50.87,27.6571
50.88,27.6627
50.89,27.6682
50.9,27.6737
50.91,27.6793
50.92,27.6848
50.93,27.6903
50.94,27.6959
50.95,27.7014
50.96,27.7069
50.97,27.7125
50.98,27.718
50.99,27.7236
51,27.7291
51.01,27.7347
51.02,27.7402
51.03,27.7458
51.04,27.7513
51.05,27.7569
51.06,27.7624
51.07,27.768
51.08,27.7735
51.09,27.7791
51.1,27.7846
51.11,27.7902
51.12,27.7957
51.13,27.8013
51.14,27.8069
51.15,27.8124
51.16,27.818
51.17,27.8235
51.18,27.8291
51.19,27.8347
51.2,27.8402
51.21,27.8458
51.22,27.8514
51.23,27.857
51.24,27.8625
51.25,27.8681
51.26,27.8737
51.27,27.8792
51.28,27.8848
51.29,27.8904
51.3,27.896
51.31,27.9016
51.32,27.9071
51.33,27.9127
51.34,27.9183
51.35,27.9239
51.36,27.9295
51.37,27.9351
51.38,27.9406
51.39,27.9462
51.4,27.9518
51.41,27.9574
51.42,27.963
51.43,27.9686
51.44,27.9742
51.45,27.9798
51.46,27.9854
51.47,27.991
51.48,27.9966
51.49,28.0022
51.5,28.0078
51.51,28.0134
51.52,28.019
51.53,28.0246
51.54,28.0302
51.55,28.0358
51.56,28.0414
51.57,28.047
51.58,28.0526
51.59,28.0582
51.6,28.0638
51.61,28.0695
51.62,28.0751
51.63,28.0807
51.64,28.0863
51.65,28.0919
51.66,28.0975
51.67,28.1032
51.68,28.1088
51.69,28.1144
51.7,28.12
51.71,28.1256
51.72,28.1313
51.73,28.1369
51.74,28.1425
51.75,28.1481
51.76,28.1538
51.77,28.1594
51.78,28.165
51.79,28.1707
51.8,28.1763
51.81,28.1819
51.82,28.1876
51.83,28.1932
51.84,28.1989
51.85,28.2045
51.86,28.2101
51.87,28.2158
51.88,28.2214
51.89,28.2271
51.9,28.2327
51.91,28.2384
51.92,28.244
51.93,28.2497
51.94,28.2553
51.95,28.261
51.96,28.2666
51.97,28.2723
51.98,28.2779
51.99,28.2836
52,28.2892
52.01,28.2949
52.02,28.3005
52.03,28.3062
52.04,28.3119
52.05,28.3175
52.06,28.3232
52.07,28.3289
52.08,28.3345
52.09,28.3402
52.1,28.3459
52.11,28.3515
52.12,28.3572
52.13,28.3629
52.14,28.3685
52.15,28.3742
52.16,28.3799
52.17,28.3856
52.18,28.3912
52.19,28.3969
52.2,28.4026
52.21,28.4083
52.22,28.414
52.23,28.4196
52.24,28.4253
52.25,28.431
52.26,28.4367
52.27,28.4424
52.28,28.4481
52.29,28.4538
52.3,28.4595
52.31,28.4651
52.32,28.4708
52.33,28.4765
52.34,28.4822
52.35,28.4879
52.36,28.4936
52.37,28.4993
52.38,28.505
52.39,28.5107
52.4,28.5164
52.41,28.5221
52.42,28.5278
52.43,28.5335
52.44,28.5392
52.45,28.545
52.46,28.5507
52.47,28.5564
52.48,28.5621
52.49,28.5678
52.5,28.5735
52.51,28.5792
52.52,28.5849
52.53,28.5907
52.54,28.5964
52.55,28.6021
52.56,28.6078
52.57,28.6135
52.58,28.6193
52.59,28.625
52.6,28.6307
52.61,28.6364
52.62,28.6422
52.63,28.6479
52.64,28.6536
52.65,28.6594
52.66,28.6651
52.67,28.6708
52.68,28.6766
52.69,28.6823
52.7,28.688
52.71,28.6938
52.72,28.6995
52.73,28.7052
52.74,28.711
52.75,28.7167
52.76,28.7225
52.77,28.7282
52.78,28.734
52.79,28.7397
52.8,28.7455
52.81,28.7512
52.82,28.7569
52.83,28.7627
52.84,28.7685
52.85,28.7742
52.86,28.78
52.87,28.7857
52.88,28.7915
52.89,28.7972
52.9,28.803
52.91,28.8088
52.92,28.8145
52.93,28.8203
52.94,28.826
52.95,28.8318
52.96,28.8376
52.97,28.8433
52.98,28.8491
52.99,28.8549
53,28.8607
53.01,28.8664
53.02,28.8722
53.03,28.878
53.04,28.8837
53.05,28.8895
53.06,28.8953
53.07,28.9011
53.08,28.9069
53.09,28.9126
53.1,28.9184
53.11,28.9242
53.12,28.93
53.13,28.9358
53.14,28.9416
53.15,28.9474
53.16,28.9531
53.17,28.9589
53.18,28.9647
53.19,28.9705
53.2,28.9763
53.21,28.9821
53.22,28.9879
53.23,28.9937
53.24,28.9995
53.25,29.0053
53.26,29.0111
53.27,29.0169
53.28,29.0227
53.29,29.0285
53.3,29.0343
53.31,29.0401
53.32,29.0459
53.33,29.0517
53.34,29.0576
53.35,29.0634
53.36,29.0692
53.37,29.075
53.38,29.0808
53.39,29.0866
53.4,29.0924
53.41,29.0983
53.42,29.1041
53.43,29.1099
53.44,29.1157
53.45,29.1215
53.46,29.1274
53.47,29.1332
53.48,29.139
53.49,29.1448
53.5,29.1507
53.51,29.1565
53.52,29.1623
53.53,29.1682
53.54,29.174
53.55,29.1798
53.56,29.1857
53.57,29.1915
53.58,29.1973
53.59,29.2032
53.6,29.209
53.61,29.2149
53.62,29.2207
53.63,29.2266
53.64,29.2324
53.65,29.2383
53.66,29.2441
53.67,29.2499
53.68,29.2558
53.69,29.2616
53.7,29.2675
53.71,29.2734
53.72,29.2792
53.73,29.2851
53.74,29.2909
53.75,29.2968
53.76,29.3026
53.77,29.3085
53.78,29.3144
53.79,29.3202
53.8,29.3261
53.81,29.332
53.82,29.3378
53.83,29.3437
53.84,29.3496
53.85,29.3554
53.86,29.3613
53.87,29.3672
53.88,29.373
53.89,29.3789
53.9,29.3848
53.91,29.3907
53.92,29.3965
53.93,29.4024
53.94,29.4083
53.95,29.4142
53.96,29.4201
53.97,29.426
53.98,29.4318
53.99,29.4377
54,29.4436
54.01,29.4495
54.02,29.4554
54.03,29.4613
54.04,29.4672
54.05,29.4731
54.06,29.479
54.07,29.4849
54.08,29.4908
54.09,29.4967
54.1,29.5026
54.11,29.5085
54.12,29.5144
54.13,29.5203
54.14,29.5262
54.15,29.5321
54.16,29.538
54.17,29.5439
54.18,29.5498
54.19,29.5557
54.2,29.5616
54.21,29.5675
54.22,29.5734
54.23,29.5794
54.24,29.5853
54.25,29.5912
54.26,29.5971
54.27,29.603
54.28,29.6089
54.29,29.6149
54.3,29.6208
54.31,29.6267
54.32,29.6326
54.33,29.6386
54.34,29.6445
54.35,29.6504
54.36,29.6564
54.37,29.6623
54.38,29.6682
54.39,29.6742
54.4,29.6801
54.41,29.686
54.42,29.692
54.43,29.6979
54.44,29.7038
54.45,29.7098
54.46,29.7157
54.47,29.7217
54.48,29.7276
54.49,29.7336
54.5,29.7395
54.51,29.7454
54.52,29.7514
54.53,29.7573
54.54,29.7633
54.55,29.7693
54.56,29.7752
54.57,29.7812
54.58,29.7871
54.59,29.7931
54.6,29.799
54.61,29.805
54.62,29.811
54.63,29.8169
54.64,29.8229
54.65,29.8288
54.66,29.8348
54.67,29.8408
54.68,29.8467
54.69,29.8527
54.7,29.8587
54.71,29.8647
54.72,29.8706
54.73,29.8766
54.74,29.8826
54.75,29.8886
54.76,29.8945
54.77,29.9005
54.78,29.9065
54.79,29.9125
54.8,29.9185
54.81,29.9244
54.82,29.9304
54.83,29.9364
54.84,29.9424
54.85,29.9484
54.86,29.9544
54.87,29.9604
54.88,29.9664
54.89,29.9724
54.9,29.9783
54.91,29.9843
54.92,29.9903
54.93,29.9963
54.94,30.0023
54.95,30.0083
54.96,30.0143
54.97,30.0203
54.98,30.0263
54.99,30.0323
55,30.0384
55.01,30.0444
55.02,30.0504
55.03,30.0564
55.04,30.0624
55.05,30.0684
55.06,30.0744
55.07,30.0804
55.08,30.0865
55.09,30.0925
55.1,30.0985
55.11,30.1045
55.12,30.1105
55.13,30.1165
55.14,30.1226
55.15,30.1286
55.16,30.1346
55.17,30.1407
55.18,30.1467
55.19,30.1527
55.2,30.1587
55.21,30.1648
55.22,30.1708
55.23,30.1768
55.24,30.1829
55.25,30.1889
55.26,30.1949
55.27,30.201
55.28,30.207
55.29,30.2131
55.3,30.2191
55.31,30.2252
55.32,30.2312
55.33,30.2372
55.34,30.2433
55.35,30.2493
55.36,30.2554
55.37,30.2614
55.38,30.2675
55.39,30.2735
55.4,30.2796
55.41,30.2857
55.42,30.2917
55.43,30.2978
55.44,30.3038
55.45,30.3099
55.46,30.316
55.47,30.322
55.48,30.3281
55.49,30.3341
55.5,30.3402
55.51,30.3463
55.52,30.3524
55.53,30.3584
55.54,30.3645
55.55,30.3706
55.56,30.3766
55.57,30.3827
55.58,30.3888
55.59,30.3949
55.6,30.401
55.61,30.407
55.62,30.4131
55.63,30.4192
55.64,30.4253
55.65,30.4314
55.66,30.4375
55.67,30.4435
55.68,30.4496
55.69,30.4557
55.7,30.4618
55.71,30.4679
55.72,30.474
55.73,30.4801
55.74,30.4862
55.75,30.4923
55.76,30.4984
55.77,30.5045
55.78,30.5106
55.79,30.5167
55.8,30.5228
55.81,30.5289
55.82,30.535
55.83,30.5411
55.84,30.5472
55.85,30.5533
55.86,30.5594
55.87,30.5655
55.88,30.5717
55.89,30.5778
55.9,30.5839
55.91,30.59
55.92,30.5961
55.93,30.6022
55.94,30.6084
55.95,30.6145
55.96,30.6206
55.97,30.6267
55.98,30.6329
55.99,30.639
56,30.6451
56.01,30.6512
56.02,30.6574
56.03,30.6635
56.04,30.6696
56.05,30.6758
56.06,30.6819
56.07,30.688
56.08,30.6942
56.09,30.7003
56.1,30.7065
56.11,30.7126
56.12,30.7187
56.13,30.7249
56.14,30.731
56.15,30.7372
56.16,30.7433
56.17,30.7495
56.18,30.7556
56.19,30.7618
56.2,30.7679
56.21,30.7741
56.22,30.7802
56.23,30.7864
56.24,30.7925
56.25,30.7987
56.26,30.8049
56.27,30.811
56.28,30.8172
56.29,30.8234
56.3,30.8295
56.31,30.8357
56.32,30.8418
56.33,30.848
56.34,30.8542
56.35,30.8604
56.36,30.8665
56.37,30.8727
56.38,30.8789
56.39,30.8851
56.4,30.8912
56.41,30.8974
56.42,30.9036
56.43,30.9098
56.44,30.9159
56.45,30.9221
56.46,30.9283
56.47,30.9345
56.48,30.9407
56.49,30.9469
56.5,30.9531
56.51,30.9593
56.52,30.9655
56.53,30.9716
56.54,30.9778
56.55,30.984
56.56,30.9902
56.57,30.9964
56.58,31.0026
56.59,31.0088
56.6,31.015
56.61,31.0212
56.62,31.0274
56.63,31.0336
56.64,31.0398
56.65,31.0461
56.66,31.0523
56.67,31.0585
56.68,31.0647
56.69,31.0709
56.7,31.0771
56.71,31.0833
56.72,31.0895
56.73,31.0958
56.74,31.102
56.75,31.1082
56.76,31.1144
56.77,31.1206
56.78,31.1269
56.79,31.1331
56.8,31.1393
56.81,31.1456
56.82,31.1518
56.83,31.158
56.84,31.1642
56.85,31.1705
56.86,31.1767
56.87,31.1829
56.88,31.1892
56.89,31.1954
56.9,31.2017
56.91,31.2079
56.92,31.2141
56.93,31.2204
56.94,31.2266
56.95,31.2329
56.96,31.2391
56.97,31.2454
56.98,31.2516
56.99,31.2579
57,31.2641
57.01,31.2704
57.02,31.2766
57.03,31.2829
57.04,31.2891
57.05,31.2954
57.06,31.3017
57.07,31.3079
57.08,31.3142
57.09,31.3204
57.1,31.3267
57.11,31.333
57.12,31.3392
57.13,31.3455
57.14,31.3518
57.15,31.358
57.16,31.3643
57.17,31.3706
57.18,31.3769
57.19,31.3831
57.2,31.3894
57.21,31.3957
57.22,31.402
57.23,31.4083
57.24,31.4145
57.25,31.4208
57.26,31.4271
57.27,31.4334
57.28,31.4397
57.29,31.446
57.3,31.4522
57.31,31.4585
57.32,31.4648
57.33,31.4711
57.34,31.4774
57.35,31.4837
57.36,31.49
57.37,31.4963
57.38,31.5026
57.39,31.5089
57.4,31.5152
57.41,31.5215
57.42,31.5278
57.43,31.5341
57.44,31.5404
57.45,31.5467
57.46,31.553
57.47,31.5594
57.48,31.5657
57.49,31.572
57.5,31.5783
57.51,31.5846
57.52,31.5909
57.53,31.5972
57.54,31.6036
57.55,31.6099
57.56,31.6162
57.57,31.6225
57.58,31.6289
57.59,31.6352
57.6,31.6415
57.61,31.6478
57.62,31.6542
57.63,31.6605
57.64,31.6668
57.65,31.6732
57.66,31.6795
57.67,31.6858
57.68,31.6922
57.69,31.6985
57.7,31.7049
57.71,31.7112
57.72,31.7175
57.73,31.7239
57.74,31.7302
57.75,31.7366
57.76,31.7429
57.77,31.7493
57.78,31.7556
57.79,31.762
57.8,31.7683
57.81,31.7747
57.82,31.781
57.83,31.7874
57.84,31.7937
57.85,31.8001
57.86,31.8065
57.87,31.8128
57.88,31.8192
57.89,31.8255
57.9,31.8319
57.91,31.8383
57.92,31.8446
57.93,31.851
57.94,31.8574
57.95,31.8638
57.96,31.8701
57.97,31.8765
57.98,31.8829
57.99,31.8893
58,31.8956
58.01,31.902
58.02,31.9084
58.03,31.9148
58.04,31.9212
58.05,31.9275
58.06,31.9339
58.07,31.9403
58.08,31.9467
58.09,31.9531
58.1,31.9595
58.11,31.9659
58.12,31.9723
58.13,31.9787
58.14,31.9851
58.15,31.9915
58.16,31.9979
58.17,32.0043
58.18,32.0107
58.19,32.0171
58.2,32.0235
58.21,32.0299
58.22,32.0363
58.23,32.0427
58.24,32.0491
58.25,32.0555
58.26,32.0619
58.27,32.0683
58.28,32.0747
58.29,32.0811
58.3,32.0876
58.31,32.094
58.32,32.1004
58.33,32.1068
58.34,32.1132
58.35,32.1197
58.36,32.1261
58.37,32.1325
58.38,32.1389
58.39,32.1454
58.4,32.1518
58.41,32.1582
58.42,32.1647
58.43,32.1711
58.44,32.1775
58.45,32.184
58.46,32.1904
58.47,32.1968
58.48,32.2033
58.49,32.2097
58.5,32.2162
58.51,32.2226
58.52,32.229
58.53,32.2355
58.54,32.2419
58.55,32.2484
58.56,32.2548
58.57,32.2613
58.58,32.2677
58.59,32.2742
58.6,32.2806
58.61,32.2871
58.62,32.2936
58.63,32.3
58.64,32.3065
58.65,32.3129
58.66,32.3194
58.67,32.3259
58.68,32.3323
58.69,32.3388
58.7,32.3453
58.71,32.3517
58.72,32.3582
58.73,32.3647
58.74,32.3712
58.75,32.3776
58.76,32.3841
58.77,32.3906
58.78,32.3971
58.79,32.4035
58.8,32.41
58.81,32.4165
58.82,32.423
58.83,32.4295
58.84,32.436
58.85,32.4424
58.86,32.4489
58.87,32.4554
58.88,32.4619
58.89,32.4684
58.9,32.4749
58.91,32.4814
58.92,32.4879
58.93,32.4944
58.94,32.5009
58.95,32.5074
58.96,32.5139
58.97,32.5204
58.98,32.5269
58.99,32.5334
59,32.5399
59.01,32.5464
59.02,32.5529
59.03,32.5594
59.04,32.5659
59.05,32.5725
59.06,32.579
59.07,32.5855
59.08,32.592
59.09,32.5985
59.1,32.605
59.11,32.6116
59.12,32.6181
59.13,32.6246
59.14,32.6311
59.15,32.6377
59.16,32.6442
59.17,32.6507
59.18,32.6572
59.19,32.6638
59.2,32.6703
59.21,32.6768
59.22,32.6834
59.23,32.6899
59.24,32.6965
59.25,32.703
59.26,32.7095
59.27,32.7161
59.28,32.7226
59.29,32.7292
59.3,32.7357
59.31,32.7423
59.32,32.7488
59.33,32.7554
59.34,32.7619
59.35,32.7685
59.36,32.775
59.37,32.7816
59.38,32.7881
59.39,32.7947
59.4,32.8012
59.41,32.8078
59.42,32.8144
59.43,32.8209
59.44,32.8275
59.45,32.8341
59.46,32.8406
59.47,32.8472
59.48,32.8538
59.49,32.8603
59.5,32.8669
59.51,32.8735
59.52,32.88
59.53,32.8866
59.54,32.8932
59.55,32.8998
59.56,32.9064
59.57,32.9129
59.58,32.9195
59.59,32.9261
59.6,32.9327
59.61,32.9393
59.62,32.9459
59.63,32.9525
59.64,32.959
59.65,32.9656
59.66,32.9722
59.67,32.9788
59.68,32.9854
59.69,32.992
59.7,32.9986
59.71,33.0052
59.72,33.0118
59.73,33.0184
59.74,33.025
59.75,33.0316
59.76,33.0382
59.77,33.0448
59.78,33.0515
59.79,33.0581
59.8,33.0647
59.81,33.0713
59.82,33.0779
59.83,33.0845
59.84,33.0911
59.85,33.0978
59.86,33.1044
59.87,33.111
59.88,33.1176
59.89,33.1242
59.9,33.1309
59.91,33.1375
59.92,33.1441
59.93,33.1507
59.94,33.1574
59.95,33.164
59.96,33.1706
59.97,33.1773
59.98,33.1839
59.99,33.1905
60,33.1972
60.01,33.2038
60.02,33.2105
60.03,33.2171
60.04,33.2238
60.05,33.2304
60.06,33.237
60.07,33.2437
60.08,33.2503
60.09,33.257
60.1,33.2636
60.11,33.2703
60.12,33.2769
60.13,33.2836
60.14,33.2903
60.15,33.2969
60.16,33.3036
60.17,33.3102
60.18,33.3169
60.19,33.3236
60.2,33.3302
60.21,33.3369
60.22,33.3436
60.23,33.3502
60.24,33.3569
60.25,33.3636
60.26,33.3702
60.27,33.3769
60.28,33.3836
60.29,33.3903
60.3,33.3969
60.31,33.4036
60.32,33.4103
60.33,33.417
60.34,33.4237
60.35,33.4304
60.36,33.437
60.37,33.4437
60.38,33.4504
60.39,33.4571
60.4,33.4638
60.41,33.4705
60.42,33.4772
60.43,33.4839
60.44,33.4906
60.45,33.4973
60.46,33.504
60.47,33.5107
60.48,33.5174
60.49,33.5241
60.5,33.5308
60.51,33.5375
60.52,33.5442
60.53,33.5509
60.54,33.5576
60.55,33.5643
60.56,33.571
60.57,33.5778
60.58,33.5845
60.59,33.5912
60.6,33.5979
60.61,33.6046
60.62,33.6114
60.63,33.6181
60.64,33.6248
60.65,33.6315
60.66,33.6382
60.67,33.645
60.68,33.6517
60.69,33.6584
60.7,33.6652
60.71,33.6719
60.72,33.6786
60.73,33.6854
60.74,33.6921
60.75,33.6988
60.76,33.7056
60.77,33.7123
60.78,33.7191
60.79,33.7258
60.8,33.7326
60.81,33.7393
60.82,33.7461
60.83,33.7528
60.84,33.7596
60.85,33.7663
60.86,33.7731
60.87,33.7798
60.88,33.7866
60.89,33.7933
60.9,33.8001
60.91,33.8068
60.92,33.8136
60.93,33.8204
60.94,33.8271
60.95,33.8339
60.96,33.8407
60.97,33.8474
60.98,33.8542
60.99,33.861
61,33.8677
61.01,33.8745
61.02,33.8813
61.03,33.8881
61.04,33.8948
61.05,33.9016
61.06,33.9084
61.07,33.9152
61.08,33.922
61.09,33.9288
61.1,33.9355
61.11,33.9423
61.12,33.9491
61.13,33.9559
61.14,33.9627
61.15,33.9695
61.16,33.9763
61.17,33.9831
61.18,33.9899
61.19,33.9967
61.2,34.0035
61.21,34.0103
61.22,34.0171
61.23,34.0239
61.24,34.0307
61.25,34.0375
61.26,34.0443
61.27,34.0511
61.28,34.0579
61.29,34.0647
61.3,34.0715
61.31,34.0784
61.32,34.0852
61.33,34.092
61.34,34.0988
61.35,34.1056
61.36,34.1124
61.37,34.1193
61.38,34.1261
61.39,34.1329
61.4,34.1397
61.41,34.1466
61.42,34.1534
61.43,34.1602
61.44,34.1671
61.45,34.1739
61.46,34.1807
61.47,34.1876
61.48,34.1944
61.49,34.2012
61.5,34.2081
61.51,34.2149
61.52,34.2218
61.53,34.2286
61.54,34.2355
61.55,34.2423
61.56,34.2492
61.57,34.256
61.58,34.2629
61.59,34.2697
61.6,34.2766
61.61,34.2834
61.62,34.2903
61.63,34.2971
61.64,34.304
61.65,34.3109
61.66,34.3177
61.67,34.3246
61.68,34.3314
61.69,34.3383
61.7,34.3452
61.71,34.352
61.72,34.3589
61.73,34.3658
61.74,34.3727
61.75,34.3795
61.76,34.3864
61.77,34.3933
61.78,34.4002
61.79,34.4071
61.8,34.4139
61.81,34.4208
61.82,34.4277
61.83,34.4346
61.84,34.4415
61.85,34.4484
61.86,34.4553
61.87,34.4621
61.88,34.469
61.89,34.4759
61.9,34.4828
61.91,34.4897
61.92,34.4966
61.93,34.5035
61.94,34.5104
61.95,34.5173
61.96,34.5242
61.97,34.5311
61.98,34.538
61.99,34.5449
62,34.5519
62.01,34.5588
62.02,34.5657
62.03,34.5726
62.04,34.5795
62.05,34.5864
62.06,34.5933
62.07,34.6003
62.08,34.6072
62.09,34.6141
62.1,34.621
62.11,34.6279
62.12,34.6349
62.13,34.6418
62.14,34.6487
62.15,34.6557
62.16,34.6626
62.17,34.6695
62.18,34.6764
62.19,34.6834
62.2,34.6903
62.21,34.6973
62.22,34.7042
62.23,34.7111
62.24,34.7181
62.25,34.725
62.26,34.732
62.27,34.7389
62.28,34.7459
62.29,34.7528
62.3,34.7598
62.31,34.7667
62.32,34.7737
62.33,34.7806
62.34,34.7876
62.35,34.7945
62.36,34.8015
62.37,34.8085
62.38,34.8154
62.39,34.8224
62.4,34.8293
62.41,34.8363
62.42,34.8433
62.43,34.8502
62.44,34.8572
62.45,34.8642
62.46,34.8712
62.47,34.8781
62.48,34.8851
62.49,34.8921
62.5,34.8991
62.51,34.906
62.52,34.913
62.53,34.92
62.54,34.927
62.55,34.934
62.56,34.941
62.57,34.948
62.58,34.9549
62.59,34.9619
62.6,34.9689
62.61,34.9759
62.62,34.9829
62.63,34.9899
62.64,34.9969
62.65,35.0039
62.66,35.0109
62.67,35.0179
62.68,35.0249
62.69,35.0319
62.7,35.0389
62.71,35.0459
62.72,35.0529
62.73,35.06
62.74,35.067
62.75,35.074
62.76,35.081
62.77,35.088
62.78,35.095
62.79,35.102
62.8,35.1091
62.81,35.1161
62.82,35.1231
62.83,35.1301
62.84,35.1372
62.85,35.1442
62.86,35.1512
62.87,35.1583
62.88,35.1653
62.89,35.1723
62.9,35.1794
62.91,35.1864
62.92,35.1934
62.93,35.2005
62.94,35.2075
62.95,35.2145
62.96,35.2216
62.97,35.2286
62.98,35.2357
62.99,35.2427
63,35.2498
63.01,35.2568
63.02,35.2639
63.03,35.2709
63.04,35.278
63.05,35.285
63.06,35.2921
63.07,35.2992
63.08,35.3062
63.09,35.3133
63.1,35.3203
63.11,35.3274
63.12,35.3345
63.13,35.3415
63.14,35.3486
63.15,35.3557
63.16,35.3627
63.17,35.3698
63.18,35.3769
63.19,35.384
63.2,35.391
63.21,35.3981
63.22,35.4052
63.23,35.4123
63.24,35.4194
63.25,35.4264
63.26,35.4335
63.27,35.4406
63.28,35.4477
63.29,35.4548
63.3,35.4619
63.31,35.469
63.32,35.4761
63.33,35.4832
63.34,35.4903
63.35,35.4974
63.36,35.5045
63.37,35.5116
63.38,35.5187
63.39,35.5258
63.4,35.5329
63.41,35.54
63.42,35.5471
63.43,35.5542
63.44,35.5613
63.45,35.5684
63.46,35.5755
63.47,35.5827
63.48,35.5898
63.49,35.5969
63.5,35.604
63.51,35.6111
63.52,35.6182
63.53,35.6254
63.54,35.6325
63.55,35.6396
63.56,35.6468
63.57,35.6539
63.58,35.661
63.59,35.6681
63.6,35.6753
63.61,35.6824
63.62,35.6895
63.63,35.6967
63.64,35.7038
63.65,35.711
63.66,35.7181
63.67,35.7253
63.68,35.7324
63.69,35.7395
63.7,35.7467
63.71,35.7538
63.72,35.761
63.73,35.7681
63.74,35.7753
63.75,35.7825
63.76,35.7896
63.77,35.7968
63.78,35.8039
63.79,35.8111
63.8,35.8182
63.81,35.8254
63.82,35.8326
63.83,35.8397
63.84,35.8469
63.85,35.8541
63.86,35.8613
63.87,35.8684
63.88,35.8756
63.89,35.8828
63.9,35.8899
63.91,35.8971
63.92,35.9043
63.93,35.9115
63.94,35.9187
63.95,35.9259
63.96,35.933
63.97,35.9402
63.98,35.9474
63.99,35.9546
64,35.9618
64.01,35.969
64.02,35.9762
64.03,35.9834
64.04,35.9906
64.05,35.9978
64.06,36.005
64.07,36.0122
64.08,36.0194
64.09,36.0266
64.1,36.0338
64.11,36.041
64.12,36.0482
64.13,36.0554
64.14,36.0626
64.15,36.0698
64.16,36.077
64.17,36.0843
64.18,36.0915
64.19,36.0987
64.2,36.1059
64.21,36.1131
64.22,36.1204
64.23,36.1276
64.24,36.1348
64.25,36.142
64.26,36.1493
64.27,36.1565
64.28,36.1637
64.29,36.171
64.3,36.1782
64.31,36.1854
64.32,36.1927
64.33,36.1999
64.34,36.2071
64.35,36.2144
64.36,36.2216
64.37,36.2289
64.38,36.2361
64.39,36.2434
64.4,36.2506
64.41,36.2579
64.42,36.2651
64.43,36.2724
64.44,36.2796
64.45,36.2869
64.46,36.2941
64.47,36.3014
64.48,36.3087
64.49,36.3159
64.5,36.3232
64.51,36.3304
64.52,36.3377
64.53,36.345
64.54,36.3522
64.55,36.3595
64.56,36.3668
64.57,36.3741
64.58,36.3813
64.59,36.3886
64.6,36.3959
64.61,36.4032
64.62,36.4105
64.63,36.4177
64.64,36.425
64.65,36.4323
64.66,36.4396
64.67,36.4469
64.68,36.4542
64.69,36.4615
64.7,36.4687
64.71,36.476
64.72,36.4833
64.73,36.4906
64.74,36.4979
64.75,36.5052
64.76,36.5125
64.77,36.5198
64.78,36.5271
64.79,36.5344
64.8,36.5418
64.81,36.5491
64.82,36.5564
64.83,36.5637
64.84,36.571
64.85,36.5783
64.86,36.5856
64.87,36.5929
64.88,36.6003
64.89,36.6076
64.9,36.6149
64.91,36.6222
64.92,36.6295
64.93,36.6369
64.94,36.6442
64.95,36.6515
64.96,36.6589
64.97,36.6662
64.98,36.6735
64.99,36.6809
65,36.6882
65.01,36.6955
65.02,36.7029
65.03,36.7102
65.04,36.7176
65.05,36.7249
65.06,36.7322
65.07,36.7396
65.08,36.7469
65.09,36.7543
65.1,36.7616
65.11,36.769
65.12,36.7763
65.13,36.7837
65.14,36.7911
65.15,36.7984
65.16,36.8058
65.17,36.8131
65.18,36.8205
65.19,36.8279
65.2,36.8352
65.21,36.8426
65.22,36.85
65.23,36.8573
65.24,36.8647
65.25,36.8721
65.26,36.8795
65.27,36.8868
65.28,36.8942
65.29,36.9016
65.3,36.909
65.31,36.9163
65.32,36.9237
65.33,36.9311
65.34,36.9385
65.35,36.9459
65.36,36.9533
65.37,36.9607
65.38,36.9681
65.39,36.9755
65.4,36.9829
65.41,36.9902
65.42,36.9976
65.43,37.005
65.44,37.0124
65.45,37.0198
65.46,37.0273
65.47,37.0347
65.48,37.0421
65.49,37.0495
65.5,37.0569
65.51,37.0643
65.52,37.0717
65.53,37.0791
65.54,37.0865
65.55,37.094
65.56,37.1014
65.57,37.1088
65.58,37.1162
65.59,37.1236
65.6,37.1311
65.61,37.1385
65.62,37.1459
65.63,37.1533
65.64,37.1608
65.65,37.1682
65.66,37.1756
65.67,37.1831
65.68,37.1905
65.69,37.198
65.7,37.2054
65.71,37.2128
65.72,37.2203
65.73,37.2277
65.74,37.2352
65.75,37.2426
65.76,37.2501
65.77,37.2575
65.78,37.265
65.79,37.2724
65.8,37.2799
65.81,37.2873
65.82,37.2948
65.83,37.3022
65.84,37.3097
65.85,37.3172
65.86,37.3246
65.87,37.3321
65.88,37.3396
65.89,37.347
65.9,37.3545
65.91,37.362
65.92,37.3694
65.93,37.3769
65.94,37.3844
65.95,37.3919
65.96,37.3993
65.97,37.4068
65.98,37.4143
65.99,37.4218
66,37.4293
66.01,37.4368
66.02,37.4442
66.03,37.4517
66.04,37.4592
66.05,37.4667
66.06,37.4742
66.07,37.4817
66.08,37.4892
66.09,37.4967
66.1,37.5042
66.11,37.5117
66.12,37.5192
66.13,37.5267
66.14,37.5342
66.15,37.5417
66.16,37.5492
66.17,37.5567
66.18,37.5642
66.19,37.5718
66.2,37.5793
66.21,37.5868
66.22,37.5943
66.23,37.6018
66.24,37.6093
66.25,37.6169
66.26,37.6244
66.27,37.6319
66.28,37.6394
66.29,37.647
66.3,37.6545
66.31,37.662
66.32,37.6696
66.33,37.6771
66.34,37.6846
66.35,37.6922
66.36,37.6997
66.37,37.7072
66.38,37.7148
66.39,37.7223
66.4,37.7299
66.41,37.7374
66.42,37.745
66.43,37.7525
66.44,37.7601
66.45,37.7676
66.46,37.7752
66.47,37.7827
66.48,37.7903
66.49,37.7978
66.5,37.8054
66.51,37.813
66.52,37.8205
66.53,37.8281
66.54,37.8357
66.55,37.8432
66.56,37.8508
66.57,37.8584
66.58,37.8659
66.59,37.8735
66.6,37.8811
66.61,37.8887
66.62,37.8962
66.63,37.9038
66.64,37.9114
66.65,37.919
66.66,37.9266
66.67,37.9342
66.68,37.9417
66.69,37.9493
66.7,37.9569
66.71,37.9645
66.72,37.9721
66.73,37.9797
66.74,37.9873
66.75,37.9949
66.76,38.0025
66.77,38.0101
66.78,38.0177
66.79,38.0253
66.8,38.0329
66.81,38.0405
66.82,38.0481
66.83,38.0557
66.84,38.0633
66.85,38.0709
66.86,38.0786
66.87,38.0862
66.88,38.0938
66.89,38.1014
66.9,38.109
66.91,38.1167
66.92,38.1243
66.93,38.1319
66.94,38.1395
66.95,38.1472
66.96,38.1548
66.97,38.1624
66.98,38.17
66.99,38.1777
67,38.1853
67.01,38.193
67.02,38.2006
67.03,38.2082
67.04,38.2159
67.05,38.2235
67.06,38.2312
67.07,38.2388
67.08,38.2465
67.09,38.2541
67.1,38.2618
67.11,38.2694
67.12,38.2771
67.13,38.2847
67.14,38.2924
67.15,38.3
67.16,38.3077
67.17,38.3154
67.18,38.323
67.19,38.3307
67.2,38.3384
67.21,38.346
67.22,38.3537
67.23,38.3614
67.24,38.369
67.25,38.3767
67.26,38.3844
67.27,38.3921
67.28,38.3997
67.29,38.4074
67.3,38.4151
67.31,38.4228
67.32,38.4305
67.33,38.4381
67.34,38.4458
67.35,38.4535
67.36,38.4612
67.37,38.4689
67.38,38.4766
67.39,38.4843
67.4,38.492
67.41,38.4997
67.42,38.5074
67.43,38.5151
67.44,38.5228
67.45,38.5305
67.46,38.5382
67.47,38.5459
67.48,38.5536
67.49,38.5613
67.5,38.569
67.51,38.5768
67.52,38.5845
67.53,38.5922
67.54,38.5999
67.55,38.6076
67.56,38.6154
67.57,38.6231
67.58,38.6308
67.59,38.6385
67.6,38.6463
67.61,38.654
67.62,38.6617
67.63,38.6694
67.64,38.6772
67.65,38.6849
67.66,38.6927
67.67,38.7004
67.68,38.7081
67.69,38.7159
67.7,38.7236
67.71,38.7314
67.72,38.7391
67.73,38.7469
67.74,38.7546
67.75,38.7624
67.76,38.7701
67.77,38.7779
67.78,38.7856
67.79,38.7934
67.8,38.8011
67.81,38.8089
67.82,38.8167
67.83,38.8244
67.84,38.8322
67.85,38.84
67.86,38.8477
67.87,38.8555
67.88,38.8633
67.89,38.871
67.9,38.8788
67.91,38.8866
67.92,38.8944
67.93,38.9021
67.94,38.9099
67.95,38.9177
67.96,38.9255
67.97,38.9333
67.98,38.9411
67.99,38.9488
68,38.9566
68.01,38.9644
68.02,38.9722
68.03,38.98
68.04,38.9878
68.05,38.9956
68.06,39.0034
68.07,39.0112
68.08,39.019
68.09,39.0268
68.1,39.0346
68.11,39.0424
68.12,39.0502
68.13,39.058
68.14,39.0659
68.15,39.0737
68.16,39.0815
68.17,39.0893
68.18,39.0971
68.19,39.1049
68.2,39.1128
68.21,39.1206
68.22,39.1284
68.23,39.1362
68.24,39.1441
68.25,39.1519
68.26,39.1597
68.27,39.1675
68.28,39.1754
68.29,39.1832
68.3,39.1911
68.31,39.1989
68.32,39.2067
68.33,39.2146
68.34,39.2224
68.35,39.2303
68.36,39.2381
68.37,39.246
68.38,39.2538
68.39,39.2617
68.4,39.2695
68.41,39.2774
68.42,39.2852
68.43,39.2931
68.44,39.3009
68.45,39.3088
68.46,39.3167
68.47,39.3245
68.48,39.3324
68.49,39.3402
68.5,39.3481
68.51,39.356
68.52,39.3639
68.53,39.3717
68.54,39.3796
68.55,39.3875
68.56,39.3954
68.57,39.4032
68.58,39.4111
68.59,39.419
68.6,39.4269
68.61,39.4348
68.62,39.4427
68.63,39.4505
68.64,39.4584
68.65,39.4663
68.66,39.4742
68.67,39.4821
68.68,39.49
68.69,39.4979
68.7,39.5058
68.71,39.5137
68.72,39.5216
68.73,39.5295
68.74,39.5374
68.75,39.5453
68.76,39.5532
68.77,39.5611
68.78,39.5691
68.79,39.577
68.8,39.5849
68.81,39.5928
68.82,39.6007
68.83,39.6086
68.84,39.6166
68.85,39.6245
68.86,39.6324
68.87,39.6403
68.88,39.6483
68.89,39.6562
68.9,39.6641
68.91,39.6721
68.92,39.68
68.93,39.6879
68.94,39.6959
68.95,39.7038
68.96,39.7118
68.97,39.7197
68.98,39.7276
68.99,39.7356
69,39.7435
69.01,39.7515
69.02,39.7594
69.03,39.7674
69.04,39.7753
69.05,39.7833
69.06,39.7912
69.07,39.7992
69.08,39.8072
69.09,39.8151
69.1,39.8231
69.11,39.8311
69.12,39.839
69.13,39.847
69.14,39.855
69.15,39.8629
69.16,39.8709
69.17,39.8789
69.18,39.8869
69.19,39.8948
69.2,39.9028
69.21,39.9108
69.22,39.9188
69.23,39.9268
69.24,39.9347
69.25,39.9427
69.26,39.9507
69.27,39.9587
69.28,39.9667
69.29,39.9747
69.3,39.9827
69.31,39.9907
69.32,39.9987
69.33,40.0067
69.34,40.0147
69.35,40.0227
69.36,40.0307
69.37,40.0387
69.38,40.0467
69.39,40.0547
69.4,40.0627
69.41,40.0707
69.42,40.0788
69.43,40.0868
69.44,40.0948
69.45,40.1028
69.46,40.1108
69.47,40.1188
69.48,40.1269
69.49,40.1349
69.5,40.1429
69.51,40.1509
69.52,40.159
69.53,40.167
69.54,40.175
69.55,40.1831
69.56,40.1911
69.57,40.1992
69.58,40.2072
69.59,40.2152
69.6,40.2233
69.61,40.2313
69.62,40.2394
69.63,40.2474
69.64,40.2555
69.65,40.2635
69.66,40.2716
69.67,40.2796
69.68,40.2877
69.69,40.2957
69.7,40.3038
69.71,40.3119
69.72,40.3199
69.73,40.328
69.74,40.3361
69.75,40.3441
69.76,40.3522
69.77,40.3603
69.78,40.3683
69.79,40.3764
69.8,40.3845
69.81,40.3926
69.82,40.4006
69.83,40.4087
69.84,40.4168
69.85,40.4249
69.86,40.433
69.87,40.4411
69.88,40.4491
69.89,40.4572
69.9,40.4653
69.91,40.4734
69.92,40.4815
69.93,40.4896
69.94,40.4977
69.95,40.5058
69.96,40.5139
69.97,40.522
69.98,40.5301
69.99,40.5382
70,40.5463
70.01,40.5544
70.02,40.5625
70.03,40.5707
70.04,40.5788
70.05,40.5869
70.06,40.595
70.07,40.6031
70.08,40.6112
70.09,40.6194
70.1,40.6275
70.11,40.6356
70.12,40.6437
70.13,40.6519
70.14,40.66
70.15,40.6681
70.16,40.6763
70.17,40.6844
70.18,40.6925
70.19,40.7007
70.2,40.7088
70.21,40.717
70.22,40.7251
70.23,40.7332
70.24,40.7414
70.25,40.7495
70.26,40.7577
70.27,40.7658
70.28,40.774
70.29,40.7822
70.3,40.7903
70.31,40.7985
70.32,40.8066
70.33,40.8148
70.34,40.823
70.35,40.8311
70.36,40.8393
70.37,40.8474
70.38,40.8556
70.39,40.8638
70.4,40.872
70.41,40.8801
70.42,40.8883
70.43,40.8965
70.44,40.9047
70.45,40.9129
70.46,40.921
70.47,40.9292
70.48,40.9374
70.49,40.9456
70.5,40.9538
70.51,40.962
70.52,40.9702
70.53,40.9784
70.54,40.9866
70.55,40.9948
70.56,41.0029
70.57,41.0111
70.58,41.0194
70.59,41.0276
70.6,41.0358
70.61,41.044
70.62,41.0522
70.63,41.0604
70.64,41.0686
70.65,41.0768
70.66,41.085
70.67,41.0932
70.68,41.1015
70.69,41.1097
70.7,41.1179
70.71,41.1261
70.72,41.1344
70.73,41.1426
70.74,41.1508
70.75,41.159
70.76,41.1673
70.77,41.1755
70.78,41.1837
70.79,41.192
70.8,41.2002
70.81,41.2085
70.82,41.2167
70.83,41.2249
70.84,41.2332
70.85,41.2414
70.86,41.2497
70.87,41.2579
70.88,41.2662
70.89,41.2744
70.9,41.2827
70.91,41.2909
70.92,41.2992
70.93,41.3075
70.94,41.3157
70.95,41.324
70.96,41.3323
70.97,41.3405
70.98,41.3488
70.99,41.3571
71,41.3653
71.01,41.3736
71.02,41.3819
71.03,41.3902
71.04,41.3984
71.05,41.4067
71.06,41.415
71.07,41.4233
71.08,41.4316
71.09,41.4398
71.1,41.4481
71.11,41.4564
71.12,41.4647
71.13,41.473
71.14,41.4813
71.15,41.4896
71.16,41.4979
71.17,41.5062
71.18,41.5145
71.19,41.5228
71.2,41.5311
71.21,41.5394
71.22,41.5477
71.23,41.556
71.24,41.5643
71.25,41.5727
71.26,41.581
71.27,41.5893
71.28,41.5976
71.29,41.6059
71.3,41.6142
71.31,41.6226
71.32,41.6309
71.33,41.6392
71.34,41.6475
71.35,41.6559
71.36,41.6642
71.37,41.6725
71.38,41.6809
71.39,41.6892
71.4,41.6975
71.41,41.7059
71.42,41.7142
71.43,41.7226
71.44,41.7309
71.45,41.7393
71.46,41.7476
71.47,41.756
71.48,41.7643
71.49,41.7727
71.5,41.781
71.51,41.7894
71.52,41.7977
71.53,41.8061
71.54,41.8145
71.55,41.8228
71.56,41.8312
71.57,41.8395
71.58,41.8479
71.59,41.8563
71.6,41.8647
71.61,41.873
71.62,41.8814
71.63,41.8898
71.64,41.8982
71.65,41.9065
71.66,41.9149
71.67,41.9233
71.68,41.9317
71.69,41.9401
71.7,41.9485
71.71,41.9568
71.72,41.9652
71.73,41.9736
71.74,41.982
71.75,41.9904
71.76,41.9988
71.77,42.0072
71.78,42.0156
71.79,42.024
71.8,42.0324
71.81,42.0408
71.82,42.0492
71.83,42.0577
71.84,42.0661
71.85,42.0745
71.86,42.0829
71.87,42.0913
71.88,42.0997
71.89,42.1082
71.9,42.1166
71.91,42.125
71.92,42.1334
71.93,42.1418
71.94,42.1503
71.95,42.1587
71.96,42.1671
71.97,42.1756
71.98,42.184
71.99,42.1924
72,42.2009
72.01,42.2093
72.02,42.2178
72.03,42.2262
72.04,42.2347
72.05,42.2431
72.06,42.2515
72.07,42.26
72.08,42.2685
72.09,42.2769
72.1,42.2854
72.11,42.2938
72.12,42.3023
72.13,42.3107
72.14,42.3192
72.15,42.3277
72.16,42.3361
72.17,42.3446
72.18,42.3531
72.19,42.3615
72.2,42.37
72.21,42.3785
72.22,42.387
72.23,42.3954
72.24,42.4039
72.25,42.4124
72.26,42.4209
72.27,42.4294
72.28,42.4378
72.29,42.4463
72.3,42.4548
72.31,42.4633
72.32,42.4718
72.33,42.4803
72.34,42.4888
72.35,42.4973
72.36,42.5058
72.37,42.5143
72.38,42.5228
72.39,42.5313
72.4,42.5398
72.41,42.5483
72.42,42.5568
72.43,42.5653
72.44,42.5739
72.45,42.5824
72.46,42.5909
72.47,42.5994
72.48,42.6079
72.49,42.6164
72.5,42.625
72.51,42.6335
72.52,42.642
72.53,42.6505
72.54,42.6591
72.55,42.6676
72.56,42.6761
72.57,42.6847
72.58,42.6932
72.59,42.7018
72.6,42.7103
72.61,42.7188
72.62,42.7274
72.63,42.7359
72.64,42.7445
72.65,42.753
72.66,42.7616
72.67,42.7701
72.68,42.7787
72.69,42.7872
72.7,42.7958
72.71,42.8043
72.72,42.8129
72.73,42.8215
72.74,42.83
72.75,42.8386
72.76,42.8472
72.77,42.8557
72.78,42.8643
72.79,42.8729
72.8,42.8815
72.81,42.89
72.82,42.8986
72.83,42.9072
72.84,42.9158
72.85,42.9244
72.86,42.9329
72.87,42.9415
72.88,42.9501
72.89,42.9587
72.9,42.9673
72.91,42.9759
72.92,42.9845
72.93,42.9931
72.94,43.0017
72.95,43.0103
72.96,43.0189
72.97,43.0275
72.98,43.0361
72.99,43.0447
73,43.0533
73.01,43.0619
73.02,43.0705
73.03,43.0791
73.04,43.0878
73.05,43.0964
73.06,43.105
73.07,43.1136
73.08,43.1222
73.09,43.1309
73.1,43.1395
73.11,43.1481
73.12,43.1568
73.13,43.1654
73.14,43.174
73.15,43.1827
73.16,43.1913
73.17,43.1999
73.18,43.2086
73.19,43.2172
73.2,43.2259
73.21,43.2345
73.22,43.2431
73.23,43.2518
73.24,43.2604
73.25,43.2691
73.26,43.2777
73.27,43.2864
73.28,43.2951
73.29,43.3037
73.3,43.3124
73.31,43.321
73.32,43.3297
73.33,43.3384
73.34,43.347
73.35,43.3557
73.36,43.3644
73.37,43.3731
73.38,43.3817
73.39,43.3904
73.4,43.3991
73.41,43.4078
73.42,43.4164
73.43,43.4251
73.44,43.4338
73.45,43.4425
73.46,43.4512
73.47,43.4599
73.48,43.4686
73.49,43.4773
73.5,43.486
73.51,43.4947
73.52,43.5034
73.53,43.5121
73.54,43.5208
73.55,43.5295
73.56,43.5382
73.57,43.5469
73.58,43.5556
73.59,43.5643
73.6,43.573
73.61,43.5817
73.62,43.5904
73.63,43.5992
73.64,43.6079
73.65,43.6166
73.66,43.6253
73.67,43.634
73.68,43.6428
73.69,43.6515
73.7,43.6602
73.71,43.669
73.72,43.6777
73.73,43.6864
73.74,43.6952
73.75,43.7039
73.76,43.7127
73.77,43.7214
73.78,43.7301
73.79,43.7389
73.8,43.7476
73.81,43.7564
73.82,43.7651
73.83,43.7739
73.84,43.7826
73.85,43.7914
73.86,43.8002
73.87,43.8089
73.88,43.8177
73.89,43.8264
73.9,43.8352
73.91,43.844
73.92,43.8527
73.93,43.8615
73.94,43.8703
73.95,43.8791
73.96,43.8878
73.97,43.8966
73.98,43.9054
73.99,43.9142
74,43.923
74.01,43.9317
74.02,43.9405
74.03,43.9493
74.04,43.9581
74.05,43.9669
74.06,43.9757
74.07,43.9845
74.08,43.9933
74.09,44.0021
74.1,44.0109
74.11,44.0197
74.12,44.0285
74.13,44.0373
74.14,44.0461
74.15,44.0549
74.16,44.0637
74.17,44.0725
74.18,44.0813
74.19,44.0902
74.2,44.099
74.21,44.1078
74.22,44.1166
74.23,44.1254
74.24,44.1343
74.25,44.1431
74.26,44.1519
74.27,44.1608
74.28,44.1696
74.29,44.1784
74.3,44.1873
74.31,44.1961
74.32,44.2049
74.33,44.2138
74.34,44.2226
74.35,44.2315
74.36,44.2403
74.37,44.2492
74.38,44.258
74.39,44.2669
74.4,44.2757
74.41,44.2846
74.42,44.2934
74.43,44.3023
74.44,44.3111
74.45,44.32
74.46,44.3289
74.47,44.3377
74.48,44.3466
74.49,44.3555
74.5,44.3643
74.51,44.3732
74.52,44.3821
74.53,44.391
74.54,44.3998
74.55,44.4087
74.56,44.4176
74.57,44.4265
74.58,44.4354
74.59,44.4443
74.6,44.4532
74.61,44.462
74.62,44.4709
74.63,44.4798
74.64,44.4887
74.65,44.4976
74.66,44.5065
74.67,44.5154
74.68,44.5243
74.69,44.5332
74.7,44.5421
74.71,44.551
74.72,44.56
74.73,44.5689
74.74,44.5778
74.75,44.5867
74.76,44.5956
74.77,44.6045
74.78,44.6135
74.79,44.6224
74.8,44.6313
74.81,44.6402
74.82,44.6492
74.83,44.6581
74.84,44.667
74.85,44.676
74.86,44.6849
74.87,44.6938
74.88,44.7028
74.89,44.7117
74.9,44.7206
74.91,44.7296
74.92,44.7385
74.93,44.7475
74.94,44.7564
74.95,44.7654
74.96,44.7743
74.97,44.7833
74.98,44.7923
74.99,44.8012
75,44.8102
75.01,44.8191
75.02,44.8281
75.03,44.8371
75.04,44.846
75.05,44.855
75.06,44.864
75.07,44.8729
75.08,44.8819
75.09,44.8909
75.1,44.8999
75.11,44.9089
75.12,44.9178
75.13,44.9268
75.14,44.9358
75.15,44.9448
75.16,44.9538
75.17,44.9628
75.18,44.9718
75.19,44.9808
75.2,44.9898
75.21,44.9987
75.22,45.0077
75.23,45.0168
75.24,45.0258
75.25,45.0348
75.26,45.0438
75.27,45.0528
75.28,45.0618
75.29,45.0708
75.3,45.0798
75.31,45.0888
75.32,45.0978
75.33,45.1069
75.34,45.1159
75.35,45.1249
75.36,45.1339
75.37,45.143
75.38,45.152
75.39,45.161
75.4,45.1701
75.41,45.1791
75.42,45.1881
75.43,45.1972
75.44,45.2062
75.45,45.2152
75.46,45.2243
75.47,45.2333
75.48,45.2424
75.49,45.2514
75.5,45.2605
75.51,45.2695
75.52,45.2786
75.53,45.2876
75.54,45.2967
75.55,45.3058
75.56,45.3148
75.57,45.3239
75.58,45.3329
75.59,45.342
75.6,45.3511
75.61,45.3601
75.62,45.3692
75.63,45.3783
75.64,45.3874
75.65,45.3964
75.66,45.4055
75.67,45.4146
75.68,45.4237
75.69,45.4328
75.7,45.4419
75.71,45.4509
75.72,45.46
75.73,45.4691
75.74,45.4782
75.75,45.4873
75.76,45.4964
75.77,45.5055
75.78,45.5146
75.79,45.5237
75.8,45.5328
75.81,45.5419
75.82,45.551
75.83,45.5602
75.84,45.5693
75.85,45.5784
75.86,45.5875
75.87,45.5966
75.88,45.6057
75.89,45.6149
75.9,45.624
75.91,45.6331
75.92,45.6422
75.93,45.6514
75.94,45.6605
75.95,45.6696
75.96,45.6787
75.97,45.6879
75.98,45.697
75.99,45.7062
76,45.7153
76.01,45.7244
76.02,45.7336
76.03,45.7427
76.04,45.7519
76.05,45.761
76.06,45.7702
76.07,45.7793
76.08,45.7885
76.09,45.7977
76.1,45.8068
76.11,45.816
76.12,45.8251
76.13,45.8343
76.14,45.8435
76.15,45.8526
76.16,45.8618
76.17,45.871
76.18,45.8802
76.19,45.8893
76.2,45.8985
76.21,45.9077
76.22,45.9169
76.23,45.9261
76.24,45.9352
76.25,45.9444
76.26,45.9536
76.27,45.9628
76.28,45.972
76.29,45.9812
76.3,45.9904
76.31,45.9996
76.32,46.0088
76.33,46.018
76.34,46.0272
76.35,46.0364
76.36,46.0456
76.37,46.0548
76.38,46.064
76.39,46.0732
76.4,46.0825
76.41,46.0917
76.42,46.1009
76.43,46.1101
76.44,46.1193
76.45,46.1286
76.46,46.1378
76.47,46.147
76.48,46.1562
76.49,46.1655
76.5,46.1747
76.51,46.1839
76.52,46.1932
76.53,46.2024
76.54,46.2117
76.55,46.2209
76.56,46.2301
76.57,46.2394
76.58,46.2486
76.59,46.2579
76.6,46.2671
76.61,46.2764
76.62,46.2856
76.63,46.2949
76.64,46.3042
76.65,46.3134
76.66,46.3227
76.67,46.3319
76.68,46.3412
76.69,46.3505
76.7,46.3598
76.71,46.369
76.72,46.3783
76.73,46.3876
76.74,46.3969
76.75,46.4061
76.76,46.4154
76.77,46.4247
76.78,46.434
76.79,46.4433
76.8,46.4526
76.81,46.4618
76.82,46.4711
76.83,46.4804
76.84,46.4897
76.85,46.499
76.86,46.5083
76.87,46.5176
76.88,46.5269
76.89,46.5362
76.9,46.5455
76.91,46.5549
76.92,46.5642
76.93,46.5735
76.94,46.5828
76.95,46.5921
76.96,46.6014
76.97,46.6107
76.98,46.6201
76.99,46.6294
77,46.6387
77.01,46.648
77.02,46.6574
77.03,46.6667
77.04,46.676
77.05,46.6854
77.06,46.6947
77.07,46.7041
77.08,46.7134
77.09,46.7227
77.1,46.7321
77.11,46.7414
77.12,46.7508
77.13,46.7601
77.14,46.7695
77.15,46.7788
77.16,46.7882
77.17,46.7975
77.18,46.8069
77.19,46.8163
77.2,46.8256
77.21,46.835
77.22,46.8444
77.23,46.8537
77.24,46.8631
77.25,46.8725
77.26,46.8818
77.27,46.8912
77.28,46.9006
77.29,46.91
77.3,46.9194
77.31,46.9287
77.32,46.9381
77.33,46.9475
77.34,46.9569
77.35,46.9663
77.36,46.9757
77.37,46.9851
77.38,46.9945
77.39,47.0039
77.4,47.0133
77.41,47.0227
77.42,47.0321
77.43,47.0415
77.44,47.0509
77.45,47.0603
77.46,47.0697
77.47,47.0791
77.48,47.0886
77.49,47.098
77.5,47.1074
77.51,47.1168
77.52,47.1262
77.53,47.1357
77.54,47.1451
77.55,47.1545
77.56,47.164
77.57,47.1734
77.58,47.1828
77.59,47.1923
77.6,47.2017
77.61,47.2111
77.62,47.2206
77.63,47.23
77.64,47.2395
77.65,47.2489
77.66,47.2584
77.67,47.2678
77.68,47.2773
77.69,47.2867
77.7,47.2962
77.71,47.3056
77.72,47.3151
77.73,47.3246
77.74,47.334
77.75,47.3435
77.76,47.353
77.77,47.3624
77.78,47.3719
77.79,47.3814
77.8,47.3909
77.81,47.4003
77.82,47.4098
77.83,47.4193
77.84,47.4288
77.85,47.4383
77.86,47.4478
77.87,47.4573
77.88,47.4667
77.89,47.4762
77.9,47.4857
77.91,47.4952
77.92,47.5047
77.93,47.5142
77.94,47.5237
77.95,47.5332
77.96,47.5427
77.97,47.5523
77.98,47.5618
77.99,47.5713
78,47.5808
78.01,47.5903
78.02,47.5998
78.03,47.6093
78.04,47.6189
78.05,47.6284
78.06,47.6379
78.07,47.6474
78.08,47.657
78.09,47.6665
78.1,47.676
78.11,47.6856
78.12,47.6951
78.13,47.7046
78.14,47.7142
78.15,47.7237
78.16,47.7333
78.17,47.7428
78.18,47.7524
78.19,47.7619
78.2,47.7715
78.21,47.781
78.22,47.7906
78.23,47.8001
78.24,47.8097
78.25,47.8193
78.26,47.8288
78.27,47.8384
78.28,47.848
78.29,47.8575
78.3,47.8671
78.31,47.8767
78.32,47.8863
78.33,47.8958
78.34,47.9054
78.35,47.915
78.36,47.9246
78.37,47.9342
78.38,47.9437
78.39,47.9533
78.4,47.9629
78.41,47.9725
78.42,47.9821
78.43,47.9917
78.44,48.0013
78.45,48.0109
78.46,48.0205
78.47,48.0301
78.48,48.0397
78.49,48.0493
78.5,48.0589
78.51,48.0685
78.52,48.0782
78.53,48.0878
78.54,48.0974
78.55,48.107
78.56,48.1166
78.57,48.1263
78.58,48.1359
78.59,48.1455
78.6,48.1551
78.61,48.1648
78.62,48.1744
78.63,48.184
78.64,48.1937
78.65,48.2033
78.66,48.213
78.67,48.2226
78.68,48.2322
78.69,48.2419
78.7,48.2515
78.71,48.2612
78.72,48.2708
78.73,48.2805
78.74,48.2902
78.75,48.2998
78.76,48.3095
78.77,48.3191
78.78,48.3288
78.79,48.3385
78.8,48.3481
78.81,48.3578
78.82,48.3675
78.83,48.3771
78.84,48.3868
78.85,48.3965
78.86,48.4062
78.87,48.4159
78.88,48.4255
78.89,48.4352
78.9,48.4449
78.91,48.4546
78.92,48.4643
78.93,48.474
78.94,48.4837
78.95,48.4934
78.96,48.5031
78.97,48.5128
78.98,48.5225
78.99,48.5322
79,48.5419
79.01,48.5516
79.02,48.5613
79.03,48.571
79.04,48.5807
79.05,48.5905
79.06,48.6002
79.07,48.6099
79.08,48.6196
79.09,48.6293
79.1,48.6391
79.11,48.6488
79.12,48.6585
79.13,48.6682
79.14,48.678
79.15,48.6877
79.16,48.6975
79.17,48.7072
79.18,48.7169
79.19,48.7267
79.2,48.7364
79.21,48.7462
79.22,48.7559
79.23,48.7657
79.24,48.7754
79.25,48.7852
79.26,48.7949
79.27,48.8047
79.28,48.8145
79.29,48.8242
79.3,48.834
79.31,48.8438
79.32,48.8535
79.33,48.8633
79.34,48.8731
79.35,48.8828
79.36,48.8926
79.37,48.9024
79.38,48.9122
79.39,48.922
79.4,48.9317
79.41,48.9415
79.42,48.9513
79.43,48.9611
79.44,48.9709
79.45,48.9807
79.46,48.9905
79.47,49.0003
79.48,49.0101
79.49,49.0199
79.5,49.0297
79.51,49.0395
79.52,49.0493
79.53,49.0591
79.54,49.0689
79.55,49.0787
79.56,49.0886
79.57,49.0984
79.58,49.1082
79.59,49.118
79.6,49.1278
79.61,49.1377
79.62,49.1475
79.63,49.1573
79.64,49.1672
79.65,49.177
79.66,49.1868
79.67,49.1967
79.68,49.2065
79.69,49.2163
79.7,49.2262
79.71,49.236
79.72,49.2459
79.73,49.2557
79.74,49.2656
79.75,49.2754
79.76,49.2853
79.77,49.2951
79.78,49.305
79.79,49.3149
79.8,49.3247
79.81,49.3346
79.82,49.3445
79.83,49.3543
79.84,49.3642
79.85,49.3741
79.86,49.3839
79.87,49.3938
79.88,49.4037
79.89,49.4136
79.9,49.4235
79.91,49.4333
79.92,49.4432
79.93,49.4531
79.94,49.463
79.95,49.4729
79.96,49.4828
79.97,49.4927
79.98,49.5026
79.99,49.5125
80,49.5224
80.01,49.5323
80.02,49.5422
80.03,49.5521
80.04,49.562
80.05,49.5719
80.06,49.5819
80.07,49.5918
80.08,49.6017
80.09,49.6116
80.1,49.6215
80.11,49.6315
80.12,49.6414
80.13,49.6513
80.14,49.6612
80.15,49.6712
80.16,49.6811
80.17,49.691
80.18,49.701
80.19,49.7109
80.2,49.7209
80.21,49.7308
80.22,49.7408
80.23,49.7507
80.24,49.7607
80.25,49.7706
80.26,49.7806
80.27,49.7905
80.28,49.8005
80.29,49.8104
80.3,49.8204
80.31,49.8304
80.32,49.8403
80.33,49.8503
80.34,49.8603
80.35,49.8702
80.36,49.8802
80.37,49.8902
80.38,49.9002
80.39,49.9101
80.4,49.9201
80.41,49.9301
80.42,49.9401
80.43,49.9501
80.44,49.9601
80.45,49.9701
80.46,49.9801
80.47,49.9901
80.48,50.0001
80.49,50.0101
80.5,50.0201
80.51,50.0301
80.52,50.0401
80.53,50.0501
80.54,50.0601
80.55,50.0701
80.56,50.0801
80.57,50.0901
80.58,50.1001
80.59,50.1102
80.6,50.1202
80.61,50.1302
80.62,50.1402
80.63,50.1503
80.64,50.1603
80.65,50.1703
80.66,50.1804
80.67,50.1904
80.68,50.2004
80.69,50.2105
80.7,50.2205
80.71,50.2306
80.72,50.2406
80.73,50.2507
80.74,50.2607
80.75,50.2708
80.76,50.2808
80.77,50.2909
80.78,50.3009
80.79,50.311
80.8,50.3211
80.81,50.3311
80.82,50.3412
80.83,50.3513
80.84,50.3613
80.85,50.3714
80.86,50.3815
80.87,50.3915
80.88,50.4016
80.89,50.4117
80.9,50.4218
80.91,50.4319
80.92,50.442
80.93,50.452
80.94,50.4621
80.95,50.4722
80.96,50.4823
80.97,50.4924
80.98,50.5025
80.99,50.5126
81,50.5227
81.01,50.5328
81.02,50.5429
81.03,50.553
81.04,50.5631
81.05,50.5733
81.06,50.5834
81.07,50.5935
81.08,50.6036
81.09,50.6137
81.1,50.6239
81.11,50.634
81.12,50.6441
81.13,50.6542
81.14,50.6644
81.15,50.6745
81.16,50.6846
81.17,50.6948
81.18,50.7049
81.19,50.7151
81.2,50.7252
81.21,50.7353
81.22,50.7455
81.23,50.7556
81.24,50.7658
81.25,50.7759
81.26,50.7861
81.27,50.7963
81.28,50.8064
81.29,50.8166
81.3,50.8267
81.31,50.8369
81.32,50.8471
81.33,50.8572
81.34,50.8674
81.35,50.8776
81.36,50.8878
81.37,50.8979
81.38,50.9081
81.39,50.9183
81.4,50.9285
81.41,50.9387
81.42,50.9489
81.43,50.959
81.44,50.9692
81.45,50.9794
81.46,50.9896
81.47,50.9998
81.48,51.01
81.49,51.0202
81.5,51.0304
81.51,51.0406
81.52,51.0508
81.53,51.0611
81.54,51.0713
81.55,51.0815
81.56,51.0917
81.57,51.1019
81.58,51.1121
81.59,51.1224
81.6,51.1326
81.61,51.1428
81.62,51.153
81.63,51.1633
81.64,51.1735
81.65,51.1837
81.66,51.194
81.67,51.2042
81.68,51.2145
81.69,51.2247
81.7,51.2349
81.71,51.2452
81.72,51.2554
81.73,51.2657
81.74,51.2759
81.75,51.2862
81.76,51.2965
81.77,51.3067
81.78,51.317
81.79,51.3272
81.8,51.3375
81.81,51.3478
81.82,51.358
81.83,51.3683
81.84,51.3786
81.85,51.3889
81.86,51.3991
81.87,51.4094
81.88,51.4197
81.89,51.43
81.9,51.4403
81.91,51.4506
81.92,51.4608
81.93,51.4711
81.94,51.4814
81.95,51.4917
81.96,51.502
81.97,51.5123
81.98,51.5226
81.99,51.5329
82,51.5432
82.01,51.5536
82.02,51.5639
82.03,51.5742
82.04,51.5845
82.05,51.5948
82.06,51.6051
82.07,51.6154
82.08,51.6258
82.09,51.6361
82.1,51.6464
82.11,51.6568
82.12,51.6671
82.13,51.6774
82.14,51.6878
82.15,51.6981
82.16,51.7084
82.17,51.7188
82.18,51.7291
82.19,51.7395
82.2,51.7498
82.21,51.7602
82.22,51.7705
82.23,51.7809
82.24,51.7912
82.25,51.8016
82.26,51.8119
82.27,51.8223
82.28,51.8327
82.29,51.843
82.3,51.8534
82.31,51.8638
82.32,51.8741
82.33,51.8845
82.34,51.8949
82.35,51.9053
82.36,51.9157
82.37,51.926
82.38,51.9364
82.39,51.9468
82.4,51.9572
82.41,51.9676
82.42,51.978
82.43,51.9884
82.44,51.9988
82.45,52.0092
82.46,52.0196
82.47,52.03
82.48,52.0404
82.49,52.0508
82.5,52.0612
82.51,52.0716
82.52,52.082
82.53,52.0925
82.54,52.1029
82.55,52.1133
82.56,52.1237
82.57,52.1341
82.58,52.1446
82.59,52.155
82.6,52.1654
82.61,52.1759
82.62,52.1863
82.63,52.1967
82.64,52.2072
82.65,52.2176
82.66,52.2281
82.67,52.2385
82.68,52.2489
82.69,52.2594
82.7,52.2698
82.71,52.2803
82.72,52.2908
82.73,52.3012
82.74,52.3117
82.75,52.3221
82.76,52.3326
82.77,52.3431
82.78,52.3535
82.79,52.364
82.8,52.3745
82.81,52.385
82.82,52.3954
82.83,52.4059
82.84,52.4164
82.85,52.4269
82.86,52.4374
82.87,52.4479
82.88,52.4583
82.89,52.4688
82.9,52.4793
82.91,52.4898
82.92,52.5003
82.93,52.5108
82.94,52.5213
82.95,52.5318
82.96,52.5423
82.97,52.5528
82.98,52.5634
82.99,52.5739
83,52.5844
83.01,52.5949
83.02,52.6054
83.03,52.6159
83.04,52.6265
83.05,52.637
83.06,52.6475
83.07,52.658
83.08,52.6686
83.09,52.6791
83.1,52.6896
83.11,52.7002
83.12,52.7107
83.13,52.7213
83.14,52.7318
83.15,52.7424
83.16,52.7529
83.17,52.7635
83.18,52.774
83.19,52.7846
83.2,52.7951
83.21,52.8057
83.22,52.8162
83.23,52.8268
83.24,52.8374
83.25,52.8479
83.26,52.8585
83.27,52.8691
83.28,52.8796
83.29,52.8902
83.3,52.9008
83.31,52.9114
83.32,52.922
83.33,52.9325
83.34,52.9431
83.35,52.9537
83.36,52.9643
83.37,52.9749
83.38,52.9855
83.39,52.9961
83.4,53.0067
83.41,53.0173
83.42,53.0279
83.43,53.0385
83.44,53.0491
83.45,53.0597
83.46,53.0703
83.47,53.081
83.48,53.0916
83.49,53.1022
83.5,53.1128
83.51,53.1234
83.52,53.1341
83.53,53.1447
83.54,53.1553
83.55,53.1659
83.56,53.1766
83.57,53.1872
83.58,53.1978
83.59,53.2085
83.6,53.2191
83.61,53.2298
83.62,53.2404
83.63,53.2511
83.64,53.2617
83.65,53.2724
83.66,53.283
83.67,53.2937
83.68,53.3043
83.69,53.315
83.7,53.3257
83.71,53.3363
83.72,53.347
83.73,53.3577
83.74,53.3683
83.75,53.379
83.76,53.3897
83.77,53.4004
83.78,53.411
83.79,53.4217
83.8,53.4324
83.81,53.4431
83.82,53.4538
83.83,53.4645
83.84,53.4752
83.85,53.4859
83.86,53.4966
83.87,53.5073
83.88,53.518
83.89,53.5287
83.9,53.5394
83.91,53.5501
83.92,53.5608
83.93,53.5715
83.94,53.5822
83.95,53.5929
83.96,53.6037
83.97,53.6144
83.98,53.6251
83.99,53.6358
84,53.6465
84.01,53.6573
84.02,53.668
84.03,53.6787
84.04,53.6895
84.05,53.7002
84.06,53.711
84.07,53.7217
84.08,53.7324
84.09,53.7432
84.1,53.7539
84.11,53.7647
84.12,53.7754
84.13,53.7862
84.14,53.797
84.15,53.8077
84.16,53.8185
84.17,53.8292
84.18,53.84
84.19,53.8508
84.2,53.8615
84.21,53.8723
84.22,53.8831
84.23,53.8939
84.24,53.9046
84.25,53.9154
84.26,53.9262
84.27,53.937
84.28,53.9478
84.29,53.9586
84.3,53.9694
84.31,53.9802
84.32,53.991
84.33,54.0018
84.34,54.0126
84.35,54.0234
84.36,54.0342
84.37,54.045
84.38,54.0558
84.39,54.0666
84.4,54.0774
84.41,54.0882
84.42,54.099
84.43,54.1099
84.44,54.1207
84.45,54.1315
84.46,54.1423
84.47,54.1532
84.48,54.164
84.49,54.1748
84.5,54.1857
84.51,54.1965
84.52,54.2073
84.53,54.2182
84.54,54.229
84.55,54.2399
84.56,54.2507
84.57,54.2616
84.58,54.2724
84.59,54.2833
84.6,54.2941
84.61,54.305
84.62,54.3158
84.63,54.3267
84.64,54.3376
84.65,54.3484
84.66,54.3593
84.67,54.3702
84.68,54.3811
84.69,54.3919
84.7,54.4028
84.71,54.4137
84.72,54.4246
84.73,54.4355
84.74,54.4463
84.75,54.4572
84.76,54.4681
84.77,54.479
84.78,54.4899
84.79,54.5008
84.8,54.5117
84.81,54.5226
84.82,54.5335
84.83,54.5444
84.84,54.5553
84.85,54.5662
84.86,54.5772
84.87,54.5881
84.88,54.599
84.89,54.6099
84.9,54.6208
84.91,54.6318
84.92,54.6427
84.93,54.6536
84.94,54.6645
84.95,54.6755
84.96,54.6864
84.97,54.6973
84.98,54.7083
84.99,54.7192
85,54.7302
85.01,54.7411
85.02,54.7521
85.03,54.763
85.04,54.774
85.05,54.7849
85.06,54.7959
85.07,54.8068
85.08,54.8178
85.09,54.8288
85.1,54.8397
85.11,54.8507
85.12,54.8617
85.13,54.8726
85.14,54.8836
85.15,54.8946
85.16,54.9056
85.17,54.9166
85.18,54.9275
85.19,54.9385
85.2,54.9495
85.21,54.9605
85.22,54.9715
85.23,54.9825
85.24,54.9935
85.25,55.0045
85.26,55.0155
85.27,55.0265
85.28,55.0375
85.29,55.0485
85.3,55.0595
85.31,55.0705
85.32,55.0815
85.33,55.0925
85.34,55.1036
85.35,55.1146
85.36,55.1256
85.37,55.1366
85.38,55.1477
85.39,55.1587
85.4,55.1697
85.41,55.1808
85.42,55.1918
85.43,55.2028
85.44,55.2139
85.45,55.2249
85.46,55.236
85.47,55.247
85.48,55.2581
85.49,55.2691
85.5,55.2802
85.51,55.2912
85.52,55.3023
85.53,55.3133
85.54,55.3244
85.55,55.3355
85.56,55.3465
85.57,55.3576
85.58,55.3687
85.59,55.3797
85.6,55.3908
85.61,55.4019
85.62,55.413
85.63,55.4241
85.64,55.4351
85.65,55.4462
85.66,55.4573
85.67,55.4684
85.68,55.4795
85.69,55.4906
85.7,55.5017
85.71,55.5128
85.72,55.5239
85.73,55.535
85.74,55.5461
85.75,55.5572
85.76,55.5683
85.77,55.5795
85.78,55.5906
85.79,55.6017
85.8,55.6128
85.81,55.6239
85.82,55.6351
85.83,55.6462
85.84,55.6573
85.85,55.6684
85.86,55.6796
85.87,55.6907
85.88,55.7018
85.89,55.713
85.9,55.7241
85.91,55.7353
85.92,55.7464
85.93,55.7576
85.94,55.7687
85.95,55.7799
85.96,55.791
85.97,55.8022
85.98,55.8134
85.99,55.8245
86,55.8357
86.01,55.8468
86.02,55.858
86.03,55.8692
86.04,55.8804
86.05,55.8915
86.06,55.9027
86.07,55.9139
86.08,55.9251
86.09,55.9363
86.1,55.9475
86.11,55.9586
86.12,55.9698
86.13,55.981
86.14,55.9922
86.15,56.0034
86.16,56.0146
86.17,56.0258
86.18,56.037
86.19,56.0482
86.2,56.0594
86.21,56.0707
86.22,56.0819
86.23,56.0931
86.24,56.1043
86.25,56.1155
86.26,56.1268
86.27,56.138
86.28,56.1492
86.29,56.1604
86.3,56.1717
86.31,56.1829
86.32,56.1941
86.33,56.2054
86.34,56.2166
86.35,56.2279
86.36,56.2391
86.37,56.2504
86.38,56.2616
86.39,56.2729
86.4,56.2841
86.41,56.2954
86.42,56.3066
86.43,56.3179
86.44,56.3292
86.45,56.3404
86.46,56.3517
86.47,56.363
86.48,56.3742
86.49,56.3855
86.5,56.3968
86.51,56.4081
86.52,56.4193
86.53,56.4306
86.54,56.4419
86.55,56.4532
86.56,56.4645
86.57,56.4758
86.58,56.4871
86.59,56.4984
86.6,56.5097
86.61,56.521
86.62,56.5323
86.63,56.5436
86.64,56.5549
86.65,56.5662
86.66,56.5775
86.67,56.5888
86.68,56.6002
86.69,56.6115
86.7,56.6228
86.71,56.6341
86.72,56.6455
86.73,56.6568
86.74,56.6681
86.75,56.6794
86.76,56.6908
86.77,56.7021
86.78,56.7135
86.79,56.7248
86.8,56.7361
86.81,56.7475
86.82,56.7588
86.83,56.7702
86.84,56.7815
86.85,56.7929
86.86,56.8043
86.87,56.8156
86.88,56.827
86.89,56.8384
86.9,56.8497
86.91,56.8611
86.92,56.8725
86.93,56.8838
86.94,56.8952
86.95,56.9066
86.96,56.918
86.97,56.9294
86.98,56.9407
86.99,56.9521
87,56.9635
87.01,56.9749
87.02,56.9863
87.03,56.9977
87.04,57.0091
87.05,57.0205
87.06,57.0319
87.07,57.0433
87.08,57.0547
87.09,57.0661
87.1,57.0776
87.11,57.089
87.12,57.1004
87.13,57.1118
87.14,57.1232
87.15,57.1347
87.16,57.1461
87.17,57.1575
87.18,57.1689
87.19,57.1804
87.2,57.1918
87.21,57.2032
87.22,57.2147
87.23,57.2261
87.24,57.2376
87.25,57.249
87.26,57.2605
87.27,57.2719
87.28,57.2834
87.29,57.2948
87.3,57.3063
87.31,57.3178
87.32,57.3292
87.33,57.3407
87.34,57.3522
87.35,57.3636
87.36,57.3751
87.37,57.3866
87.38,57.3981
87.39,57.4095
87.4,57.421
87.41,57.4325
87.42,57.444
87.43,57.4555
87.44,57.467
87.45,57.4785
87.46,57.49
87.47,57.5015
87.48,57.513
87.49,57.5245
87.5,57.536
87.51,57.5475
87.52,57.559
87.53,57.5705
87.54,57.582
87.55,57.5935
87.56,57.605
87.57,57.6166
87.58,57.6281
87.59,57.6396
87.6,57.6511
87.61,57.6627
87.62,57.6742
87.63,57.6857
87.64,57.6973
87.65,57.7088
87.66,57.7203
87.67,57.7319
87.68,57.7434
87.69,57.755
87.7,57.7665
87.71,57.7781
87.72,57.7896
87.73,57.8012
87.74,57.8128
87.75,57.8243
87.76,57.8359
87.77,57.8475
87.78,57.859
87.79,57.8706
87.8,57.8822
87.81,57.8938
87.82,57.9053
87.83,57.9169
87.84,57.9285
87.85,57.9401
87.86,57.9517
87.87,57.9633
87.88,57.9749
87.89,57.9864
87.9,57.998
87.91,58.0096
87.92,58.0212
87.93,58.0329
87.94,58.0445
87.95,58.0561
87.96,58.0677
87.97,58.0793
87.98,58.0909
87.99,58.1025
88,58.1141
88.01,58.1258
88.02,58.1374
88.03,58.149
88.04,58.1607
88.05,58.1723
88.06,58.1839
88.07,58.1956
88.08,58.2072
88.09,58.2188
88.1,58.2305
88.11,58.2421
88.12,58.2538
88.13,58.2654
88.14,58.2771
88.15,58.2887
88.16,58.3004
88.17,58.3121
88.18,58.3237
88.19,58.3354
88.2,58.347
88.21,58.3587
88.22,58.3704
88.23,58.3821
88.24,58.3937
88.25,58.4054
88.26,58.4171
88.27,58.4288
88.28,58.4405
88.29,58.4522
88.3,58.4638
88.31,58.4755
88.32,58.4872
88.33,58.4989
88.34,58.5106
88.35,58.5223
88.36,58.534
88.37,58.5457
88.38,58.5575
88.39,58.5692
88.4,58.5809
88.41,58.5926
88.42,58.6043
88.43,58.616
88.44,58.6278
88.45,58.6395
88.46,58.6512
88.47,58.6629
88.48,58.6747
88.49,58.6864
88.5,58.6981
88.51,58.7099
88.52,58.7216
88.53,58.7334
88.54,58.7451
88.55,58.7569
88.56,58.7686
88.57,58.7804
88.58,58.7921
88.59,58.8039
88.6,58.8156
88.61,58.8274
88.62,58.8392
88.63,58.8509
88.64,58.8627
88.65,58.8745
88.66,58.8863
88.67,58.898
88.68,58.9098
88.69,58.9216
88.7,58.9334
88.71,58.9452
88.72,58.957
88.73,58.9688
88.74,58.9805
88.75,58.9923
88.76,59.0041
88.77,59.0159
88.78,59.0277
88.79,59.0395
88.8,59.0514
88.81,59.0632
88.82,59.075
88.83,59.0868
88.84,59.0986
88.85,59.1104
88.86,59.1223
88.87,59.1341
88.88,59.1459
88.89,59.1577
88.9,59.1696
88.91,59.1814
88.92,59.1932
88.93,59.2051
88.94,59.2169
88.95,59.2288
88.96,59.2406
88.97,59.2525
88.98,59.2643
88.99,59.2762
89,59.288
89.01,59.2999
89.02,59.3117
89.03,59.3236
89.04,59.3355
89.05,59.3473
89.06,59.3592
89.07,59.3711
89.08,59.3829
89.09,59.3948
89.1,59.4067
89.11,59.4186
89.12,59.4305
89.13,59.4423
89.14,59.4542
89.15,59.4661
89.16,59.478
89.17,59.4899
89.18,59.5018
89.19,59.5137
89.2,59.5256
89.21,59.5375
89.22,59.5494
89.23,59.5613
89.24,59.5732
89.25,59.5852
89.26,59.5971
89.27,59.609
89.28,59.6209
89.29,59.6328
89.3,59.6448
89.31,59.6567
89.32,59.6686
89.33,59.6806
89.34,59.6925
89.35,59.7044
89.36,59.7164
89.37,59.7283
89.38,59.7403
89.39,59.7522
89.4,59.7642
89.41,59.7761
89.42,59.7881
89.43,59.8
89.44,59.812
89.45,59.824
89.46,59.8359
89.47,59.8479
89.48,59.8599
89.49,59.8718
89.5,59.8838
89.51,59.8958
89.52,59.9078
89.53,59.9197
89.54,59.9317
89.55,59.9437
89.56,59.9557
89.57,59.9677
89.58,59.9797
89.59,59.9917
89.6,60.0037
89.61,60.0157
89.62,60.0277
89.63,60.0397
89.64,60.0517
89.65,60.0637
89.66,60.0757
89.67,60.0877
89.68,60.0998
89.69,60.1118
89.7,60.1238
89.71,60.1358
89.72,60.1478
89.73,60.1599
89.74,60.1719
89.75,60.1839
89.76,60.196
89.77,60.208
89.78,60.2201
89.79,60.2321
89.8,60.2442
89.81,60.2562
89.82,60.2683
89.83,60.2803
89.84,60.2924
89.85,60.3044
89.86,60.3165
89.87,60.3285
89.88,60.3406
89.89,60.3527
89.9,60.3647
89.91,60.3768
89.92,60.3889
89.93,60.401
89.94,60.4131
89.95,60.4251
89.96,60.4372
89.97,60.4493
89.98,60.4614
89.99,60.4735
90,60.4856
90.01,60.4977
90.02,60.5098
90.03,60.5219
90.04,60.534
90.05,60.5461
90.06,60.5582
90.07,60.5703
90.08,60.5824
90.09,60.5945
90.1,60.6067
90.11,60.6188
90.12,60.6309
90.13,60.643
90.14,60.6552
90.15,60.6673
90.16,60.6794
90.17,60.6916
90.18,60.7037
90.19,60.7158
90.2,60.728
90.21,60.7401
90.22,60.7523
90.23,60.7644
90.24,60.7766
90.25,60.7887
90.26,60.8009
90.27,60.8131
90.28,60.8252
90.29,60.8374
90.3,60.8496
90.31,60.8617
90.32,60.8739
90.33,60.8861
90.34,60.8982
90.35,60.9104
90.36,60.9226
90.37,60.9348
90.38,60.947
90.39,60.9592
90.4,60.9714
90.41,60.9836
90.42,60.9958
90.43,61.008
90.44,61.0202
90.45,61.0324
90.46,61.0446
90.47,61.0568
90.48,61.069
90.49,61.0812
90.5,61.0934
90.51,61.1056
90.52,61.1179
90.53,61.1301
90.54,61.1423
90.55,61.1545
90.56,61.1668
90.57,61.179
90.58,61.1912
90.59,61.2035
90.6,61.2157
90.61,61.228
90.62,61.2402
90.63,61.2525
90.64,61.2647
90.65,61.277
90.66,61.2892
90.67,61.3015
90.68,61.3137
90.69,61.326
90.7,61.3383
90.71,61.3505
90.72,61.3628
90.73,61.3751
90.74,61.3873
90.75,61.3996
90.76,61.4119
90.77,61.4242
90.78,61.4365
90.79,61.4488
90.8,61.461
90.81,61.4733
90.82,61.4856
90.83,61.4979
90.84,61.5102
90.85,61.5225
90.86,61.5348
90.87,61.5471
90.88,61.5594
90.89,61.5718
90.9,61.5841
90.91,61.5964
90.92,61.6087
90.93,61.621
90.94,61.6334
90.95,61.6457
90.96,61.658
90.97,61.6703
90.98,61.6827
90.99,61.695
91,61.7074
91.01,61.7197
91.02,61.732
91.03,61.7444
91.04,61.7567
91.05,61.7691
91.06,61.7814
91.07,61.7938
91.08,61.8062
91.09,61.8185
91.1,61.8309
91.11,61.8432
91.12,61.8556
91.13,61.868
91.14,61.8804
91.15,61.8927
91.16,61.9051
91.17,61.9175
91.18,61.9299
91.19,61.9423
91.2,61.9547
91.21,61.967
91.22,61.9794
91.23,61.9918
91.24,62.0042
91.25,62.0166
91.26,62.029
91.27,62.0414
91.28,62.0539
91.29,62.0663
91.3,62.0787
91.31,62.0911
91.32,62.1035
91.33,62.1159
91.34,62.1284
91.35,62.1408
91.36,62.1532
91.37,62.1656
91.38,62.1781
91.39,62.1905
91.4,62.2029
91.41,62.2154
91.42,62.2278
91.43,62.2403
91.44,62.2527
91.45,62.2652
91.46,62.2776
91.47,62.2901
91.48,62.3025
91.49,62.315
91.5,62.3275
91.51,62.3399
91.52,62.3524
91.53,62.3649
91.54,62.3773
91.55,62.3898
91.56,62.4023
91.57,62.4148
91.58,62.4273
91.59,62.4397
91.6,62.4522
91.61,62.4647
91.62,62.4772
91.63,62.4897
91.64,62.5022
91.65,62.5147
91.66,62.5272
91.67,62.5397
91.68,62.5522
91.69,62.5647
91.7,62.5772
91.71,62.5898
91.72,62.6023
91.73,62.6148
91.74,62.6273
91.75,62.6398
91.76,62.6524
91.77,62.6649
91.78,62.6774
91.79,62.69
91.8,62.7025
91.81,62.7151
91.82,62.7276
91.83,62.7401
91.84,62.7527
91.85,62.7652
91.86,62.7778
91.87,62.7903
91.88,62.8029
91.89,62.8155
91.9,62.828
91.91,62.8406
91.92,62.8532
91.93,62.8657
91.94,62.8783
91.95,62.8909
91.96,62.9035
91.97,62.916
91.98,62.9286
91.99,62.9412
92,62.9538
92.01,62.9664
92.02,62.979
92.03,62.9916
92.04,63.0042
92.05,63.0168
92.06,63.0294
92.07,63.042
92.08,63.0546
92.09,63.0672
92.1,63.0798
92.11,63.0924
92.12,63.1051
92.13,63.1177
92.14,63.1303
92.15,63.1429
92.16,63.1556
92.17,63.1682
92.18,63.1808
92.19,63.1935
92.2,63.2061
92.21,63.2187
92.22,63.2314
92.23,63.244
92.24,63.2567
92.25,63.2693
92.26,63.282
92.27,63.2946
92.28,63.3073
92.29,63.32
92.3,63.3326
92.31,63.3453
92.32,63.358
92.33,63.3706
92.34,63.3833
92.35,63.396
92.36,63.4087
92.37,63.4213
92.38,63.434
92.39,63.4467
92.4,63.4594
92.41,63.4721
92.42,63.4848
92.43,63.4975
92.44,63.5102
92.45,63.5229
92.46,63.5356
92.47,63.5483
92.48,63.561
92.49,63.5737
92.5,63.5864
92.51,63.5991
92.52,63.6119
92.53,63.6246
92.54,63.6373
92.55,63.65
92.56,63.6628
92.57,63.6755
92.58,63.6882
92.59,63.701
92.6,63.7137
92.61,63.7265
92.62,63.7392
92.63,63.752
92.64,63.7647
92.65,63.7775
92.66,63.7902
92.67,63.803
92.68,63.8157
92.69,63.8285
92.7,63.8413
92.71,63.854
92.72,63.8668
92.73,63.8796
92.74,63.8924
92.75,63.9051
92.76,63.9179
92.77,63.9307
92.78,63.9435
92.79,63.9563
92.8,63.9691
92.81,63.9819
92.82,63.9946
92.83,64.0074
92.84,64.0202
92.85,64.0331
92.86,64.0459
92.87,64.0587
92.88,64.0715
92.89,64.0843
92.9,64.0971
92.91,64.1099
92.92,64.1228
92.93,64.1356
92.94,64.1484
92.95,64.1612
92.96,64.1741
92.97,64.1869
92.98,64.1997
92.99,64.2126
93,64.2254
93.01,64.2383
93.02,64.2511
93.03,64.264
93.04,64.2768
93.05,64.2897
93.06,64.3025
93.07,64.3154
93.08,64.3283
93.09,64.3411
93.1,64.354
93.11,64.3669
93.12,64.3797
93.13,64.3926
93.14,64.4055
93.15,64.4184
93.16,64.4313
93.17,64.4441
93.18,64.457
93.19,64.4699
93.2,64.4828
93.21,64.4957
93.22,64.5086
93.23,64.5215
93.24,64.5344
93.25,64.5473
93.26,64.5602
93.27,64.5731
93.28,64.5861
93.29,64.599
93.3,64.6119
93.31,64.6248
93.32,64.6377
93.33,64.6507
93.34,64.6636
93.35,64.6765
93.36,64.6895
93.37,64.7024
93.38,64.7153
93.39,64.7283
93.4,64.7412
93.41,64.7542
93.42,64.7671
93.43,64.7801
93.44,64.793
93.45,64.806
93.46,64.819
93.47,64.8319
93.48,64.8449
93.49,64.8579
93.5,64.8708
93.51,64.8838
93.52,64.8968
93.53,64.9098
93.54,64.9227
93.55,64.9357
93.56,64.9487
93.57,64.9617
93.58,64.9747
93.59,64.9877
93.6,65.0007
93.61,65.0137
93.62,65.0267
93.63,65.0397
93.64,65.0527
93.65,65.0657
93.66,65.0787
93.67,65.0917
93.68,65.1048
93.69,65.1178
93.7,65.1308
93.71,65.1438
93.72,65.1569
93.73,65.1699
93.74,65.1829
93.75,65.196
93.76,65.209
93.77,65.222
93.78,65.2351
93.79,65.2481
93.8,65.2612
93.81,65.2742
93.82,65.2873
93.83,65.3004
93.84,65.3134
93.85,65.3265
93.86,65.3395
93.87,65.3526
93.88,65.3657
93.89,65.3788
93.9,65.3918
93.91,65.4049
93.92,65.418
93.93,65.4311
93.94,65.4442
93.95,65.4572
93.96,65.4703
93.97,65.4834
93.98,65.4965
93.99,65.5096
94,65.5227
94.01,65.5358
94.02,65.5489
94.03,65.5621
94.04,65.5752
94.05,65.5883
94.06,65.6014
94.07,65.6145
94.08,65.6276
94.09,65.6408
94.1,65.6539
94.11,65.667
94.12,65.6802
94.13,65.6933
94.14,65.7064
94.15,65.7196
94.16,65.7327
94.17,65.7459
94.18,65.759
94.19,65.7722
94.2,65.7853
94.21,65.7985
94.22,65.8116
94.23,65.8248
94.24,65.838
94.25,65.8511
94.26,65.8643
94.27,65.8775
94.28,65.8907
94.29,65.9038
94.3,65.917
94.31,65.9302
94.32,65.9434
94.33,65.9566
94.34,65.9698
94.35,65.983
94.36,65.9961
94.37,66.0093
94.38,66.0226
94.39,66.0358
94.4,66.049
94.41,66.0622
94.42,66.0754
94.43,66.0886
94.44,66.1018
94.45,66.115
94.46,66.1283
94.47,66.1415
94.48,66.1547
94.49,66.1679
94.5,66.1812
94.51,66.1944
94.52,66.2077
94.53,66.2209
94.54,66.2341
94.55,66.2474
94.56,66.2606
94.57,66.2739
94.58,66.2871
94.59,66.3004
94.6,66.3137
94.61,66.3269
94.62,66.3402
94.63,66.3535
94.64,66.3667
94.65,66.38
94.66,66.3933
94.67,66.4066
94.68,66.4198
94.69,66.4331
94.7,66.4464
94.71,66.4597
94.72,66.473
94.73,66.4863
94.74,66.4996
94.75,66.5129
94.76,66.5262
94.77,66.5395
94.78,66.5528
94.79,66.5661
94.8,66.5794
94.81,66.5927
94.82,66.6061
94.83,66.6194
94.84,66.6327
94.85,66.646
94.86,66.6594
94.87,66.6727
94.88,66.686
94.89,66.6994
94.9,66.7127
94.91,66.726
94.92,66.7394
94.93,66.7527
94.94,66.7661
94.95,66.7794
94.96,66.7928
94.97,66.8062
94.98,66.8195
94.99,66.8329
95,66.8462
95.01,66.8596
95.02,66.873
95.03,66.8864
95.04,66.8997
95.05,66.9131
95.06,66.9265
95.07,66.9399
95.08,66.9533
95.09,66.9667
95.1,66.9801
95.11,66.9935
95.12,67.0069
95.13,67.0203
95.14,67.0337
95.15,67.0471
95.16,67.0605
95.17,67.0739
95.18,67.0873
95.19,67.1007
95.2,67.1141
95.21,67.1276
95.22,67.141
95.23,67.1544
95.24,67.1678
95.25,67.1813
95.26,67.1947
95.27,67.2082
95.28,67.2216
95.29,67.235
95.3,67.2485
95.31,67.2619
95.32,67.2754
95.33,67.2888
95.34,67.3023
95.35,67.3158
95.36,67.3292
95.37,67.3427
95.38,67.3562
95.39,67.3696
95.4,67.3831
95.41,67.3966
95.42,67.4101
95.43,67.4235
95.44,67.437
95.45,67.4505
95.46,67.464
95.47,67.4775
95.48,67.491
95.49,67.5045
95.5,67.518
95.51,67.5315
95.52,67.545
95.53,67.5585
95.54,67.572
95.55,67.5855
95.56,67.5991
95.57,67.6126
95.58,67.6261
95.59,67.6396
95.6,67.6532
95.61,67.6667
95.62,67.6802
95.63,67.6938
95.64,67.7073
95.65,67.7208
95.66,67.7344
95.67,67.7479
95.68,67.7615
95.69,67.775
95.7,67.7886
95.71,67.8021
95.72,67.8157
95.73,67.8293
95.74,67.8428
95.75,67.8564
95.76,67.87
95.77,67.8835
95.78,67.8971
95.79,67.9107
95.8,67.9243
95.81,67.9379
95.82,67.9514
95.83,67.965
95.84,67.9786
95.85,67.9922
95.86,68.0058
95.87,68.0194
95.88,68.033
95.89,68.0466
95.9,68.0602
95.91,68.0739
95.92,68.0875
95.93,68.1011
95.94,68.1147
95.95,68.1283
95.96,68.142
95.97,68.1556
95.98,68.1692
95.99,68.1829
96,68.1965
96.01,68.2101
96.02,68.2238
96.03,68.2374
96.04,68.2511
96.05,68.2647
96.06,68.2784
96.07,68.292
96.08,68.3057
96.09,68.3193
96.1,68.333
96.11,68.3467
96.12,68.3603
96.13,68.374
96.14,68.3877
96.15,68.4014
96.16,68.415
96.17,68.4287
96.18,68.4424
96.19,68.4561
96.2,68.4698
96.21,68.4835
96.22,68.4972
96.23,68.5109
96.24,68.5246
96.25,68.5383
96.26,68.552
96.27,68.5657
96.28,68.5794
96.29,68.5931
96.3,68.6069
96.31,68.6206
96.32,68.6343
96.33,68.648
96.34,68.6618
96.35,68.6755
96.36,68.6892
96.37,68.703
96.38,68.7167
96.39,68.7305
96.4,68.7442
96.41,68.7579
96.42,68.7717
96.43,68.7855
96.44,68.7992
96.45,68.813
96.46,68.8267
96.47,68.8405
96.48,68.8543
96.49,68.868
96.5,68.8818
96.51,68.8956
96.52,68.9094
96.53,68.9231
96.54,68.9369
96.55,68.9507
96.56,68.9645
96.57,68.9783
96.58,68.9921
96.59,69.0059
96.6,69.0197
96.61,69.0335
96.62,69.0473
96.63,69.0611
96.64,69.0749
96.65,69.0887
96.66,69.1026
96.67,69.1164
96.68,69.1302
96.69,69.144
96.7,69.1579
96.71,69.1717
96.72,69.1855
96.73,69.1994
96.74,69.2132
96.75,69.227
96.76,69.2409
96.77,69.2547
96.78,69.2686
96.79,69.2824
96.8,69.2963
96.81,69.3102
96.82,69.324
96.83,69.3379
96.84,69.3518
96.85,69.3656
96.86,69.3795
96.87,69.3934
96.88,69.4073
96.89,69.4211
96.9,69.435
96.91,69.4489
96.92,69.4628
96.93,69.4767
96.94,69.4906
96.95,69.5045
96.96,69.5184
96.97,69.5323
96.98,69.5462
96.99,69.5601
97,69.574
97.01,69.5879
97.02,69.6018
97.03,69.6158
97.04,69.6297
97.05,69.6436
97.06,69.6575
97.07,69.6715
97.08,69.6854
97.09,69.6993
97.1,69.7133
97.11,69.7272
97.12,69.7412
97.13,69.7551
97.14,69.7691
97.15,69.783
97.16,69.797
97.17,69.8109
97.18,69.8249
97.19,69.8389
97.2,69.8528
97.21,69.8668
97.22,69.8808
97.23,69.8948
97.24,69.9087
97.25,69.9227
97.26,69.9367
97.27,69.9507
97.28,69.9647
97.29,69.9787
97.3,69.9927
97.31,70.0067
97.32,70.0207
97.33,70.0347
97.34,70.0487
97.35,70.0627
97.36,70.0767
97.37,70.0907
97.38,70.1047
97.39,70.1188
97.4,70.1328
97.41,70.1468
97.42,70.1608
97.43,70.1749
97.44,70.1889
97.45,70.2029
97.46,70.217
97.47,70.231
97.48,70.2451
97.49,70.2591
97.5,70.2732
97.51,70.2872
97.52,70.3013
97.53,70.3153
97.54,70.3294
97.55,70.3435
97.56,70.3575
97.57,70.3716
97.58,70.3857
97.59,70.3998
97.6,70.4138
97.61,70.4279
97.62,70.442
97.63,70.4561
97.64,70.4702
97.65,70.4843
97.66,70.4984
97.67,70.5125
97.68,70.5266
97.69,70.5407
97.7,70.5548
97.71,70.5689
97.72,70.583
97.73,70.5971
97.74,70.6113
97.75,70.6254
97.76,70.6395
97.77,70.6536
97.78,70.6678
97.79,70.6819
97.8,70.696
97.81,70.7102
97.82,70.7243
97.83,70.7385
97.84,70.7526
97.85,70.7668
97.86,70.7809
97.87,70.7951
97.88,70.8092
97.89,70.8234
97.9,70.8376
97.91,70.8517
97.92,70.8659
97.93,70.8801
97.94,70.8942
97.95,70.9084
97.96,70.9226
97.97,70.9368
97.98,70.951
97.99,70.9652
98,70.9794
98.01,70.9936
98.02,71.0078
98.03,71.022
98.04,71.0362
98.05,71.0504
98.06,71.0646
98.07,71.0788
98.08,71.093
98.09,71.1072
98.1,71.1214
98.11,71.1357
98.12,71.1499
98.13,71.1641
98.14,71.1784
98.15,71.1926
98.16,71.2068
98.17,71.2211
98.18,71.2353
98.19,71.2496
98.2,71.2638
98.21,71.2781
98.22,71.2923
98.23,71.3066
98.24,71.3208
98.25,71.3351
98.26,71.3494
98.27,71.3636
98.28,71.3779
98.29,71.3922
98.3,71.4065
98.31,71.4208
98.32,71.435
98.33,71.4493
98.34,71.4636
98.35,71.4779
98.36,71.4922
98.37,71.5065
98.38,71.5208
98.39,71.5351
98.4,71.5494
98.41,71.5637
98.42,71.578
98.43,71.5924
98.44,71.6067
98.45,71.621
98.46,71.6353
98.47,71.6496
98.48,71.664
98.49,71.6783
98.5,71.6926
98.51,71.707
98.52,71.7213
98.53,71.7357
98.54,71.75
98.55,71.7644
98.56,71.7787
98.57,71.7931
98.58,71.8074
98.59,71.8218
98.6,71.8362
98.61,71.8505
98.62,71.8649
98.63,71.8793
98.64,71.8936
98.65,71.908
98.66,71.9224
98.67,71.9368
98.68,71.9512
98.69,71.9656
98.7,71.98
98.71,71.9944
98.72,72.0088
98.73,72.0232
98.74,72.0376
98.75,72.052
98.76,72.0664
98.77,72.0808
98.78,72.0952
98.79,72.1096
98.8,72.124
98.81,72.1385
98.82,72.1529
98.83,72.1673
98.84,72.1818
98.85,72.1962
98.86,72.2106
98.87,72.2251
98.88,72.2395
98.89,72.254
98.9,72.2684
98.91,72.2829
98.92,72.2973
98.93,72.3118
98.94,72.3263
98.95,72.3407
98.96,72.3552
98.97,72.3697
98.98,72.3841
98.99,72.3986
99,72.4131
99.01,72.4276
99.02,72.4421
99.03,72.4565
99.04,72.471
99.05,72.4855
99.06,72.5
99.07,72.5145
99.08,72.529
99.09,72.5435
99.1,72.558
99.11,72.5726
99.12,72.5871
99.13,72.6016
99.14,72.6161
99.15,72.6306
99.16,72.6452
99.17,72.6597
99.18,72.6742
99.19,72.6888
99.2,72.7033
99.21,72.7178
99.22,72.7324
99.23,72.7469
99.24,72.7615
99.25,72.776
99.26,72.7906
99.27,72.8051
99.28,72.8197
99.29,72.8343
99.3,72.8488
99.31,72.8634
99.32,72.878
99.33,72.8926
99.34,72.9071
99.35,72.9217
99.36,72.9363
99.37,72.9509
99.38,72.9655
99.39,72.9801
99.4,72.9947
99.41,73.0093
99.42,73.0239
99.43,73.0385
99.44,73.0531
99.45,73.0677
99.46,73.0823
99.47,73.0969
99.48,73.1115
99.49,73.1262
99.5,73.1408
99.51,73.1554
99.52,73.17
99.53,73.1847
99.54,73.1993
99.55,73.214
99.56,73.2286
99.57,73.2432
99.58,73.2579
99.59,73.2725
99.6,73.2872
99.61,73.3019
99.62,73.3165
99.63,73.3312
99.64,73.3458
99.65,73.3605
99.66,73.3752
99.67,73.3899
99.68,73.4045
99.69,73.4192
99.7,73.4339
99.71,73.4486
99.72,73.4633
99.73,73.478
99.74,73.4927
99.75,73.5074
99.76,73.5221
99.77,73.5368
99.78,73.5515
99.79,73.5662
99.8,73.5809
99.81,73.5956
99.82,73.6103
99.83,73.6251
99.84,73.6398
99.85,73.6545
99.86,73.6692
99.87,73.684
99.88,73.6987
99.89,73.7135
99.9,73.7282
99.91,73.7429
99.92,73.7577
99.93,73.7724
99.94,73.7872
99.95,73.802
99.96,73.8167
99.97,73.8315
99.98,73.8462
99.99,73.861
100,73.8758
100.01,73.836
100.02,73.7962
100.03,73.7565
100.04,73.7169
100.05,73.6773
100.06,73.6377
100.07,73.5982
100.08,73.5588
100.09,73.5194
100.1,73.4801
100.11,73.4408
100.12,73.4015
100.13,73.3623
100.14,73.3232
100.15,73.2841
100.16,73.245
100.17,73.206
100.18,73.1671
100.19,73.1282
100.2,73.0893
100.21,73.0505
100.22,73.0118
100.23,72.9731
100.24,72.9344
100.25,72.8958
100.26,72.8572
100.27,72.8187
100.28,72.7803
100.29,72.7418
100.3,72.7035
100.31,72.6652
100.32,72.6269
100.33,72.5887
100.34,72.5505
100.35,72.5124
100.36,72.4743
100.37,72.4363
100.38,72.3983
100.39,72.3603
100.4,72.3225
100.41,72.2846
100.42,72.2468
100.43,72.2091
100.44,72.1714
100.45,72.1337
100.46,72.0961
100.47,72.0586
100.48,72.021
100.49,71.9836
100.5,71.9462
100.51,71.9088
100.52,71.8715
100.53,71.8342
100.54,71.7969
100.55,71.7598
100.56,71.7226
100.57,71.6855
100.58,71.6485
100.59,71.6115
100.6,71.5745
100.61,71.5376
100.62,71.5007
100.63,71.4639
100.64,71.4271
100.65,71.3904
100.66,71.3537
100.67,71.3171
100.68,71.2805
100.69,71.2439
100.7,71.2074
100.71,71.1709
100.72,71.1345
100.73,71.0981
100.74,71.0618
100.75,71.0255
100.76,70.9893
100.77,70.9531
100.78,70.9169
100.79,70.8808
100.8,70.8448
100.81,70.8087
100.82,70.7728
100.83,70.7368
100.84,70.7009
100.85,70.6651
100.86,70.6293
100.87,70.5935
100.88,70.5578
100.89,70.5221
100.9,70.4865
100.91,70.4509
100.92,70.4154
100.93,70.3799
100.94,70.3444
100.95,70.309
100.96,70.2736
100.97,70.2383
100.98,70.203
100.99,70.1678
101,70.1326
101.01,70.0974
101.02,70.0623
101.03,70.0272
101.04,69.9922
101.05,69.9572
101.06,69.9223
101.07,69.8873
101.08,69.8525
101.09,69.8177
101.1,69.7829
101.11,69.7481
101.12,69.7134
101.13,69.6788
101.14,69.6442
101.15,69.6096
101.16,69.5751
101.17,69.5406
101.18,69.5061
101.19,69.4717
101.2,69.4373
101.21,69.403
101.22,69.3687
101.23,69.3345
101.24,69.3003
101.25,69.2661
101.26,69.232
101.27,69.1979
101.28,69.1639
101.29,69.1298
101.3,69.0959
101.31,69.062
101.32,69.0281
101.33,68.9942
101.34,68.9604
101.35,68.9267
101.36,68.8929
101.37,68.8593
101.38,68.8256
101.39,68.792
101.4,68.7584
101.41,68.7249
101.42,68.6914
101.43,68.658
101.44,68.6246
101.45,68.5912
101.46,68.5579
101.47,68.5246
101.48,68.4913
101.49,68.4581
101.5,68.425
101.51,68.3918
101.52,68.3587
101.53,68.3257
101.54,68.2926
101.55,68.2597
101.56,68.2267
101.57,68.1938
101.58,68.161
101.59,68.1281
101.6,68.0953
101.61,68.0626
101.62,68.0299
101.63,67.9972
101.64,67.9646
101.65,67.932
101.66,67.8994
101.67,67.8669
101.68,67.8344
101.69,67.8019
101.7,67.7695
101.71,67.7372
101.72,67.7048
101.73,67.6725
101.74,67.6403
101.75,67.608
101.76,67.5759
101.77,67.5437
101.78,67.5116
101.79,67.4795
101.8,67.4475
101.81,67.4155
101.82,67.3835
101.83,67.3516
101.84,67.3197
101.85,67.2878
101.86,67.256
101.87,67.2242
101.88,67.1925
101.89,67.1608
101.9,67.1291
101.91,67.0975
101.92,67.0659
101.93,67.0343
101.94,67.0028
101.95,66.9713
101.96,66.9398
101.97,66.9084
101.98,66.877
101.99,66.8457
102,66.8144
102.01,66.7831
102.02,66.7518
102.03,66.7206
102.04,66.6895
102.05,66.6583
102.06,66.6272
102.07,66.5961
102.08,66.5651
102.09,66.5341
102.1,66.5032
102.11,66.4722
102.12,66.4413
102.13,66.4105
102.14,66.3797
102.15,66.3489
102.16,66.3181
102.17,66.2874
102.18,66.2567
102.19,66.2261
102.2,66.1955
102.21,66.1649
102.22,66.1343
102.23,66.1038
102.24,66.0734
102.25,66.0429
102.26,66.0125
102.27,65.9821
102.28,65.9518
102.29,65.9215
102.3,65.8912
102.31,65.861
102.32,65.8308
102.33,65.8006
102.34,65.7705
102.35,65.7404
102.36,65.7103
102.37,65.6802
102.38,65.6502
102.39,65.6203
102.4,65.5903
102.41,65.5604
102.42,65.5306
102.43,65.5007
102.44,65.4709
102.45,65.4412
102.46,65.4114
102.47,65.3817
102.48,65.352
102.49,65.3224
102.5,65.2928
102.51,65.2632
102.52,65.2337
102.53,65.2042
102.54,65.1747
102.55,65.1453
102.56,65.1159
102.57,65.0865
102.58,65.0571
102.59,65.0278
102.6,64.9985
102.61,64.9693
102.62,64.9401
102.63,64.9109
102.64,64.8817
102.65,64.8526
102.66,64.8235
102.67,64.7945
102.68,64.7654
102.69,64.7365
102.7,64.7075
102.71,64.6786
102.72,64.6497
102.73,64.6208
102.74,64.592
102.75,64.5632
102.76,64.5344
102.77,64.5057
102.78,64.4769
102.79,64.4483
102.8,64.4196
102.81,64.391
102.82,64.3624
102.83,64.3339
102.84,64.3053
102.85,64.2769
102.86,64.2484
102.87,64.22
102.88,64.1916
102.89,64.1632
102.9,64.1349
102.91,64.1066
102.92,64.0783
102.93,64.05
102.94,64.0218
102.95,63.9936
102.96,63.9655
102.97,63.9374
102.98,63.9093
102.99,63.8812
103,63.8532
103.01,63.8252
103.02,63.7972
103.03,63.7693
103.04,63.7414
103.05,63.7135
103.06,63.6856
103.07,63.6578
103.08,63.63
103.09,63.6022
103.1,63.5745
103.11,63.5468
103.12,63.5191
103.13,63.4915
103.14,63.4639
103.15,63.4363
103.16,63.4087
103.17,63.3812
103.18,63.3537
103.19,63.3263
103.2,63.2988
103.21,63.2714
103.22,63.244
103.23,63.2167
103.24,63.1894
103.25,63.1621
103.26,63.1348
103.27,63.1076
103.28,63.0804
103.29,63.0532
103.3,63.0261
103.31,62.9989
103.32,62.9718
103.33,62.9448
103.34,62.9178
103.35,62.8908
103.36,62.8638
103.37,62.8368
103.38,62.8099
103.39,62.783
103.4,62.7562
103.41,62.7293
103.42,62.7025
103.43,62.6758
103.44,62.649
103.45,62.6223
103.46,62.5956
103.47,62.5689
103.48,62.5423
103.49,62.5157
103.5,62.4891
103.51,62.4626
103.52,62.436
103.53,62.4095
103.54,62.3831
103.55,62.3566
103.56,62.3302
103.57,62.3038
103.58,62.2775
103.59,62.2512
103.6,62.2249
103.61,62.1986
103.62,62.1723
103.63,62.1461
103.64,62.1199
103.65,62.0938
103.66,62.0676
103.67,62.0415
103.68,62.0154
103.69,61.9894
103.7,61.9633
103.71,61.9373
103.72,61.9114
103.73,61.8854
103.74,61.8595
103.75,61.8336
103.76,61.8077
103.77,61.7819
103.78,61.7561
103.79,61.7303
103.8,61.7045
103.81,61.6788
103.82,61.6531
103.83,61.6274
103.84,61.6018
103.85,61.5761
103.86,61.5505
103.87,61.525
103.88,61.4994
103.89,61.4739
103.9,61.4484
103.91,61.4229
103.92,61.3975
103.93,61.3721
103.94,61.3467
103.95,61.3213
103.96,61.296
103.97,61.2706
103.98,61.2454
103.99,61.2201
104,61.1949
104.01,61.1697
104.02,61.1445
104.03,61.1193
104.04,61.0942
104.05,61.0691
104.06,61.044
104.07,61.0189
104.08,60.9939
104.09,60.9689
104.1,60.9439
104.11,60.919
104.12,60.8941
104.13,60.8691
104.14,60.8443
104.15,60.8194
104.16,60.7946
104.17,60.7698
104.18,60.745
104.19,60.7203
104.2,60.6955
104.21,60.6708
104.22,60.6462
104.23,60.6215
104.24,60.5969
104.25,60.5723
104.26,60.5477
104.27,60.5232
104.28,60.4986
104.29,60.4741
104.3,60.4497
104.31,60.4252
104.32,60.4008
104.33,60.3764
104.34,60.352
104.35,60.3276
104.36,60.3033
104.37,60.279
104.38,60.2547
104.39,60.2305
104.4,60.2062
104.41,60.182
104.42,60.1579
104.43,60.1337
104.44,60.1096
104.45,60.0855
104.46,60.0614
104.47,60.0373
104.48,60.0133
104.49,59.9893
104.5,59.9653
104.51,59.9413
104.52,59.9174
104.53,59.8934
104.54,59.8696
104.55,59.8457
104.56,59.8218
104.57,59.798
104.58,59.7742
104.59,59.7504
104.6,59.7267
104.61,59.703
104.62,59.6793
104.63,59.6556
104.64,59.6319
104.65,59.6083
104.66,59.5847
104.67,59.5611
104.68,59.5375
104.69,59.514
104.7,59.4905
104.71,59.467
104.72,59.4435
104.73,59.4201
104.74,59.3966
104.75,59.3732
104.76,59.3499
104.77,59.3265
104.78,59.3032
104.79,59.2799
104.8,59.2566
104.81,59.2333
104.82,59.2101
104.83,59.1869
104.84,59.1637
104.85,59.1405
104.86,59.1174
104.87,59.0942
104.88,59.0711
104.89,59.048
104.9,59.025
104.91,59.002
104.92,58.9789
104.93,58.956
104.94,58.933
104.95,58.91
104.96,58.8871
104.97,58.8642
104.98,58.8413
104.99,58.8185
105,58.7957
105.01,58.7728
105.02,58.7501
105.03,58.7273
105.04,58.7046
105.05,58.6818
105.06,58.6591
105.07,58.6365
105.08,58.6138
105.09,58.5912
105.1,58.5686
105.11,58.546
105.12,58.5234
105.13,58.5009
105.14,58.4783
105.15,58.4558
105.16,58.4333
105.17,58.4109
105.18,58.3885
105.19,58.366
105.2,58.3436
105.21,58.3213
105.22,58.2989
105.23,58.2766
105.24,58.2543
105.25,58.232
105.26,58.2097
105.27,58.1875
105.28,58.1653
105.29,58.1431
105.3,58.1209
105.31,58.0988
105.32,58.0766
105.33,58.0545
105.34,58.0324
105.35,58.0103
105.36,57.9883
105.37,57.9663
105.38,57.9443
105.39,57.9223
105.4,57.9003
105.41,57.8784
105.42,57.8564
105.43,57.8345
105.44,57.8126
105.45,57.7908
105.46,57.7689
105.47,57.7471
105.48,57.7253
105.49,57.7036
105.5,57.6818
105.51,57.6601
105.52,57.6383
105.53,57.6167
105.54,57.595
105.55,57.5733
105.56,57.5517
105.57,57.5301
105.58,57.5085
105.59,57.4869
105.6,57.4654
105.61,57.4438
105.62,57.4223
105.63,57.4008
105.64,57.3794
105.65,57.3579
105.66,57.3365
105.67,57.3151
105.68,57.2937
105.69,57.2723
105.7,57.251
105.71,57.2297
105.72,57.2084
105.73,57.1871
105.74,57.1658
105.75,57.1446
105.76,57.1233
105.77,57.1021
105.78,57.0809
105.79,57.0598
105.8,57.0386
105.81,57.0175
105.82,56.9964
105.83,56.9753
105.84,56.9542
105.85,56.9332
105.86,56.9122
105.87,56.8912
105.88,56.8702
105.89,56.8492
105.9,56.8283
105.91,56.8073
105.92,56.7864
105.93,56.7655
105.94,56.7447
105.95,56.7238
105.96,56.703
105.97,56.6822
105.98,56.6614
105.99,56.6406
106,56.6198
106.01,56.5991
106.02,56.5784
106.03,56.5577
106.04,56.537
106.05,56.5164
106.06,56.4957
106.07,56.4751
106.08,56.4545
106.09,56.4339
106.1,56.4134
106.11,56.3928
106.12,56.3723
106.13,56.3518
106.14,56.3313
106.15,56.3109
106.16,56.2904
106.17,56.27
106.18,56.2496
106.19,56.2292
106.2,56.2088
106.21,56.1885
106.22,56.1681
106.23,56.1478
106.24,56.1275
106.25,56.1072
106.26,56.087
106.27,56.0667
106.28,56.0465
106.29,56.0263
106.3,56.0061
106.31,55.986
106.32,55.9658
106.33,55.9457
106.34,55.9256
106.35,55.9055
106.36,55.8854
106.37,55.8654
106.38,55.8453
106.39,55.8253
106.4,55.8053
106.41,55.7853
106.42,55.7654
106.43,55.7454
106.44,55.7255
106.45,55.7056
106.46,55.6857
106.47,55.6658
106.48,55.646
106.49,55.6261
106.5,55.6063
106.51,55.5865
106.52,55.5667
106.53,55.547
106.54,55.5272
106.55,55.5075
106.56,55.4878
106.57,55.4681
106.58,55.4484
106.59,55.4288
106.6,55.4091
106.61,55.3895
106.62,55.3699
106.63,55.3503
106.64,55.3308
106.65,55.3112
106.66,55.2917
106.67,55.2722
106.68,55.2527
106.69,55.2332
106.7,55.2137
106.71,55.1943
106.72,55.1749
106.73,55.1554
106.74,55.1361
106.75,55.1167
106.76,55.0973
106.77,55.078
106.78,55.0587
106.79,55.0394
106.8,55.0201
106.81,55.0008
106.82,54.9816
106.83,54.9623
106.84,54.9431
106.85,54.9239
106.86,54.9047
106.87,54.8856
106.88,54.8664
106.89,54.8473
106.9,54.8282
106.91,54.8091
106.92,54.79
106.93,54.7709
106.94,54.7519
106.95,54.7329
106.96,54.7139
106.97,54.6949
106.98,54.6759
106.99,54.6569
107,54.638
107.01,54.6191
107.02,54.6002
107.03,54.5813
107.04,54.5624
107.05,54.5435
107.06,54.5247
107.07,54.5059
107.08,54.4871
107.09,54.4683
107.1,54.4495
107.11,54.4307
107.12,54.412
107.13,54.3933
107.14,54.3746
107.15,54.3559
107.16,54.3372
107.17,54.3185
107.18,54.2999
107.19,54.2813
107.2,54.2627
107.21,54.2441
107.22,54.2255
107.23,54.2069
107.24,54.1884
107.25,54.1699
107.26,54.1514
107.27,54.1329
107.28,54.1144
107.29,54.0959
107.3,54.0775
107.31,54.0591
107.32,54.0406
107.33,54.0223
107.34,54.0039
107.35,53.9855
107.36,53.9672
107.37,53.9488
107.38,53.9305
107.39,53.9122
107.4,53.8939
107.41,53.8757
107.42,53.8574
107.43,53.8392
107.44,53.821
107.45,53.8028
107.46,53.7846
107.47,53.7664
107.48,53.7482
107.49,53.7301
107.5,53.712
107.51,53.6939
107.52,53.6758
107.53,53.6577
107.54,53.6396
107.55,53.6216
107.56,53.6036
107.57,53.5856
107.58,53.5676
107.59,53.5496
107.6,53.5316
107.61,53.5137
107.62,53.4957
107.63,53.4778
107.64,53.4599
107.65,53.442
107.66,53.4242
107.67,53.4063
107.68,53.3885
107.69,53.3706
107.7,53.3528
107.71,53.335
107.72,53.3172
107.73,53.2995
107.74,53.2817
107.75,53.264
107.76,53.2463
107.77,53.2286
107.78,53.2109
107.79,53.1932
107.8,53.1756
107.81,53.1579
107.82,53.1403
107.83,53.1227
107.84,53.1051
107.85,53.0875
107.86,53.0699
107.87,53.0524
107.88,53.0349
107.89,53.0173
107.9,52.9998
107.91,52.9823
107.92,52.9649
107.93,52.9474
107.94,52.93
107.95,52.9125
107.96,52.8951
107.97,52.8777
107.98,52.8603
107.99,52.843
108,52.8256
108.01,52.8083
108.02,52.7909
108.03,52.7736
108.04,52.7563
108.05,52.7391
108.06,52.7218
108.07,52.7045
108.08,52.6873
108.09,52.6701
108.1,52.6529
108.11,52.6357
108.12,52.6185
108.13,52.6013
108.14,52.5842
108.15,52.5671
108.16,52.5499
108.17,52.5328
108.18,52.5157
108.19,52.4987
108.2,52.4816
108.21,52.4646
108.22,52.4475
108.23,52.4305
108.24,52.4135
108.25,52.3965
108.26,52.3795
108.27,52.3626
108.28,52.3456
108.29,52.3287
108.3,52.3118
108.31,52.2949
108.32,52.278
108.33,52.2611
108.34,52.2443
108.35,52.2274
108.36,52.2106
108.37,52.1938
108.38,52.177
108.39,52.1602
108.4,52.1434
108.41,52.1266
108.42,52.1099
108.43,52.0932
108.44,52.0764
108.45,52.0597
108.46,52.043
108.47,52.0264
108.48,52.0097
108.49,51.9931
108.5,51.9764
108.51,51.9598
108.52,51.9432
108.53,51.9266
108.54,51.91
108.55,51.8935
108.56,51.8769
108.57,51.8604
108.58,51.8439
108.59,51.8273
108.6,51.8108
108.61,51.7944
108.62,51.7779
108.63,51.7614
108.64,51.745
108.65,51.7286
108.66,51.7122
108.67,51.6958
108.68,51.6794
108.69,51.663
108.7,51.6467
108.71,51.6303
108.72,51.614
108.73,51.5977
108.74,51.5814
108.75,51.5651
108.76,51.5488
108.77,51.5325
108.78,51.5163
108.79,51.5
108.8,51.4838
108.81,51.4676
108.82,51.4514
108.83,51.4352
108.84,51.4191
108.85,51.4029
108.86,51.3868
108.87,51.3706
108.88,51.3545
108.89,51.3384
108.9,51.3223
108.91,51.3063
108.92,51.2902
108.93,51.2741
108.94,51.2581
108.95,51.2421
108.96,51.2261
108.97,51.2101
108.98,51.1941
108.99,51.1781
109,51.1622
109.01,51.1462
109.02,51.1303
109.03,51.1144
109.04,51.0985
109.05,51.0826
109.06,51.0667
109.07,51.0508
109.08,51.035
109.09,51.0192
109.1,51.0033
109.11,50.9875
109.12,50.9717
109.13,50.9559
109.14,50.9402
109.15,50.9244
109.16,50.9086
109.17,50.8929
109.18,50.8772
109.19,50.8615
109.2,50.8458
109.21,50.8301
109.22,50.8144
109.23,50.7988
109.24,50.7831
109.25,50.7675
109.26,50.7519
109.27,50.7363
109.28,50.7207
109.29,50.7051
109.3,50.6895
109.31,50.674
109.32,50.6584
109.33,50.6429
109.34,50.6274
109.35,50.6119
109.36,50.5964
109.37,50.5809
109.38,50.5654
109.39,50.55
109.4,50.5345
109.41,50.5191
109.42,50.5037
109.43,50.4883
109.44,50.4729
109.45,50.4575
109.46,50.4421
109.47,50.4268
109.48,50.4114
109.49,50.3961
109.5,50.3808
109.51,50.3655
109.52,50.3502
109.53,50.3349
109.54,50.3196
109.55,50.3044
109.56,50.2891
109.57,50.2739
109.58,50.2587
109.59,50.2435
109.6,50.2283
109.61,50.2131
109.62,50.1979
109.63,50.1828
109.64,50.1676
109.65,50.1525
109.66,50.1374
109.67,50.1222
109.68,50.1072
109.69,50.0921
109.7,50.077
109.71,50.0619
109.72,50.0469
109.73,50.0318
109.74,50.0168
109.75,50.0018
109.76,49.9868
109.77,49.9718
109.78,49.9568
109.79,49.9419
109.8,49.9269
109.81,49.912
109.82,49.897
109.83,49.8821
109.84,49.8672
109.85,49.8523
109.86,49.8374
109.87,49.8226
109.88,49.8077
109.89,49.7929
109.9,49.778
109.91,49.7632
109.92,49.7484
109.93,49.7336
109.94,49.7188
109.95,49.704
109.96,49.6893
109.97,49.6745
109.98,49.6598
109.99,49.6451
110,49.6303
110.01,49.6156
110.02,49.6009
110.03,49.5863
110.04,49.5716
110.05,49.5569
110.06,49.5423
110.07,49.5276
110.08,49.513
110.09,49.4984
110.1,49.4838
110.11,49.4692
110.12,49.4546
110.13,49.4401
110.14,49.4255
110.15,49.411
110.16,49.3964
110.17,49.3819
110.18,49.3674
110.19,49.3529
110.2,49.3384
110.21,49.3239
110.22,49.3095
110.23,49.295
110.24,49.2806
110.25,49.2662
110.26,49.2517
110.27,49.2373
110.28,49.2229
110.29,49.2086
110.3,49.1942
110.31,49.1798
110.32,49.1655
110.33,49.1511
110.34,49.1368
110.35,49.1225
110.36,49.1082
110.37,49.0939
110.38,49.0796
110.39,49.0653
110.4,49.0511
110.41,49.0368
110.42,49.0226
110.43,49.0084
110.44,48.9941
110.45,48.9799
110.46,48.9657
110.47,48.9516
110.48,48.9374
110.49,48.9232
110.5,48.9091
110.51,48.8949
110.52,48.8808
110.53,48.8667
110.54,48.8526
110.55,48.8385
110.56,48.8244
110.57,48.8103
110.58,48.7963
110.59,48.7822
110.6,48.7682
110.61,48.7541
110.62,48.7401
110.63,48.7261
110.64,48.7121
110.65,48.6981
110.66,48.6842
110.67,48.6702
110.68,48.6562
110.69,48.6423
110.7,48.6284
110.71,48.6144
110.72,48.6005
110.73,48.5866
110.74,48.5727
110.75,48.5589
110.76,48.545
110.77,48.5311
110.78,48.5173
110.79,48.5035
110.8,48.4896
110.81,48.4758
110.82,48.462
110.83,48.4482
110.84,48.4344
110.85,48.4207
110.86,48.4069
110.87,48.3931
110.88,48.3794
110.89,48.3657
110.9,48.352
110.91,48.3383
110.92,48.3246
110.93,48.3109
110.94,48.2972
110.95,48.2835
110.96,48.2699
110.97,48.2562
110.98,48.2426
110.99,48.229
111,48.2153
111.01,48.2017
111.02,48.1881
111.03,48.1746
111.04,48.161
111.05,48.1474
111.06,48.1339
111.07,48.1203
111.08,48.1068
111.09,48.0933
111.1,48.0798
111.11,48.0663
111.12,48.0528
111.13,48.0393
111.14,48.0258
111.15,48.0124
111.16,47.9989
111.17,47.9855
111.18,47.9721
111.19,47.9586
111.2,47.9452
111.21,47.9318
111.22,47.9184
111.23,47.9051
111.24,47.8917
111.25,47.8783
111.26,47.865
111.27,47.8516
111.28,47.8383
111.29,47.825
111.3,47.8117
111.31,47.7984
111.32,47.7851
111.33,47.7718
111.34,47.7586
111.35,47.7453
111.36,47.7321
111.37,47.7188
111.38,47.7056
111.39,47.6924
111.4,47.6792
111.41,47.666
111.42,47.6528
111.43,47.6396
111.44,47.6264
111.45,47.6133
111.46,47.6001
111.47,47.587
111.48,47.5739
111.49,47.5608
111.5,47.5476
111.51,47.5346
111.52,47.5215
111.53,47.5084
111.54,47.4953
111.55,47.4823
111.56,47.4692
111.57,47.4562
111.58,47.4431
111.59,47.4301
111.6,47.4171
111.61,47.4041
111.62,47.3911
111.63,47.3781
111.64,47.3652
111.65,47.3522
111.66,47.3393
111.67,47.3263
111.68,47.3134
111.69,47.3005
111.7,47.2875
111.71,47.2746
111.72,47.2617
111.73,47.2489
111.74,47.236
111.75,47.2231
111.76,47.2103
111.77,47.1974
111.78,47.1846
111.79,47.1718
111.8,47.1589
111.81,47.1461
111.82,47.1333
111.83,47.1205
111.84,47.1078
111.85,47.095
111.86,47.0822
111.87,47.0695
111.88,47.0567
111.89,47.044
111.9,47.0313
111.91,47.0186
111.92,47.0059
111.93,46.9932
111.94,46.9805
111.95,46.9678
111.96,46.9551
111.97,46.9425
111.98,46.9298
111.99,46.9172
112,46.9046
112.01,46.892
112.02,46.8793
112.03,46.8667
112.04,46.8542
112.05,46.8416
112.06,46.829
112.07,46.8164
112.08,46.8039
112.09,46.7913
112.1,46.7788
112.11,46.7663
112.12,46.7538
112.13,46.7412
112.14,46.7287
112.15,46.7163
112.16,46.7038
112.17,46.6913
112.18,46.6788
112.19,46.6664
112.2,46.6539
112.21,46.6415
112.22,46.6291
112.23,46.6167
112.24,46.6043
112.25,46.5919
112.26,46.5795
112.27,46.5671
112.28,46.5547
112.29,46.5424
112.3,46.53
112.31,46.5177
112.32,46.5053
112.33,46.493
112.34,46.4807
112.35,46.4684
112.36,46.4561
112.37,46.4438
112.38,46.4315
112.39,46.4192
112.4,46.407
112.41,46.3947
112.42,46.3825
112.43,46.3702
112.44,46.358
112.45,46.3458
112.46,46.3336
112.47,46.3214
112.48,46.3092
112.49,46.297
112.5,46.2848
112.51,46.2726
112.52,46.2605
112.53,46.2483
112.54,46.2362
112.55,46.2241
112.56,46.212
112.57,46.1998
112.58,46.1877
112.59,46.1756
112.6,46.1636
112.61,46.1515
112.62,46.1394
112.63,46.1273
112.64,46.1153
112.65,46.1033
112.66,46.0912
112.67,46.0792
112.68,46.0672
112.69,46.0552
112.7,46.0432
112.71,46.0312
112.72,46.0192
112.73,46.0072
112.74,45.9953
112.75,45.9833
112.76,45.9713
112.77,45.9594
112.78,45.9475
112.79,45.9356
112.8,45.9236
112.81,45.9117
112.82,45.8998
112.83,45.888
112.84,45.8761
112.85,45.8642
112.86,45.8523
112.87,45.8405
112.88,45.8286
112.89,45.8168
112.9,45.805
112.91,45.7932
112.92,45.7813
112.93,45.7695
112.94,45.7577
112.95,45.746
112.96,45.7342
112.97,45.7224
112.98,45.7107
112.99,45.6989
113,45.6872
113.01,45.6754
113.02,45.6637
113.03,45.652
113.04,45.6403
113.05,45.6286
113.06,45.6169
113.07,45.6052
113.08,45.5935
113.09,45.5818
113.1,45.5702
113.11,45.5585
113.12,45.5469
113.13,45.5352
113.14,45.5236
113.15,45.512
113.16,45.5004
113.17,45.4888
113.18,45.4772
113.19,45.4656
113.2,45.454
113.21,45.4425
113.22,45.4309
113.23,45.4193
113.24,45.4078
113.25,45.3963
113.26,45.3847
113.27,45.3732
113.28,45.3617
113.29,45.3502
113.3,45.3387
113.31,45.3272
113.32,45.3157
113.33,45.3043
113.34,45.2928
113.35,45.2813
113.36,45.2699
113.37,45.2584
113.38,45.247
113.39,45.2356
113.4,45.2242
113.41,45.2128
113.42,45.2014
113.43,45.19
113.44,45.1786
113.45,45.1672
113.46,45.1558
113.47,45.1445
113.48,45.1331
113.49,45.1218
113.5,45.1105
113.51,45.0991
113.52,45.0878
113.53,45.0765
113.54,45.0652
113.55,45.0539
113.56,45.0426
113.57,45.0313
113.58,45.0201
113.59,45.0088
113.6,44.9975
113.61,44.9863
113.62,44.9751
113.63,44.9638
113.64,44.9526
113.65,44.9414
113.66,44.9302
113.67,44.919
113.68,44.9078
113.69,44.8966
113.7,44.8854
113.71,44.8742
113.72,44.8631
113.73,44.8519
113.74,44.8408
113.75,44.8296
113.76,44.8185
113.77,44.8074
113.78,44.7963
113.79,44.7852
113.8,44.7741
113.81,44.763
113.82,44.7519
113.83,44.7408
113.84,44.7297
113.85,44.7187
113.86,44.7076
113.87,44.6966
113.88,44.6855
113.89,44.6745
113.9,44.6635
113.91,44.6525
113.92,44.6415
113.93,44.6305
113.94,44.6195
113.95,44.6085
113.96,44.5975
113.97,44.5865
113.98,44.5756
113.99,44.5646
114,44.5537
114.01,44.5427
114.02,44.5318
114.03,44.5209
114.04,44.51
114.05,44.499
114.06,44.4881
114.07,44.4773
114.08,44.4664
114.09,44.4555
114.1,44.4446
114.11,44.4338
114.12,44.4229
114.13,44.412
114.14,44.4012
114.15,44.3904
114.16,44.3795
114.17,44.3687
114.18,44.3579
114.19,44.3471
114.2,44.3363
114.21,44.3255
114.22,44.3147
114.23,44.304
114.24,44.2932
114.25,44.2824
114.26,44.2717
114.27,44.2609
114.28,44.2502
114.29,44.2395
114.3,44.2287
114.31,44.218
114.32,44.2073
114.33,44.1966
114.34,44.1859
114.35,44.1752
114.36,44.1646
114.37,44.1539
114.38,44.1432
114.39,44.1326
114.4,44.1219
114.41,44.1113
114.42,44.1006
114.43,44.09
114.44,44.0794
114.45,44.0688
114.46,44.0582
114.47,44.0476
114.48,44.037
114.49,44.0264
114.5,44.0158
114.51,44.0052
114.52,43.9947
114.53,43.9841
114.54,43.9736
114.55,43.963
114.56,43.9525
114.57,43.942
114.58,43.9314
114.59,43.9209
114.6,43.9104
114.61,43.8999
114.62,43.8894
114.63,43.8789
114.64,43.8685
114.65,43.858
114.66,43.8475
114.67,43.8371
114.68,43.8266
114.69,43.8162
114.7,43.8057
114.71,43.7953
114.72,43.7849
114.73,43.7745
114.74,43.7641
114.75,43.7537
114.76,43.7433
114.77,43.7329
114.78,43.7225
114.79,43.7121
114.8,43.7018
114.81,43.6914
114.82,43.6811
114.83,43.6707
114.84,43.6604
114.85,43.6501
114.86,43.6397
114.87,43.6294
114.88,43.6191
114.89,43.6088
114.9,43.5985
114.91,43.5882
114.92,43.5779
114.93,43.5677
114.94,43.5574
114.95,43.5471
114.96,43.5369
114.97,43.5266
114.98,43.5164
114.99,43.5062
115,43.4959
115.01,43.4857
115.02,43.4755
115.03,43.4653
115.04,43.4551
115.05,43.4449
115.06,43.4347
115.07,43.4245
115.08,43.4144
115.09,43.4042
115.1,43.394
115.11,43.3839
115.12,43.3738
115.13,43.3636
115.14,43.3535
115.15,43.3434
115.16,43.3332
115.17,43.3231
115.18,43.313
115.19,43.3029
115.2,43.2928
115.21,43.2828
115.22,43.2727
115.23,43.2626
115.24,43.2525
115.25,43.2425
115.26,43.2324
115.27,43.2224
115.28,43.2124
115.29,43.2023
115.3,43.1923
115.31,43.1823
115.32,43.1723
115.33,43.1623
115.34,43.1523
115.35,43.1423
115.36,43.1323
115.37,43.1223
115.38,43.1123
115.39,43.1024
115.4,43.0924
115.41,43.0825
115.42,43.0725
115.43,43.0626
115.44,43.0527
115.45,43.0427
115.46,43.0328
115.47,43.0229
115.48,43.013
115.49,43.0031
115.5,42.9932
115.51,42.9833
115.52,42.9734
115.53,42.9636
115.54,42.9537
115.55,42.9438
115.56,42.934
115.57,42.9241
115.58,42.9143
115.59,42.9045
115.6,42.8946
115.61,42.8848
115.62,42.875
115.63,42.8652
115.64,42.8554
115.65,42.8456
115.66,42.8358
115.67,42.826
115.68,42.8163
115.69,42.8065
115.7,42.7967
115.71,42.787
115.72,42.7772
115.73,42.7675
115.74,42.7577
115.75,42.748
115.76,42.7383
115.77,42.7286
115.78,42.7189
115.79,42.7092
115.8,42.6995
115.81,42.6898
115.82,42.6801
115.83,42.6704
115.84,42.6607
115.85,42.6511
115.86,42.6414
115.87,42.6317
115.88,42.6221
115.89,42.6124
115.9,42.6028
115.91,42.5932
115.92,42.5836
115.93,42.5739
115.94,42.5643
115.95,42.5547
115.96,42.5451
115.97,42.5355
115.98,42.526
115.99,42.5164
116,42.5068
116.01,42.4972
116.02,42.4877
116.03,42.4781
116.04,42.4686
116.05,42.459
116.06,42.4495
116.07,42.44
116.08,42.4304
116.09,42.4209
116.1,42.4114
116.11,42.4019
116.12,42.3924
116.13,42.3829
116.14,42.3734
116.15,42.3639
116.16,42.3545
116.17,42.345
116.18,42.3355
116.19,42.3261
116.2,42.3166
116.21,42.3072
116.22,42.2978
116.23,42.2883
116.24,42.2789
116.25,42.2695
116.26,42.2601
116.27,42.2507
116.28,42.2413
116.29,42.2319
116.3,42.2225
116.31,42.2131
116.32,42.2037
116.33,42.1943
116.34,42.185
116.35,42.1756
116.36,42.1663
116.37,42.1569
116.38,42.1476
116.39,42.1382
116.4,42.1289
116.41,42.1196
116.42,42.1103
116.43,42.101
116.44,42.0917
116.45,42.0824
116.46,42.0731
116.47,42.0638
116.48,42.0545
116.49,42.0452
116.5,42.036
116.51,42.0267
116.52,42.0174
116.53,42.0082
116.54,41.9989
116.55,41.9897
116.56,41.9805
116.57,41.9712
116.58,41.962
116.59,41.9528
116.6,41.9436
116.61,41.9344
116.62,41.9252
116.63,41.916
116.64,41.9068
116.65,41.8976
116.66,41.8885
116.67,41.8793
116.68,41.8701
116.69,41.861
116.7,41.8518
116.71,41.8427
116.72,41.8335
116.73,41.8244
116.74,41.8153
116.75,41.8062
116.76,41.797
116.77,41.7879
116.78,41.7788
116.79,41.7697
116.8,41.7606
116.81,41.7515
116.82,41.7425
116.83,41.7334
116.84,41.7243
116.85,41.7152
116.86,41.7062
116.87,41.6971
116.88,41.6881
116.89,41.679
116.9,41.67
116.91,41.661
116.92,41.652
116.93,41.6429
116.94,41.6339
116.95,41.6249
116.96,41.6159
116.97,41.6069
116.98,41.5979
116.99,41.5889
117,41.58
117.01,41.571
117.02,41.562
117.03,41.5531
117.04,41.5441
117.05,41.5352
117.06,41.5262
117.07,41.5173
117.08,41.5083
117.09,41.4994
117.1,41.4905
117.11,41.4816
117.12,41.4727
117.13,41.4638
117.14,41.4549
117.15,41.446
117.16,41.4371
117.17,41.4282
117.18,41.4193
117.19,41.4104
117.2,41.4016
117.21,41.3927
117.22,41.3839
117.23,41.375
117.24,41.3662
117.25,41.3573
117.26,41.3485
117.27,41.3397
117.28,41.3309
117.29,41.322
117.3,41.3132
117.31,41.3044
117.32,41.2956
117.33,41.2868
117.34,41.278
117.35,41.2693
117.36,41.2605
117.37,41.2517
117.38,41.2429
117.39,41.2342
117.4,41.2254
117.41,41.2167
117.42,41.2079
117.43,41.1992
117.44,41.1905
117.45,41.1817
117.46,41.173
117.47,41.1643
117.48,41.1556
117.49,41.1469
117.5,41.1382
117.51,41.1295
117.52,41.1208
117.53,41.1121
117.54,41.1034
117.55,41.0947
117.56,41.0861
117.57,41.0774
117.58,41.0687
117.59,41.0601
117.6,41.0514
117.61,41.0428
117.62,41.0342
117.63,41.0255
117.64,41.0169
117.65,41.0083
117.66,40.9997
117.67,40.9911
117.68,40.9825
117.69,40.9739
117.7,40.9653
117.71,40.9567
117.72,40.9481
117.73,40.9395
117.74,40.9309
117.75,40.9224
117.76,40.9138
117.77,40.9053
117.78,40.8967
117.79,40.8882
117.8,40.8796
117.81,40.8711
117.82,40.8626
117.83,40.854
117.84,40.8455
117.85,40.837
117.86,40.8285
117.87,40.82
117.88,40.8115
117.89,40.803
117.9,40.7945
117.91,40.786
117.92,40.7775
117.93,40.7691
117.94,40.7606
117.95,40.7521
117.96,40.7437
117.97,40.7352
117.98,40.7268
117.99,40.7183
118,40.7099
118.01,40.7015
118.02,40.6931
118.03,40.6846
118.04,40.6762
118.05,40.6678
118.06,40.6594
118.07,40.651
118.08,40.6426
118.09,40.6342
118.1,40.6258
118.11,40.6175
118.12,40.6091
118.13,40.6007
118.14,40.5923
118.15,40.584
118.16,40.5756
118.17,40.5673
118.18,40.5589
118.19,40.5506
118.2,40.5423
118.21,40.5339
118.22,40.5256
118.23,40.5173
118.24,40.509
118.25,40.5007
118.26,40.4924
118.27,40.4841
118.28,40.4758
118.29,40.4675
118.3,40.4592
118.31,40.4509
118.32,40.4427
118.33,40.4344
118.34,40.4261
118.35,40.4179
118.36,40.4096
118.37,40.4014
118.38,40.3931
118.39,40.3849
118.4,40.3767
118.41,40.3684
118.42,40.3602
118.43,40.352
118.44,40.3438
118.45,40.3356
118.46,40.3274
118.47,40.3192
118.48,40.311
118.49,40.3028
118.5,40.2946
118.51,40.2864
118.52,40.2783
118.53,40.2701
118.54,40.2619
118.55,40.2538
118.56,40.2456
118.57,40.2375
118.58,40.2293
118.59,40.2212
118.6,40.2131
118.61,40.2049
118.62,40.1968
118.63,40.1887
118.64,40.1806
118.65,40.1725
118.66,40.1644
118.67,40.1563
118.68,40.1482
118.69,40.1401
118.7,40.132
118.71,40.1239
118.72,40.1158
118.73,40.1078
118.74,40.0997
118.75,40.0917
118.76,40.0836
118.77,40.0755
118.78,40.0675
118.79,40.0595
118.8,40.0514
118.81,40.0434
118.82,40.0354
118.83,40.0273
118.84,40.0193
118.85,40.0113
118.86,40.0033
118.87,39.9953
118.88,39.9873
118.89,39.9793
118.9,39.9713
118.91,39.9633
118.92,39.9554
118.93,39.9474
118.94,39.9394
118.95,39.9315
118.96,39.9235
118.97,39.9156
118.98,39.9076
118.99,39.8997
119,39.8917
119.01,39.8838
119.02,39.8759
119.03,39.8679
119.04,39.86
119.05,39.8521
119.06,39.8442
119.07,39.8363
119.08,39.8284
119.09,39.8205
119.1,39.8126
119.11,39.8047
119.12,39.7968
119.13,39.7889
119.14,39.7811
119.15,39.7732
119.16,39.7653
119.17,39.7575
119.18,39.7496
119.19,39.7418
119.2,39.7339
119.21,39.7261
119.22,39.7182
119.23,39.7104
119.24,39.7026
119.25,39.6948
119.26,39.6869
119.27,39.6791
119.28,39.6713
119.29,39.6635
119.3,39.6557
119.31,39.6479
119.32,39.6401
119.33,39.6323
119.34,39.6246
119.35,39.6168
119.36,39.609
119.37,39.6012
119.38,39.5935
119.39,39.5857
119.4,39.578
119.41,39.5702
119.42,39.5625
119.43,39.5547
119.44,39.547
119.45,39.5393
119.46,39.5315
119.47,39.5238
119.48,39.5161
119.49,39.5084
119.5,39.5007
119.51,39.493
119.52,39.4853
119.53,39.4776
119.54,39.4699
119.55,39.4622
119.56,39.4545
119.57,39.4469
119.58,39.4392
119.59,39.4315
119.6,39.4239
119.61,39.4162
119.62,39.4086
119.63,39.4009
119.64,39.3933
119.65,39.3856
119.66,39.378
119.67,39.3704
119.68,39.3627
119.69,39.3551
119.7,39.3475
119.71,39.3399
119.72,39.3323
119.73,39.3247
119.74,39.3171
119.75,39.3095
119.76,39.3019
119.77,39.2943
119.78,39.2867
119.79,39.2791
119.8,39.2716
119.81,39.264
119.82,39.2564
119.83,39.2489
119.84,39.2413
119.85,39.2338
119.86,39.2262
119.87,39.2187
119.88,39.2111
119.89,39.2036
119.9,39.1961
119.91,39.1886
119.92,39.181
119.93,39.1735
119.94,39.166
119.95,39.1585
119.96,39.151
119.97,39.1435
119.98,39.136
119.99,39.1285
120,39.121
120.01,39.1136
120.02,39.1061
120.03,39.0986
120.04,39.0911
120.05,39.0837
120.06,39.0762
120.07,39.0688
120.08,39.0613
120.09,39.0539
120.1,39.0464
120.11,39.039
120.12,39.0316
120.13,39.0241
120.14,39.0167
120.15,39.0093
120.16,39.0019
120.17,38.9945
120.18,38.9871
120.19,38.9797
120.2,38.9723
120.21,38.9649
120.22,38.9575
120.23,38.9501
120.24,38.9427
120.25,38.9353
120.26,38.928
120.27,38.9206
120.28,38.9132
120.29,38.9059
120.3,38.8985
120.31,38.8912
120.32,38.8838
120.33,38.8765
120.34,38.8691
120.35,38.8618
120.36,38.8545
120.37,38.8471
120.38,38.8398
120.39,38.8325
120.4,38.8252
120.41,38.8179
120.42,38.8106
120.43,38.8033
120.44,38.796
120.45,38.7887
120.46,38.7814
120.47,38.7741
120.48,38.7668
120.49,38.7596
120.5,38.7523
120.51,38.745
120.52,38.7378
120.53,38.7305
120.54,38.7232
120.55,38.716
120.56,38.7087
120.57,38.7015
120.58,38.6943
120.59,38.687
120.6,38.6798
120.61,38.6726
120.62,38.6654
120.63,38.6581
120.64,38.6509
120.65,38.6437
120.66,38.6365
120.67,38.6293
120.68,38.6221
120.69,38.6149
120.7,38.6077
120.71,38.6006
120.72,38.5934
120.73,38.5862
120.74,38.579
120.75,38.5719
120.76,38.5647
120.77,38.5575
120.78,38.5504
120.79,38.5432
120.8,38.5361
120.81,38.5289
120.82,38.5218
120.83,38.5147
120.84,38.5075
120.85,38.5004
120.86,38.4933
120.87,38.4862
120.88,38.4791
120.89,38.4719
120.9,38.4648
120.91,38.4577
120.92,38.4506
120.93,38.4435
120.94,38.4364
120.95,38.4294
120.96,38.4223
120.97,38.4152
120.98,38.4081
120.99,38.4011
121,38.394
121.01,38.3869
121.02,38.3799
121.03,38.3728
121.04,38.3658
121.05,38.3587
121.06,38.3517
121.07,38.3446
121.08,38.3376
121.09,38.3306
121.1,38.3235
121.11,38.3165
121.12,38.3095
121.13,38.3025
121.14,38.2955
121.15,38.2885
121.16,38.2815
121.17,38.2745
121.18,38.2675
121.19,38.2605
121.2,38.2535
121.21,38.2465
121.22,38.2395
121.23,38.2326
121.24,38.2256
121.25,38.2186
121.26,38.2117
121.27,38.2047
121.28,38.1978
121.29,38.1908
121.3,38.1839
121.31,38.1769
121.32,38.17
121.33,38.163
121.34,38.1561
121.35,38.1492
121.36,38.1423
121.37,38.1353
121.38,38.1284
121.39,38.1215
121.4,38.1146
121.41,38.1077
121.42,38.1008
121.43,38.0939
121.44,38.087
121.45,38.0801
121.46,38.0732
121.47,38.0664
121.48,38.0595
121.49,38.0526
121.5,38.0457
121.51,38.0389
121.52,38.032
121.53,38.0251
121.54,38.0183
121.55,38.0114
121.56,38.0046
121.57,37.9978
121.58,37.9909
121.59,37.9841
121.6,37.9772
121.61,37.9704
121.62,37.9636
121.63,37.9568
121.64,37.95
121.65,37.9431
121.66,37.9363
121.67,37.9295
121.68,37.9227
121.69,37.9159
121.7,37.9091
121.71,37.9024
121.72,37.8956
121.73,37.8888
121.74,37.882
121.75,37.8752
121.76,37.8685
121.77,37.8617
121.78,37.8549
121.79,37.8482
121.8,37.8414
121.81,37.8347
121.82,37.8279
121.83,37.8212
121.84,37.8144
121.85,37.8077
121.86,37.801
121.87,37.7942
121.88,37.7875
121.89,37.7808
121.9,37.7741
121.91,37.7674
121.92,37.7607
121.93,37.7539
121.94,37.7472
121.95,37.7405
121.96,37.7339
121.97,37.7272
121.98,37.7205
121.99,37.7138
122,37.7071
122.01,37.7004
122.02,37.6938
122.03,37.6871
122.04,37.6804
122.05,37.6738
122.06,37.6671
122.07,37.6604
122.08,37.6538
122.09,37.6471
122.1,37.6405
122.11,37.6339
122.12,37.6272
122.13,37.6206
122.14,37.614
122.15,37.6073
122.16,37.6007
122.17,37.5941
122.18,37.5875
122.19,37.5809
122.2,37.5743
122.21,37.5677
122.22,37.5611
122.23,37.5545
122.24,37.5479
122.25,37.5413
122.26,37.5347
122.27,37.5281
122.28,37.5215
122.29,37.515
122.3,37.5084
122.31,37.5018
122.32,37.4953
122.33,37.4887
122.34,37.4822
122.35,37.4756
122.36,37.469
122.37,37.4625
122.38,37.456
122.39,37.4494
122.4,37.4429
122.41,37.4364
122.42,37.4298
122.43,37.4233
122.44,37.4168
122.45,37.4103
122.46,37.4038
122.47,37.3972
122.48,37.3907
122.49,37.3842
122.5,37.3777
122.51,37.3712
122.52,37.3648
122.53,37.3583
122.54,37.3518
122.55,37.3453
122.56,37.3388
122.57,37.3323
122.58,37.3259
122.59,37.3194
122.6,37.3129
122.61,37.3065
122.62,37.3
122.63,37.2936
122.64,37.2871
122.65,37.2807
122.66,37.2742
122.67,37.2678
122.68,37.2614
122.69,37.2549
122.7,37.2485
122.71,37.2421
122.72,37.2357
122.73,37.2292
122.74,37.2228
122.75,37.2164
122.76,37.21
122.77,37.2036
122.78,37.1972
122.79,37.1908
122.8,37.1844
122.81,37.178
122.82,37.1716
122.83,37.1653
122.84,37.1589
122.85,37.1525
122.86,37.1461
122.87,37.1398
122.88,37.1334
122.89,37.127
122.9,37.1207
122.91,37.1143
122.92,37.108
122.93,37.1016
122.94,37.0953
122.95,37.0889
122.96,37.0826
122.97,37.0763
122.98,37.0699
122.99,37.0636
123,37.0573
123.01,37.051
123.02,37.0446
123.03,37.0383
123.04,37.032
123.05,37.0257
123.06,37.0194
123.07,37.0131
123.08,37.0068
123.09,37.0005
123.1,36.9942
123.11,36.9879
123.12,36.9816
123.13,36.9754
123.14,36.9691
123.15,36.9628
123.16,36.9565
123.17,36.9503
123.18,36.944
123.19,36.9378
123.2,36.9315
123.21,36.9252
123.22,36.919
123.23,36.9127
123.24,36.9065
123.25,36.9003
123.26,36.894
123.27,36.8878
123.28,36.8816
123.29,36.8753
123.3,36.8691
123.31,36.8629
123.32,36.8567
123.33,36.8505
123.34,36.8443
123.35,36.8381
123.36,36.8319
123.37,36.8257
123.38,36.8195
123.39,36.8133
123.4,36.8071
123.41,36.8009
123.42,36.7947
123.43,36.7885
123.44,36.7823
123.45,36.7762
123.46,36.77
123.47,36.7638
123.48,36.7577
123.49,36.7515
123.5,36.7454
123.51,36.7392
123.52,36.7331
123.53,36.7269
123.54,36.7208
123.55,36.7146
123.56,36.7085
123.57,36.7024
123.58,36.6962
123.59,36.6901
123.6,36.684
123.61,36.6779
123.62,36.6717
123.63,36.6656
123.64,36.6595
123.65,36.6534
123.66,36.6473
123.67,36.6412
123.68,36.6351
123.69,36.629
123.7,36.6229
123.71,36.6168
123.72,36.6107
123.73,36.6047
123.74,36.5986
123.75,36.5925
123.76,36.5864
123.77,36.5804
123.78,36.5743
123.79,36.5682
123.8,36.5622
123.81,36.5561
123.82,36.5501
123.83,36.544
123.84,36.538
123.85,36.5319
123.86,36.5259
123.87,36.5199
123.88,36.5138
123.89,36.5078
123.9,36.5018
123.91,36.4958
123.92,36.4897
123.93,36.4837
123.94,36.4777
123.95,36.4717
123.96,36.4657
123.97,36.4597
123.98,36.4537
123.99,36.4477
124,36.4417
124.01,36.4357
124.02,36.4297
124.03,36.4237
124.04,36.4177
124.05,36.4118
124.06,36.4058
124.07,36.3998
124.08,36.3938
124.09,36.3879
124.1,36.3819
124.11,36.376
124.12,36.37
124.13,36.364
124.14,36.3581
124.15,36.3521
124.16,36.3462
124.17,36.3403
124.18,36.3343
124.19,36.3284
124.2,36.3225
124.21,36.3165
124.22,36.3106
124.23,36.3047
124.24,36.2988
124.25,36.2928
124.26,36.2869
124.27,36.281
124.28,36.2751
124.29,36.2692
124.3,36.2633
124.31,36.2574
124.32,36.2515
124.33,36.2456
124.34,36.2397
124.35,36.2338
124.36,36.228
124.37,36.2221
124.38,36.2162
124.39,36.2103
124.4,36.2045
124.41,36.1986
124.42,36.1927
124.43,36.1869
124.44,36.181
124.45,36.1752
124.46,36.1693
124.47,36.1635
124.48,36.1576
124.49,36.1518
124.5,36.1459
124.51,36.1401
124.52,36.1343
124.53,36.1284
124.54,36.1226
124.55,36.1168
124.56,36.111
124.57,36.1052
124.58,36.0993
124.59,36.0935
124.6,36.0877
124.61,36.0819
124.62,36.0761
124.63,36.0703
124.64,36.0645
124.65,36.0587
124.66,36.0529
124.67,36.0471
124.68,36.0414
124.69,36.0356
124.7,36.0298
124.71,36.024
124.72,36.0182
124.73,36.0125
124.74,36.0067
124.75,36.0009
124.76,35.9952
124.77,35.9894
124.78,35.9837
124.79,35.9779
124.8,35.9722
124.81,35.9664
124.82,35.9607
124.83,35.9549
124.84,35.9492
124.85,35.9435
124.86,35.9377
124.87,35.932
124.88,35.9263
124.89,35.9206
124.9,35.9149
124.91,35.9091
124.92,35.9034
124.93,35.8977
124.94,35.892
124.95,35.8863
124.96,35.8806
124.97,35.8749
124.98,35.8692
124.99,35.8635
125,35.8578
125.01,35.8521
125.02,35.8465
125.03,35.8408
125.04,35.8351
125.05,35.8294
125.06,35.8238
125.07,35.8181
125.08,35.8124
125.09,35.8068
125.1,35.8011
125.11,35.7954
125.12,35.7898
125.13,35.7841
125.14,35.7785
125.15,35.7728
125.16,35.7672
125.17,35.7616
125.18,35.7559
125.19,35.7503
125.2,35.7447
125.21,35.739
125.22,35.7334
125.23,35.7278
125.24,35.7222
125.25,35.7165
125.26,35.7109
125.27,35.7053
125.28,35.6997
125.29,35.6941
125.3,35.6885
125.31,35.6829
125.32,35.6773
125.33,35.6717
125.34,35.6661
125.35,35.6605
125.36,35.655
125.37,35.6494
125.38,35.6438
125.39,35.6382
125.4,35.6327
125.41,35.6271
125.42,35.6215
125.43,35.6159
125.44,35.6104
125.45,35.6048
125.46,35.5993
125.47,35.5937
125.48,35.5882
125.49,35.5826
125.5,35.5771
125.51,35.5715
125.52,35.566
125.53,35.5605
125.54,35.5549
125.55,35.5494
125.56,35.5439
125.57,35.5383
125.58,35.5328
125.59,35.5273
125.6,35.5218
125.61,35.5163
125.62,35.5108
125.63,35.5053
125.64,35.4997
125.65,35.4942
125.66,35.4887
125.67,35.4832
125.68,35.4778
125.69,35.4723
125.7,35.4668
125.71,35.4613
125.72,35.4558
125.73,35.4503
125.74,35.4448
125.75,35.4394
125.76,35.4339
125.77,35.4284
125.78,35.423
125.79,35.4175
125.8,35.412
125.81,35.4066
125.82,35.4011
125.83,35.3957
125.84,35.3902
125.85,35.3848
125.86,35.3793
125.87,35.3739
125.88,35.3685
125.89,35.363
125.9,35.3576
125.91,35.3522
125.92,35.3467
125.93,35.3413
125.94,35.3359
125.95,35.3305
125.96,35.3251
125.97,35.3196
125.98,35.3142
125.99,35.3088
126,35.3034
126.01,35.298
126.02,35.2926
126.03,35.2872
126.04,35.2818
126.05,35.2764
126.06,35.271
126.07,35.2657
126.08,35.2603
126.09,35.2549
126.1,35.2495
126.11,35.2441
126.12,35.2388
126.13,35.2334
126.14,35.228
126.15,35.2227
126.16,35.2173
126.17,35.2119
126.18,35.2066
126.19,35.2012
126.2,35.1959
126.21,35.1905
126.22,35.1852
126.23,35.1798
126.24,35.1745
126.25,35.1692
126.26,35.1638
126.27,35.1585
126.28,35.1532
126.29,35.1478
126.3,35.1425
126.31,35.1372
126.32,35.1319
126.33,35.1266
126.34,35.1212
126.35,35.1159
126.36,35.1106
126.37,35.1053
126.38,35.1
126.39,35.0947
126.4,35.0894
126.41,35.0841
126.42,35.0788
126.43,35.0735
126.44,35.0683
126.45,35.063
126.46,35.0577
126.47,35.0524
126.48,35.0471
126.49,35.0419
126.5,35.0366
126.51,35.0313
126.52,35.0261
126.53,35.0208
126.54,35.0155
126.55,35.0103
126.56,35.005
126.57,34.9998
126.58,34.9945
126.59,34.9893
126.6,34.984
126.61,34.9788
126.62,34.9735
126.63,34.9683
126.64,34.9631
126.65,34.9578
126.66,34.9526
126.67,34.9474
126.68,34.9422
126.69,34.9369
126.7,34.9317
126.71,34.9265
126.72,34.9213
126.73,34.9161
126.74,34.9109
126.75,34.9057
126.76,34.9005
126.77,34.8953
126.78,34.8901
126.79,34.8849
126.8,34.8797
126.81,34.8745
126.82,34.8693
126.83,34.8641
126.84,34.8589
126.85,34.8538
126.86,34.8486
126.87,34.8434
126.88,34.8382
126.89,34.8331
126.9,34.8279
126.91,34.8227
126.92,34.8176
126.93,34.8124
126.94,34.8073
126.95,34.8021
126.96,34.797
126.97,34.7918
126.98,34.7867
126.99,34.7815
127,34.7764
127.01,34.7712
127.02,34.7661
127.03,34.761
127.04,34.7558
127.05,34.7507
127.06,34.7456
127.07,34.7405
127.08,34.7353
127.09,34.7302
127.1,34.7251
127.11,34.72
127.12,34.7149
127.13,34.7098
127.14,34.7047
127.15,34.6996
127.16,34.6945
127.17,34.6894
127.18,34.6843
127.19,34.6792
127.2,34.6741
127.21,34.669
127.22,34.6639
127.23,34.6588
127.24,34.6537
127.25,34.6487
127.26,34.6436
127.27,34.6385
127.28,34.6334
127.29,34.6284
127.3,34.6233
127.31,34.6182
127.32,34.6132
127.33,34.6081
127.34,34.6031
127.35,34.598
127.36,34.593
127.37,34.5879
127.38,34.5829
127.39,34.5778
127.4,34.5728
127.41,34.5678
127.42,34.5627
127.43,34.5577
127.44,34.5527
127.45,34.5476
127.46,34.5426
127.47,34.5376
127.48,34.5326
127.49,34.5275
127.5,34.5225
127.51,34.5175
127.52,34.5125
127.53,34.5075
127.54,34.5025
127.55,34.4975
127.56,34.4925
127.57,34.4875
127.58,34.4825
127.59,34.4775
127.6,34.4725
127.61,34.4675
127.62,34.4625
127.63,34.4575
127.64,34.4526
127.65,34.4476
127.66,34.4426
127.67,34.4376
127.68,34.4327
127.69,34.4277
127.7,34.4227
127.71,34.4178
127.72,34.4128
127.73,34.4078
127.74,34.4029
127.75,34.3979
127.76,34.393
127.77,34.388
127.78,34.3831
127.79,34.3781
127.8,34.3732
127.81,34.3682
127.82,34.3633
127.83,34.3584
127.84,34.3534
127.85,34.3485
127.86,34.3436
127.87,34.3386
127.88,34.3337
127.89,34.3288
127.9,34.3239
127.91,34.319
127.92,34.3141
127.93,34.3091
127.94,34.3042
127.95,34.2993
127.96,34.2944
127.97,34.2895
127.98,34.2846
127.99,34.2797
128,34.2748
128.01,34.2699
128.02,34.265
128.03,34.2602
128.04,34.2553
128.05,34.2504
128.06,34.2455
128.07,34.2406
128.08,34.2357
128.09,34.2309
128.1,34.226
128.11,34.2211
128.12,34.2163
128.13,34.2114
128.14,34.2065
128.15,34.2017
128.16,34.1968
128.17,34.192
128.18,34.1871
128.19,34.1823
128.2,34.1774
128.21,34.1726
128.22,34.1677
128.23,34.1629
128.24,34.1581
128.25,34.1532
128.26,34.1484
128.27,34.1436
128.28,34.1387
128.29,34.1339
128.3,34.1291
128.31,34.1242
128.32,34.1194
128.33,34.1146
128.34,34.1098
128.35,34.105
128.36,34.1002
128.37,34.0954
128.38,34.0906
128.39,34.0858
128.4,34.081
128.41,34.0762
128.42,34.0714
128.43,34.0666
128.44,34.0618
128.45,34.057
128.46,34.0522
128.47,34.0474
128.48,34.0426
128.49,34.0378
128.5,34.0331
128.51,34.0283
128.52,34.0235
128.53,34.0187
128.54,34.014
128.55,34.0092
128.56,34.0044
128.57,33.9997
128.58,33.9949
128.59,33.9902
128.6,33.9854
128.61,33.9807
128.62,33.9759
128.63,33.9712
128.64,33.9664
128.65,33.9617
128.66,33.9569
128.67,33.9522
128.68,33.9475
128.69,33.9427
128.7,33.938
128.71,33.9333
128.72,33.9285
128.73,33.9238
128.74,33.9191
128.75,33.9144
128.76,33.9096
128.77,33.9049
128.78,33.9002
128.79,33.8955
128.8,33.8908
128.81,33.8861
128.82,33.8814
128.83,33.8767
128.84,33.872
128.85,33.8673
128.86,33.8626
128.87,33.8579
128.88,33.8532
128.89,33.8485
128.9,33.8438
128.91,33.8391
128.92,33.8344
128.93,33.8298
128.94,33.8251
128.95,33.8204
128.96,33.8157
128.97,33.8111
128.98,33.8064
128.99,33.8017
129,33.7971
129.01,33.7924
129.02,33.7877
129.03,33.7831
129.04,33.7784
129.05,33.7738
129.06,33.7691
129.07,33.7645
129.08,33.7598
129.09,33.7552
129.1,33.7505
129.11,33.7459
129.12,33.7412
129.13,33.7366
129.14,33.732
129.15,33.7273
129.16,33.7227
129.17,33.7181
129.18,33.7135
129.19,33.7088
129.2,33.7042
129.21,33.6996
129.22,33.695
129.23,33.6904
129.24,33.6858
129.25,33.6811
129.26,33.6765
129.27,33.6719
129.28,33.6673
129.29,33.6627
129.3,33.6581
129.31,33.6535
129.32,33.6489
129.33,33.6443
129.34,33.6398
129.35,33.6352
129.36,33.6306
129.37,33.626
129.38,33.6214
129.39,33.6168
129.4,33.6123
129.41,33.6077
129.42,33.6031
129.43,33.5985
129.44,33.594
129.45,33.5894
129.46,33.5848
129.47,33.5803
129.48,33.5757
129.49,33.5712
129.5,33.5666
129.51,33.562
129.52,33.5575
129.53,33.5529
129.54,33.5484
129.55,33.5438
129.56,33.5393
129.57,33.5348
129.58,33.5302
129.59,33.5257
129.6,33.5212
129.61,33.5166
129.62,33.5121
129.63,33.5076
129.64,33.503
129.65,33.4985
129.66,33.494
129.67,33.4895
129.68,33.485
129.69,33.4804
129.7,33.4759
129.71,33.4714
129.72,33.4669
129.73,33.4624
129.74,33.4579
129.75,33.4534
129.76,33.4489
129.77,33.4444
129.78,33.4399
129.79,33.4354
129.8,33.4309
129.81,33.4264
129.82,33.4219
129.83,33.4174
129.84,33.413
129.85,33.4085
129.86,33.404
129.87,33.3995
129.88,33.395
129.89,33.3906
129.9,33.3861
129.91,33.3816
129.92,33.3772
129.93,33.3727
129.94,33.3682
129.95,33.3638
129.96,33.3593
129.97,33.3549
129.98,33.3504
129.99,33.346
130,33.3415
130.01,33.3371
130.02,33.3326
130.03,33.3282
130.04,33.3237
130.05,33.3193
130.06,33.3148
130.07,33.3104
130.08,33.306
130.09,33.3015
130.1,33.2971
130.11,33.2927
130.12,33.2883
130.13,33.2838
130.14,33.2794
130.15,33.275
130.16,33.2706
130.17,33.2662
130.18,33.2618
130.19,33.2573
130.2,33.2529
130.21,33.2485
130.22,33.2441
130.23,33.2397
130.24,33.2353
130.25,33.2309
130.26,33.2265
130.27,33.2221
130.28,33.2177
130.29,33.2133
130.3,33.209
130.31,33.2046
130.32,33.2002
130.33,33.1958
130.34,33.1914
130.35,33.187
130.36,33.1827
130.37,33.1783
130.38,33.1739
130.39,33.1695
130.4,33.1652
130.41,33.1608
130.42,33.1565
130.43,33.1521
130.44,33.1477
130.45,33.1434
130.46,33.139
130.47,33.1347
130.48,33.1303
130.49,33.126
130.5,33.1216
130.51,33.1173
130.52,33.1129
130.53,33.1086
130.54,33.1042
130.55,33.0999
130.56,33.0956
130.57,33.0912
130.58,33.0869
130.59,33.0826
130.6,33.0782
130.61,33.0739
130.62,33.0696
130.63,33.0653
130.64,33.0609
130.65,33.0566
130.66,33.0523
130.67,33.048
130.68,33.0437
130.69,33.0394
130.7,33.0351
130.71,33.0308
130.72,33.0265
130.73,33.0222
130.74,33.0179
130.75,33.0136
130.76,33.0093
130.77,33.005
130.78,33.0007
130.79,32.9964
130.8,32.9921
130.81,32.9878
130.82,32.9835
130.83,32.9792
130.84,32.975
130.85,32.9707
130.86,32.9664
130.87,32.9621
130.88,32.9579
130.89,32.9536
130.9,32.9493
130.91,32.9451
130.92,32.9408
130.93,32.9365
130.94,32.9323
130.95,32.928
130.96,32.9237
130.97,32.9195
130.98,32.9152
130.99,32.911
131,32.9067
131.01,32.9025
131.02,32.8982
131.03,32.894
131.04,32.8898
131.05,32.8855
131.06,32.8813
131.07,32.8771
131.08,32.8728
131.09,32.8686
131.1,32.8644
131.11,32.8601
131.12,32.8559
131.13,32.8517
131.14,32.8475
131.15,32.8432
131.16,32.839
131.17,32.8348
131.18,32.8306
131.19,32.8264
131.2,32.8222
131.21,32.818
131.22,32.8138
131.23,32.8095
131.24,32.8053
131.25,32.8011
131.26,32.7969
131.27,32.7927
131.28,32.7886
131.29,32.7844
131.3,32.7802
131.31,32.776
131.32,32.7718
131.33,32.7676
131.34,32.7634
131.35,32.7592
131.36,32.7551
131.37,32.7509
131.38,32.7467
131.39,32.7425
131.4,32.7384
131.41,32.7342
131.42,32.73
131.43,32.7259
131.44,32.7217
131.45,32.7175
131.46,32.7134
131.47,32.7092
131.48,32.705
131.49,32.7009
131.5,32.6967
131.51,32.6926
131.52,32.6884
131.53,32.6843
131.54,32.6801
131.55,32.676
131.56,32.6719
131.57,32.6677
131.58,32.6636
131.59,32.6594
131.6,32.6553
131.61,32.6512
131.62,32.647
131.63,32.6429
131.64,32.6388
131.65,32.6347
131.66,32.6305
131.67,32.6264
131.68,32.6223
131.69,32.6182
131.7,32.6141
131.71,32.61
131.72,32.6058
131.73,32.6017
131.74,32.5976
131.75,32.5935
131.76,32.5894
131.77,32.5853
131.78,32.5812
131.79,32.5771
131.8,32.573
131.81,32.5689
131.82,32.5648
131.83,32.5607
131.84,32.5566
131.85,32.5526
131.86,32.5485
131.87,32.5444
131.88,32.5403
131.89,32.5362
131.9,32.5321
131.91,32.5281
131.92,32.524
131.93,32.5199
131.94,32.5158
131.95,32.5118
131.96,32.5077
131.97,32.5036
131.98,32.4996
131.99,32.4955
132,32.4915
132.01,32.4874
132.02,32.4833
132.03,32.4793
132.04,32.4752
132.05,32.4712
132.06,32.4671
132.07,32.4631
132.08,32.459
132.09,32.455
132.1,32.451
132.11,32.4469
132.12,32.4429
132.13,32.4388
132.14,32.4348
132.15,32.4308
132.16,32.4267
132.17,32.4227
132.18,32.4187
132.19,32.4147
132.2,32.4106
132.21,32.4066
132.22,32.4026
132.23,32.3986
132.24,32.3945
132.25,32.3905
132.26,32.3865
132.27,32.3825
132.28,32.3785
132.29,32.3745
132.3,32.3705
132.31,32.3665
132.32,32.3625
132.33,32.3585
132.34,32.3545
132.35,32.3505
132.36,32.3465
132.37,32.3425
132.38,32.3385
132.39,32.3345
132.4,32.3305
132.41,32.3265
132.42,32.3226
132.43,32.3186
132.44,32.3146
132.45,32.3106
132.46,32.3066
132.47,32.3027
132.48,32.2987
132.49,32.2947
132.5,32.2907
132.51,32.2868
132.52,32.2828
132.53,32.2788
132.54,32.2749
132.55,32.2709
132.56,32.267
132.57,32.263
132.58,32.259
132.59,32.2551
132.6,32.2511
132.61,32.2472
132.62,32.2432
132.63,32.2393
132.64,32.2353
132.65,32.2314
132.66,32.2274
132.67,32.2235
132.68,32.2196
132.69,32.2156
132.7,32.2117
132.71,32.2078
132.72,32.2038
132.73,32.1999
132.74,32.196
132.75,32.192
132.76,32.1881
132.77,32.1842
132.78,32.1803
132.79,32.1764
132.8,32.1724
132.81,32.1685
132.82,32.1646
132.83,32.1607
132.84,32.1568
132.85,32.1529
132.86,32.149
132.87,32.1451
132.88,32.1412
132.89,32.1373
132.9,32.1334
132.91,32.1295
132.92,32.1256
132.93,32.1217
132.94,32.1178
132.95,32.1139
132.96,32.11
132.97,32.1061
132.98,32.1022
132.99,32.0983
133,32.0944
133.01,32.0906
133.02,32.0867
133.03,32.0828
133.04,32.0789
133.05,32.0751
133.06,32.0712
133.07,32.0673
133.08,32.0634
133.09,32.0596
133.1,32.0557
133.11,32.0518
133.12,32.048
133.13,32.0441
133.14,32.0403
133.15,32.0364
133.16,32.0325
133.17,32.0287
133.18,32.0248
133.19,32.021
133.2,32.0171
133.21,32.0133
133.22,32.0094
133.23,32.0056
133.24,32.0018
133.25,31.9979
133.26,31.9941
133.27,31.9902
133.28,31.9864
133.29,31.9826
133.3,31.9787
133.31,31.9749
133.32,31.9711
133.33,31.9672
133.34,31.9634
133.35,31.9596
133.36,31.9558
133.37,31.952
133.38,31.9481
133.39,31.9443
133.4,31.9405
133.41,31.9367
133.42,31.9329
133.43,31.9291
133.44,31.9253
133.45,31.9215
133.46,31.9176
133.47,31.9138
133.48,31.91
133.49,31.9062
133.5,31.9024
133.51,31.8986
133.52,31.8948
133.53,31.8911
133.54,31.8873
133.55,31.8835
133.56,31.8797
133.57,31.8759
133.58,31.8721
133.59,31.8683
133.6,31.8645
133.61,31.8608
133.62,31.857
133.63,31.8532
133.64,31.8494
133.65,31.8457
133.66,31.8419
133.67,31.8381
133.68,31.8343
133.69,31.8306
133.7,31.8268
133.71,31.823
133.72,31.8193
133.73,31.8155
133.74,31.8118
133.75,31.808
133.76,31.8043
133.77,31.8005
133.78,31.7967
133.79,31.793
133.8,31.7892
133.81,31.7855
133.82,31.7818
133.83,31.778
133.84,31.7743
133.85,31.7705
133.86,31.7668
133.87,31.763
133.88,31.7593
133.89,31.7556
133.9,31.7518
133.91,31.7481
133.92,31.7444
133.93,31.7407
133.94,31.7369
133.95,31.7332
133.96,31.7295
133.97,31.7258
133.98,31.722
133.99,31.7183
134,31.7146
134.01,31.7109
134.02,31.7072
134.03,31.7035
134.04,31.6997
134.05,31.696
134.06,31.6923
134.07,31.6886
134.08,31.6849
134.09,31.6812
134.1,31.6775
134.11,31.6738
134.12,31.6701
134.13,31.6664
134.14,31.6627
134.15,31.659
134.16,31.6554
134.17,31.6517
134.18,31.648
134.19,31.6443
134.2,31.6406
134.21,31.6369
134.22,31.6332
134.23,31.6296
134.24,31.6259
134.25,31.6222
134.26,31.6185
134.27,31.6149
134.28,31.6112
134.29,31.6075
134.3,31.6038
134.31,31.6002
134.32,31.5965
134.33,31.5928
134.34,31.5892
134.35,31.5855
134.36,31.5819
134.37,31.5782
134.38,31.5745
134.39,31.5709
134.4,31.5672
134.41,31.5636
134.42,31.5599
134.43,31.5563
134.44,31.5526
134.45,31.549
134.46,31.5454
134.47,31.5417
134.48,31.5381
134.49,31.5344
134.5,31.5308
134.51,31.5272
134.52,31.5235
134.53,31.5199
134.54,31.5163
134.55,31.5126
134.56,31.509
134.57,31.5054
134.58,31.5018
134.59,31.4981
134.6,31.4945
134.61,31.4909
134.62,31.4873
134.63,31.4837
134.64,31.48
134.65,31.4764
134.66,31.4728
134.67,31.4692
134.68,31.4656
134.69,31.462
134.7,31.4584
134.71,31.4548
134.72,31.4512
134.73,31.4476
134.74,31.444
134.75,31.4404
134.76,31.4368
134.77,31.4332
134.78,31.4296
134.79,31.426
134.8,31.4224
134.81,31.4188
134.82,31.4152
134.83,31.4116
134.84,31.4081
134.85,31.4045
134.86,31.4009
134.87,31.3973
134.88,31.3937
134.89,31.3902
134.9,31.3866
134.91,31.383
134.92,31.3794
134.93,31.3759
134.94,31.3723
134.95,31.3687
134.96,31.3652
134.97,31.3616
134.98,31.358
134.99,31.3545
135,31.3509
135.01,31.3473
135.02,31.3438
135.03,31.3402
135.04,31.3367
135.05,31.3331
135.06,31.3296
135.07,31.326
135.08,31.3225
135.09,31.3189
135.1,31.3154
135.11,31.3118
135.12,31.3083
135.13,31.3048
135.14,31.3012
135.15,31.2977
135.16,31.2942
135.17,31.2906
135.18,31.2871
135.19,31.2836
135.2,31.28
135.21,31.2765
135.22,31.273
135.23,31.2694
135.24,31.2659
135.25,31.2624
135.26,31.2589
135.27,31.2554
135.28,31.2518
135.29,31.2483
135.3,31.2448
135.31,31.2413
135.32,31.2378
135.33,31.2343
135.34,31.2308
135.35,31.2273
135.36,31.2237
135.37,31.2202
135.38,31.2167
135.39,31.2132
135.4,31.2097
135.41,31.2062
135.42,31.2027
135.43,31.1992
135.44,31.1958
135.45,31.1923
135.46,31.1888
135.47,31.1853
135.48,31.1818
135.49,31.1783
135.5,31.1748
135.51,31.1713
135.52,31.1679
135.53,31.1644
135.54,31.1609
135.55,31.1574
135.56,31.1539
135.57,31.1505
135.58,31.147
135.59,31.1435
135.6,31.1401
135.61,31.1366
135.62,31.1331
135.63,31.1296
135.64,31.1262
135.65,31.1227
135.66,31.1193
135.67,31.1158
135.68,31.1123
135.69,31.1089
135.7,31.1054
135.71,31.102
135.72,31.0985
135.73,31.0951
135.74,31.0916
135.75,31.0882
135.76,31.0847
135.77,31.0813
135.78,31.0778
135.79,31.0744
135.8,31.0709
135.81,31.0675
135.82,31.0641
135.83,31.0606
135.84,31.0572
135.85,31.0538
135.86,31.0503
135.87,31.0469
135.88,31.0435
135.89,31.04
135.9,31.0366
135.91,31.0332
135.92,31.0298
135.93,31.0263
135.94,31.0229
135.95,31.0195
135.96,31.0161
135.97,31.0127
135.98,31.0093
135.99,31.0058
136,31.0024
136.01,30.999
136.02,30.9956
136.03,30.9922
136.04,30.9888
136.05,30.9854
136.06,30.982
136.07,30.9786
136.08,30.9752
136.09,30.9718
136.1,30.9684
136.11,30.965
136.12,30.9616
136.13,30.9582
136.14,30.9548
136.15,30.9514
136.16,30.948
136.17,30.9446
136.18,30.9412
136.19,30.9379
136.2,30.9345
136.21,30.9311
136.22,30.9277
136.23,30.9243
136.24,30.921
136.25,30.9176
136.26,30.9142
136.27,30.9108
136.28,30.9075
136.29,30.9041
136.3,30.9007
136.31,30.8973
136.32,30.894
136.33,30.8906
136.34,30.8872
136.35,30.8839
136.36,30.8805
136.37,30.8772
136.38,30.8738
136.39,30.8704
136.4,30.8671
136.41,30.8637
136.42,30.8604
136.43,30.857
136.44,30.8537
136.45,30.8503
136.46,30.847
136.47,30.8436
136.48,30.8403
136.49,30.837
136.5,30.8336
136.51,30.8303
136.52,30.8269
136.53,30.8236
136.54,30.8203
136.55,30.8169
136.56,30.8136
136.57,30.8103
136.58,30.8069
136.59,30.8036
136.6,30.8003
136.61,30.7969
136.62,30.7936
136.63,30.7903
136.64,30.787
136.65,30.7837
136.66,30.7803
136.67,30.777
136.68,30.7737
136.69,30.7704
136.7,30.7671
136.71,30.7638
136.72,30.7604
136.73,30.7571
136.74,30.7538
136.75,30.7505
136.76,30.7472
136.77,30.7439
136.78,30.7406
136.79,30.7373
136.8,30.734
136.81,30.7307
136.82,30.7274
136.83,30.7241
136.84,30.7208
136.85,30.7175
136.86,30.7142
136.87,30.7109
136.88,30.7076
136.89,30.7044
136.9,30.7011
136.91,30.6978
136.92,30.6945
136.93,30.6912
136.94,30.6879
136.95,30.6847
136.96,30.6814
136.97,30.6781
136.98,30.6748
136.99,30.6716
137,30.6683
137.01,30.665
137.02,30.6617
137.03,30.6585
137.04,30.6552
137.05,30.6519
137.06,30.6487
137.07,30.6454
137.08,30.6421
137.09,30.6389
137.1,30.6356
137.11,30.6324
137.12,30.6291
137.13,30.6259
137.14,30.6226
137.15,30.6193
137.16,30.6161
137.17,30.6128
137.18,30.6096
137.19,30.6063
137.2,30.6031
137.21,30.5999
137.22,30.5966
137.23,30.5934
137.24,30.5901
137.25,30.5869
137.26,30.5837
137.27,30.5804
137.28,30.5772
137.29,30.5739
137.3,30.5707
137.31,30.5675
137.32,30.5643
137.33,30.561
137.34,30.5578
137.35,30.5546
137.36,30.5513
137.37,30.5481
137.38,30.5449
137.39,30.5417
137.4,30.5385
137.41,30.5352
137.42,30.532
137.43,30.5288
137.44,30.5256
137.45,30.5224
137.46,30.5192
137.47,30.516
137.48,30.5127
137.49,30.5095
137.5,30.5063
137.51,30.5031
137.52,30.4999
137.53,30.4967
137.54,30.4935
137.55,30.4903
137.56,30.4871
137.57,30.4839
137.58,30.4807
137.59,30.4775
137.6,30.4743
137.61,30.4712
137.62,30.468
137.63,30.4648
137.64,30.4616
137.65,30.4584
137.66,30.4552
137.67,30.452
137.68,30.4488
137.69,30.4457
137.7,30.4425
137.71,30.4393
137.72,30.4361
137.73,30.4329
137.74,30.4298
137.75,30.4266
137.76,30.4234
137.77,30.4203
137.78,30.4171
137.79,30.4139
137.8,30.4108
137.81,30.4076
137.82,30.4044
137.83,30.4013
137.84,30.3981
137.85,30.3949
137.86,30.3918
137.87,30.3886
137.88,30.3855
137.89,30.3823
137.9,30.3791
137.91,30.376
137.92,30.3728
137.93,30.3697
137.94,30.3665
137.95,30.3634
137.96,30.3603
137.97,30.3571
137.98,30.354
137.99,30.3508
138,30.3477
138.01,30.3445
138.02,30.3414
138.03,30.3383
138.04,30.3351
138.05,30.332
138.06,30.3289
138.07,30.3257
138.08,30.3226
138.09,30.3195
138.1,30.3163
138.11,30.3132
138.12,30.3101
138.13,30.307
138.14,30.3038
138.15,30.3007
138.16,30.2976
138.17,30.2945
138.18,30.2913
138.19,30.2882
138.2,30.2851
138.21,30.282
138.22,30.2789
138.23,30.2758
138.24,30.2727
138.25,30.2696
138.26,30.2664
138.27,30.2633
138.28,30.2602
138.29,30.2571
138.3,30.254
138.31,30.2509
138.32,30.2478
138.33,30.2447
138.34,30.2416
138.35,30.2385
138.36,30.2354
138.37,30.2323
138.38,30.2292
138.39,30.2261
138.4,30.2231
138.41,30.22
138.42,30.2169
138.43,30.2138
138.44,30.2107
138.45,30.2076
138.46,30.2045
138.47,30.2015
138.48,30.1984
138.49,30.1953
138.5,30.1922
138.51,30.1891
138.52,30.1861
138.53,30.183
138.54,30.1799
138.55,30.1768
138.56,30.1738
138.57,30.1707
138.58,30.1676
138.59,30.1646
138.6,30.1615
138.61,30.1584
138.62,30.1554
138.63,30.1523
138.64,30.1492
138.65,30.1462
138.66,30.1431
138.67,30.1401
138.68,30.137
138.69,30.134
138.7,30.1309
138.71,30.1279
138.72,30.1248
138.73,30.1217
138.74,30.1187
138.75,30.1157
138.76,30.1126
138.77,30.1096
138.78,30.1065
138.79,30.1035
138.8,30.1004
138.81,30.0974
138.82,30.0944
138.83,30.0913
138.84,30.0883
138.85,30.0852
138.86,30.0822
138.87,30.0792
138.88,30.0761
138.89,30.0731
138.9,30.0701
138.91,30.0671
138.92,30.064
138.93,30.061
138.94,30.058
138.95,30.055
138.96,30.0519
138.97,30.0489
138.98,30.0459
138.99,30.0429
139,30.0399
139.01,30.0368
139.02,30.0338
139.03,30.0308
139.04,30.0278
139.05,30.0248
139.06,30.0218
139.07,30.0188
139.08,30.0158
139.09,30.0128
139.1,30.0098
139.11,30.0068
139.12,30.0037
139.13,30.0007
139.14,29.9977
139.15,29.9947
139.16,29.9917
139.17,29.9888
139.18,29.9858
139.19,29.9828
139.2,29.9798
139.21,29.9768
139.22,29.9738
139.23,29.9708
139.24,29.9678
139.25,29.9648
139.26,29.9618
139.27,29.9589
139.28,29.9559
139.29,29.9529
139.3,29.9499
139.31,29.9469
139.32,29.9439
139.33,29.941
139.34,29.938
139.35,29.935
139.36,29.932
139.37,29.9291
139.38,29.9261
139.39,29.9231
139.4,29.9202
139.41,29.9172
139.42,29.9142
139.43,29.9113
139.44,29.9083
139.45,29.9053
139.46,29.9024
139.47,29.8994
139.48,29.8964
139.49,29.8935
139.5,29.8905
139.51,29.8876
139.52,29.8846
139.53,29.8817
139.54,29.8787
139.55,29.8758
139.56,29.8728
139.57,29.8699
139.58,29.8669
139.59,29.864
139.6,29.861
139.61,29.8581
139.62,29.8551
139.63,29.8522
139.64,29.8492
139.65,29.8463
139.66,29.8434
139.67,29.8404
139.68,29.8375
139.69,29.8346
139.7,29.8316
139.71,29.8287
139.72,29.8258
139.73,29.8228
139.74,29.8199
139.75,29.817
139.76,29.814
139.77,29.8111
139.78,29.8082
139.79,29.8053
139.8,29.8023
139.81,29.7994
139.82,29.7965
139.83,29.7936
139.84,29.7907
139.85,29.7878
139.86,29.7848
139.87,29.7819
139.88,29.779
139.89,29.7761
139.9,29.7732
139.91,29.7703
139.92,29.7674
139.93,29.7645
139.94,29.7616
139.95,29.7586
139.96,29.7557
139.97,29.7528
139.98,29.7499
139.99,29.747
140,29.7441
140.01,29.7412
140.02,29.7383
140.03,29.7354
140.04,29.7326
140.05,29.7297
140.06,29.7268
140.07,29.7239
140.08,29.721
140.09,29.7181
140.1,29.7152
140.11,29.7123
140.12,29.7094
140.13,29.7066
140.14,29.7037
140.15,29.7008
140.16,29.6979
140.17,29.695
140.18,29.6921
140.19,29.6893
140.2,29.6864
140.21,29.6835
140.22,29.6806
140.23,29.6778
140.24,29.6749
140.25,29.672
140.26,29.6692
140.27,29.6663
140.28,29.6634
140.29,29.6606
140.3,29.6577
140.31,29.6548
140.32,29.652
140.33,29.6491
140.34,29.6462
140.35,29.6434
140.36,29.6405
140.37,29.6377
140.38,29.6348
140.39,29.6319
140.4,29.6291
140.41,29.6262
140.42,29.6234
140.43,29.6205
140.44,29.6177
140.45,29.6148
140.46,29.612
140.47,29.6091
140.48,29.6063
140.49,29.6035
140.5,29.6006
140.51,29.5978
140.52,29.5949
140.53,29.5921
140.54,29.5893
140.55,29.5864
140.56,29.5836
140.57,29.5807
140.58,29.5779
140.59,29.5751
140.6,29.5722
140.61,29.5694
140.62,29.5666
140.63,29.5638
140.64,29.5609
140.65,29.5581
140.66,29.5553
140.67,29.5525
140.68,29.5496
140.69,29.5468
140.7,29.544
140.71,29.5412
140.72,29.5384
140.73,29.5355
140.74,29.5327
140.75,29.5299
140.76,29.5271
140.77,29.5243
140.78,29.5215
140.79,29.5187
140.8,29.5158
140.81,29.513
140.82,29.5102
140.83,29.5074
140.84,29.5046
140.85,29.5018
140.86,29.499
140.87,29.4962
140.88,29.4934
140.89,29.4906
140.9,29.4878
140.91,29.485
140.92,29.4822
140.93,29.4794
140.94,29.4766
140.95,29.4738
140.96,29.471
140.97,29.4682
140.98,29.4655
140.99,29.4627
141,29.4599
141.01,29.4571
141.02,29.4543
141.03,29.4515
141.04,29.4487
141.05,29.446
141.06,29.4432
141.07,29.4404
141.08,29.4376
141.09,29.4348
141.1,29.4321
141.11,29.4293
141.12,29.4265
141.13,29.4237
141.14,29.421
141.15,29.4182
141.16,29.4154
141.17,29.4126
141.18,29.4099
141.19,29.4071
141.2,29.4043
141.21,29.4016
141.22,29.3988
141.23,29.3961
141.24,29.3933
141.25,29.3905
141.26,29.3878
141.27,29.385
141.28,29.3823
141.29,29.3795
141.3,29.3767
141.31,29.374
141.32,29.3712
141.33,29.3685
141.34,29.3657
141.35,29.363
141.36,29.3602
141.37,29.3575
141.38,29.3547
141.39,29.352
141.4,29.3492
141.41,29.3465
141.42,29.3438
141.43,29.341
141.44,29.3383
141.45,29.3355
141.46,29.3328
141.47,29.3301
141.48,29.3273
141.49,29.3246
141.5,29.3219
141.51,29.3191
141.52,29.3164
141.53,29.3137
141.54,29.3109
141.55,29.3082
141.56,29.3055
141.57,29.3027
141.58,29.3
141.59,29.2973
141.6,29.2946
141.61,29.2918
141.62,29.2891
141.63,29.2864
141.64,29.2837
141.65,29.281
141.66,29.2782
141.67,29.2755
141.68,29.2728
141.69,29.2701
141.7,29.2674
141.71,29.2647
141.72,29.262
141.73,29.2592
141.74,29.2565
141.75,29.2538
141.76,29.2511
141.77,29.2484
141.78,29.2457
141.79,29.243
141.8,29.2403
141.81,29.2376
141.82,29.2349
141.83,29.2322
141.84,29.2295
141.85,29.2268
141.86,29.2241
141.87,29.2214
141.88,29.2187
141.89,29.216
141.9,29.2133
141.91,29.2106
141.92,29.208
141.93,29.2053
141.94,29.2026
141.95,29.1999
141.96,29.1972
141.97,29.1945
141.98,29.1918
141.99,29.1891
142,29.1865
142.01,29.1838
142.02,29.1811
142.03,29.1784
142.04,29.1757
142.05,29.1731
142.06,29.1704
142.07,29.1677
142.08,29.165
142.09,29.1624
142.1,29.1597
142.11,29.157
142.12,29.1544
142.13,29.1517
142.14,29.149
142.15,29.1464
142.16,29.1437
142.17,29.141
142.18,29.1384
142.19,29.1357
142.2,29.133
142.21,29.1304
142.22,29.1277
142.23,29.1251
142.24,29.1224
142.25,29.1197
142.26,29.1171
142.27,29.1144
142.28,29.1118
142.29,29.1091
142.3,29.1065
142.31,29.1038
142.32,29.1012
142.33,29.0985
142.34,29.0959
142.35,29.0932
142.36,29.0906
142.37,29.0879
142.38,29.0853
142.39,29.0827
142.4,29.08
142.41,29.0774
142.42,29.0747
142.43,29.0721
142.44,29.0695
142.45,29.0668
142.46,29.0642
142.47,29.0616
142.48,29.0589
142.49,29.0563
142.5,29.0537
142.51,29.051
142.52,29.0484
142.53,29.0458
142.54,29.0431
142.55,29.0405
142.56,29.0379
142.57,29.0353
142.58,29.0326
142.59,29.03
142.6,29.0274
142.61,29.0248
142.62,29.0222
142.63,29.0195
142.64,29.0169
142.65,29.0143
142.66,29.0117
142.67,29.0091
142.68,29.0065
142.69,29.0038
142.7,29.0012
142.71,28.9986
142.72,28.996
142.73,28.9934
142.74,28.9908
142.75,28.9882
142.76,28.9856
142.77,28.983
142.78,28.9804
142.79,28.9778
142.8,28.9752
142.81,28.9726
142.82,28.97
142.83,28.9674
142.84,28.9648
142.85,28.9622
142.86,28.9596
142.87,28.957
142.88,28.9544
142.89,28.9518
142.9,28.9492
142.91,28.9466
142.92,28.944
142.93,28.9414
142.94,28.9389
142.95,28.9363
142.96,28.9337
142.97,28.9311
142.98,28.9285
142.99,28.9259
143,28.9234
143.01,28.9208
143.02,28.9182
143.03,28.9156
143.04,28.913
143.05,28.9105
143.06,28.9079
143.07,28.9053
143.08,28.9027
143.09,28.9002
143.1,28.8976
143.11,28.895
143.12,28.8924
143.13,28.8899
143.14,28.8873
143.15,28.8847
143.16,28.8822
143.17,28.8796
143.18,28.877
143.19,28.8745
143.2,28.8719
143.21,28.8694
143.22,28.8668
143.23,28.8642
143.24,28.8617
143.25,28.8591
143.26,28.8566
143.27,28.854
143.28,28.8515
143.29,28.8489
143.3,28.8463
143.31,28.8438
143.32,28.8412
143.33,28.8387
143.34,28.8361
143.35,28.8336
143.36,28.8311
143.37,28.8285
143.38,28.826
143.39,28.8234
143.4,28.8209
143.41,28.8183
143.42,28.8158
143.43,28.8132
143.44,28.8107
143.45,28.8082
143.46,28.8056
143.47,28.8031
143.48,28.8006
143.49,28.798
143.5,28.7955
143.51,28.793
143.52,28.7904
143.53,28.7879
143.54,28.7854
143.55,28.7828
143.56,28.7803
143.57,28.7778
143.58,28.7753
143.59,28.7727
143.6,28.7702
143.61,28.7677
143.62,28.7652
143.63,28.7626
143.64,28.7601
143.65,28.7576
143.66,28.7551
143.67,28.7526
143.68,28.75
143.69,28.7475
143.7,28.745
143.71,28.7425
143.72,28.74
143.73,28.7375
143.74,28.735
143.75,28.7325
143.76,28.73
143.77,28.7274
143.78,28.7249
143.79,28.7224
143.8,28.7199
143.81,28.7174
143.82,28.7149
143.83,28.7124
143.84,28.7099
143.85,28.7074
143.86,28.7049
143.87,28.7024
143.88,28.6999
143.89,28.6974
143.9,28.6949
143.91,28.6924
143.92,28.6899
143.93,28.6874
143.94,28.6849
143.95,28.6825
143.96,28.68
143.97,28.6775
143.98,28.675
143.99,28.6725
144,28.67
144.01,28.6675
144.02,28.665
144.03,28.6626
144.04,28.6601
144.05,28.6576
144.06,28.6551
144.07,28.6526
144.08,28.6502
144.09,28.6477
144.1,28.6452
144.11,28.6427
144.12,28.6402
144.13,28.6378
144.14,28.6353
144.15,28.6328
144.16,28.6304
144.17,28.6279
144.18,28.6254
144.19,28.6229
144.2,28.6205
144.21,28.618
144.22,28.6155
144.23,28.6131
144.24,28.6106
144.25,28.6081
144.26,28.6057
144.27,28.6032
144.28,28.6008
144.29,28.5983
144.3,28.5958
144.31,28.5934
144.32,28.5909
144.33,28.5885
144.34,28.586
144.35,28.5836
144.36,28.5811
144.37,28.5787
144.38,28.5762
144.39,28.5738
144.4,28.5713
144.41,28.5689
144.42,28.5664
144.43,28.564
144.44,28.5615
144.45,28.5591
144.46,28.5566
144.47,28.5542
144.48,28.5517
144.49,28.5493
144.5,28.5469
144.51,28.5444
144.52,28.542
144.53,28.5395
144.54,28.5371
144.55,28.5347
144.56,28.5322
144.57,28.5298
144.58,28.5274
144.59,28.5249
144.6,28.5225
144.61,28.5201
144.62,28.5176
144.63,28.5152
144.64,28.5128
144.65,28.5104
144.66,28.5079
144.67,28.5055
144.68,28.5031
144.69,28.5007
144.7,28.4982
144.71,28.4958
144.72,28.4934
144.73,28.491
144.74,28.4885
144.75,28.4861
144.76,28.4837
144.77,28.4813
144.78,28.4789
144.79,28.4765
144.8,28.4741
144.81,28.4716
144.82,28.4692
144.83,28.4668
144.84,28.4644
144.85,28.462
144.86,28.4596
144.87,28.4572
144.88,28.4548
144.89,28.4524
144.9,28.45
144.91,28.4476
144.92,28.4452
144.93,28.4428
144.94,28.4404
144.95,28.438
144.96,28.4356
144.97,28.4332
144.98,28.4308
144.99,28.4284
145,28.426
145.01,28.4236
145.02,28.4212
145.03,28.4188
145.04,28.4164
145.05,28.414
145.06,28.4116
145.07,28.4092
145.08,28.4068
145.09,28.4044
145.1,28.4021
145.11,28.3997
145.12,28.3973
145.13,28.3949
145.14,28.3925
145.15,28.3901
145.16,28.3877
145.17,28.3854
145.18,28.383
145.19,28.3806
145.2,28.3782
145.21,28.3759
145.22,28.3735
145.23,28.3711
145.24,28.3687
145.25,28.3663
145.26,28.364
145.27,28.3616
145.28,28.3592
145.29,28.3569
145.3,28.3545
145.31,28.3521
145.32,28.3498
145.33,28.3474
145.34,28.345
145.35,28.3427
145.36,28.3403
145.37,28.3379
145.38,28.3356
145.39,28.3332
145.4,28.3308
145.41,28.3285
145.42,28.3261
145.43,28.3238
145.44,28.3214
145.45,28.319
145.46,28.3167
145.47,28.3143
145.48,28.312
145.49,28.3096
145.5,28.3073
145.51,28.3049
145.52,28.3026
145.53,28.3002
145.54,28.2979
145.55,28.2955
145.56,28.2932
145.57,28.2908
145.58,28.2885
145.59,28.2861
145.6,28.2838
145.61,28.2815
145.62,28.2791
145.63,28.2768
145.64,28.2744
145.65,28.2721
145.66,28.2698
145.67,28.2674
145.68,28.2651
145.69,28.2627
145.7,28.2604
145.71,28.2581
145.72,28.2557
145.73,28.2534
145.74,28.2511
145.75,28.2487
145.76,28.2464
145.77,28.2441
145.78,28.2418
145.79,28.2394
145.8,28.2371
145.81,28.2348
145.82,28.2325
145.83,28.2301
145.84,28.2278
145.85,28.2255
145.86,28.2232
145.87,28.2208
145.88,28.2185
145.89,28.2162
145.9,28.2139
145.91,28.2116
145.92,28.2092
145.93,28.2069
145.94,28.2046
145.95,28.2023
145.96,28.2
145.97,28.1977
145.98,28.1954
145.99,28.1931
146,28.1907
146.01,28.1884
146.02,28.1861
146.03,28.1838
146.04,28.1815
146.05,28.1792
146.06,28.1769
146.07,28.1746
146.08,28.1723
146.09,28.17
146.1,28.1677
146.11,28.1654
146.12,28.1631
146.13,28.1608
146.14,28.1585
146.15,28.1562
146.16,28.1539
146.17,28.1516
146.18,28.1493
146.19,28.147
146.2,28.1447
146.21,28.1424
146.22,28.1401
146.23,28.1379
146.24,28.1356
146.25,28.1333
146.26,28.131
146.27,28.1287
146.28,28.1264
146.29,28.1241
146.3,28.1218
146.31,28.1196
146.32,28.1173
146.33,28.115
146.34,28.1127
146.35,28.1104
146.36,28.1081
146.37,28.1059
146.38,28.1036
146.39,28.1013
146.4,28.099
146.41,28.0968
146.42,28.0945
146.43,28.0922
146.44,28.0899
146.45,28.0877
146.46,28.0854
146.47,28.0831
146.48,28.0809
146.49,28.0786
146.5,28.0763
146.51,28.074
146.52,28.0718
146.53,28.0695
146.54,28.0673
146.55,28.065
146.56,28.0627
146.57,28.0605
146.58,28.0582
146.59,28.0559
146.6,28.0537
146.61,28.0514
146.62,28.0492
146.63,28.0469
146.64,28.0446
146.65,28.0424
146.66,28.0401
146.67,28.0379
146.68,28.0356
146.69,28.0334
146.7,28.0311
146.71,28.0289
146.72,28.0266
146.73,28.0244
146.74,28.0221
146.75,28.0199
146.76,28.0176
146.77,28.0154
146.78,28.0131
146.79,28.0109
146.8,28.0086
146.81,28.0064
146.82,28.0042
146.83,28.0019
146.84,27.9997
146.85,27.9974
146.86,27.9952
146.87,27.993
146.88,27.9907
146.89,27.9885
146.9,27.9863
146.91,27.984
146.92,27.9818
146.93,27.9795
146.94,27.9773
146.95,27.9751
146.96,27.9729
146.97,27.9706
146.98,27.9684
146.99,27.9662
147,27.9639
147.01,27.9617
147.02,27.9595
147.03,27.9573
147.04,27.955
147.05,27.9528
147.06,27.9506
147.07,27.9484
147.08,27.9461
147.09,27.9439
147.1,27.9417
147.11,27.9395
147.12,27.9373
147.13,27.935
147.14,27.9328
147.15,27.9306
147.16,27.9284
147.17,27.9262
147.18,27.924
147.19,27.9218
147.2,27.9195
147.21,27.9173
147.22,27.9151
147.23,27.9129
147.24,27.9107
147.25,27.9085
147.26,27.9063
147.27,27.9041
147.28,27.9019
147.29,27.8997
147.3,27.8975
147.31,27.8953
147.32,27.8931
147.33,27.8909
147.34,27.8887
147.35,27.8865
147.36,27.8843
147.37,27.8821
147.38,27.8799
147.39,27.8777
147.4,27.8755
147.41,27.8733
147.42,27.8711
147.43,27.8689
147.44,27.8667
147.45,27.8645
147.46,27.8623
147.47,27.8601
147.48,27.8579
147.49,27.8557
147.5,27.8536
147.51,27.8514
147.52,27.8492
147.53,27.847
147.54,27.8448
147.55,27.8426
147.56,27.8404
147.57,27.8383
147.58,27.8361
147.59,27.8339
147.6,27.8317
147.61,27.8295
147.62,27.8274
147.63,27.8252
147.64,27.823
147.65,27.8208
147.66,27.8187
147.67,27.8165
147.68,27.8143
147.69,27.8121
147.7,27.81
147.71,27.8078
147.72,27.8056
147.73,27.8034
147.74,27.8013
147.75,27.7991
147.76,27.7969
147.77,27.7948
147.78,27.7926
147.79,27.7904
147.8,27.7883
147.81,27.7861
147.82,27.7839
147.83,27.7818
147.84,27.7796
147.85,27.7775
147.86,27.7753
147.87,27.7731
147.88,27.771
147.89,27.7688
147.9,27.7667
147.91,27.7645
147.92,27.7624
147.93,27.7602
147.94,27.758
147.95,27.7559
147.96,27.7537
147.97,27.7516
147.98,27.7494
147.99,27.7473
148,27.7451
148.01,27.743
148.02,27.7408
148.03,27.7387
148.04,27.7365
148.05,27.7344
148.06,27.7322
148.07,27.7301
148.08,27.728
148.09,27.7258
148.1,27.7237
148.11,27.7215
148.12,27.7194
148.13,27.7173
148.14,27.7151
148.15,27.713
148.16,27.7108
148.17,27.7087
148.18,27.7066
148.19,27.7044
148.2,27.7023
148.21,27.7002
148.22,27.698
148.23,27.6959
148.24,27.6938
148.25,27.6916
148.26,27.6895
148.27,27.6874
148.28,27.6852
148.29,27.6831
148.3,27.681
148.31,27.6789
148.32,27.6767
148.33,27.6746
148.34,27.6725
148.35,27.6704
148.36,27.6682
148.37,27.6661
148.38,27.664
148.39,27.6619
148.4,27.6598
148.41,27.6576
148.42,27.6555
148.43,27.6534
148.44,27.6513
148.45,27.6492
148.46,27.6471
148.47,27.645
148.48,27.6428
148.49,27.6407
148.5,27.6386
148.51,27.6365
148.52,27.6344
148.53,27.6323
148.54,27.6302
148.55,27.6281
148.56,27.626
148.57,27.6239
148.58,27.6217
148.59,27.6196
148.6,27.6175
148.61,27.6154
148.62,27.6133
148.63,27.6112
148.64,27.6091
148.65,27.607
148.66,27.6049
148.67,27.6028
148.68,27.6007
148.69,27.5986
148.7,27.5965
148.71,27.5944
148.72,27.5923
148.73,27.5902
148.74,27.5881
148.75,27.5861
148.76,27.584
148.77,27.5819
148.78,27.5798
148.79,27.5777
148.8,27.5756
148.81,27.5735
148.82,27.5714
148.83,27.5693
148.84,27.5672
148.85,27.5652
148.86,27.5631
148.87,27.561
148.88,27.5589
148.89,27.5568
148.9,27.5547
148.91,27.5527
148.92,27.5506
148.93,27.5485
148.94,27.5464
148.95,27.5443
148.96,27.5423
148.97,27.5402
148.98,27.5381
148.99,27.536
149,27.534
149.01,27.5319
149.02,27.5298
149.03,27.5277
149.04,27.5257
149.05,27.5236
149.06,27.5215
149.07,27.5195
149.08,27.5174
149.09,27.5153
149.1,27.5132
149.11,27.5112
149.12,27.5091
149.13,27.507
149.14,27.505
149.15,27.5029
149.16,27.5009
149.17,27.4988
149.18,27.4967
149.19,27.4947
149.2,27.4926
149.21,27.4905
149.22,27.4885
149.23,27.4864
149.24,27.4844
149.25,27.4823
149.26,27.4803
149.27,27.4782
149.28,27.4761
149.29,27.4741
149.3,27.472
149.31,27.47
149.32,27.4679
149.33,27.4659
149.34,27.4638
149.35,27.4618
149.36,27.4597
149.37,27.4577
149.38,27.4556
149.39,27.4536
149.4,27.4515
149.41,27.4495
149.42,27.4475
149.43,27.4454
149.44,27.4434
149.45,27.4413
149.46,27.4393
149.47,27.4372
149.48,27.4352
149.49,27.4332
149.5,27.4311
149.51,27.4291
149.52,27.427
149.53,27.425
149.54,27.423
149.55,27.4209
149.56,27.4189
149.57,27.4169
149.58,27.4148
149.59,27.4128
149.6,27.4108
149.61,27.4087
149.62,27.4067
149.63,27.4047
149.64,27.4026
149.65,27.4006
149.66,27.3986
149.67,27.3966
149.68,27.3945
149.69,27.3925
149.7,27.3905
149.71,27.3885
149.72,27.3864
149.73,27.3844
149.74,27.3824
149.75,27.3804
149.76,27.3784
149.77,27.3763
149.78,27.3743
149.79,27.3723
149.8,27.3703
149.81,27.3683
149.82,27.3662
149.83,27.3642
149.84,27.3622
149.85,27.3602
149.86,27.3582
149.87,27.3562
149.88,27.3542
149.89,27.3521
149.9,27.3501
149.91,27.3481
149.92,27.3461
149.93,27.3441
149.94,27.3421
149.95,27.3401
149.96,27.3381
149.97,27.3361
149.98,27.3341
149.99,27.3321
150,27.3301
150.01,27.3281
150.02,27.3261
150.03,27.3241
150.04,27.3221
150.05,27.3201
150.06,27.3181
150.07,27.3161
150.08,27.3141
150.09,27.3121
150.1,27.3101
150.11,27.3081
150.12,27.3061
150.13,27.3041
150.14,27.3021
150.15,27.3001
150.16,27.2981
150.17,27.2961
150.18,27.2941
150.19,27.2921
150.2,27.2901
150.21,27.2881
150.22,27.2862
150.23,27.2842
150.24,27.2822
150.25,27.2802
150.26,27.2782
150.27,27.2762
150.28,27.2742
150.29,27.2723
150.3,27.2703
150.31,27.2683
150.32,27.2663
150.33,27.2643
150.34,27.2623
150.35,27.2604
150.36,27.2584
150.37,27.2564
150.38,27.2544
150.39,27.2524
150.4,27.2505
150.41,27.2485
150.42,27.2465
150.43,27.2445
150.44,27.2426
150.45,27.2406
150.46,27.2386
150.47,27.2367
150.48,27.2347
150.49,27.2327
150.5,27.2307
150.51,27.2288
150.52,27.2268
150.53,27.2248
150.54,27.2229
150.55,27.2209
150.56,27.2189
150.57,27.217
150.58,27.215
150.59,27.213
150.6,27.2111
150.61,27.2091
150.62,27.2072
150.63,27.2052
150.64,27.2032
150.65,27.2013
150.66,27.1993
150.67,27.1974
150.68,27.1954
150.69,27.1934
150.7,27.1915
150.71,27.1895
150.72,27.1876
150.73,27.1856
150.74,27.1837
150.75,27.1817
150.76,27.1798
150.77,27.1778
150.78,27.1759
150.79,27.1739
150.8,27.172
150.81,27.17
150.82,27.1681
150.83,27.1661
150.84,27.1642
150.85,27.1622
150.86,27.1603
150.87,27.1583
150.88,27.1564
150.89,27.1545
150.9,27.1525
150.91,27.1506
150.92,27.1486
150.93,27.1467
150.94,27.1447
150.95,27.1428
150.96,27.1409
150.97,27.1389
150.98,27.137
150.99,27.1351
151,27.1331
151.01,27.1312
151.02,27.1292
151.03,27.1273
151.04,27.1254
151.05,27.1234
151.06,27.1215
151.07,27.1196
151.08,27.1177
151.09,27.1157
151.1,27.1138
151.11,27.1119
151.12,27.1099
151.13,27.108
151.14,27.1061
151.15,27.1042
151.16,27.1022
151.17,27.1003
151.18,27.0984
151.19,27.0965
151.2,27.0945
151.21,27.0926
151.22,27.0907
151.23,27.0888
151.24,27.0869
151.25,27.0849
151.26,27.083
151.27,27.0811
151.28,27.0792
151.29,27.0773
151.3,27.0753
151.31,27.0734
151.32,27.0715
151.33,27.0696
151.34,27.0677
151.35,27.0658
151.36,27.0639
151.37,27.0619
151.38,27.06
151.39,27.0581
151.4,27.0562
151.41,27.0543
151.42,27.0524
151.43,27.0505
151.44,27.0486
151.45,27.0467
151.46,27.0448
151.47,27.0429
151.48,27.041
151.49,27.0391
151.5,27.0372
151.51,27.0353
151.52,27.0334
151.53,27.0314
151.54,27.0295
151.55,27.0276
151.56,27.0257
151.57,27.0238
151.58,27.022
151.59,27.0201
151.6,27.0182
151.61,27.0163
151.62,27.0144
151.63,27.0125
151.64,27.0106
151.65,27.0087
151.66,27.0068
151.67,27.0049
151.68,27.003
151.69,27.0011
151.7,26.9992
151.71,26.9973
151.72,26.9954
151.73,26.9936
151.74,26.9917
151.75,26.9898
151.76,26.9879
151.77,26.986
151.78,26.9841
151.79,26.9822
151.8,26.9804
151.81,26.9785
151.82,26.9766
151.83,26.9747
151.84,26.9728
151.85,26.9709
151.86,26.9691
151.87,26.9672
151.88,26.9653
151.89,26.9634
151.9,26.9616
151.91,26.9597
151.92,26.9578
151.93,26.9559
151.94,26.954
151.95,26.9522
151.96,26.9503
151.97,26.9484
151.98,26.9466
151.99,26.9447
152,26.9428
152.01,26.9409
152.02,26.9391
152.03,26.9372
152.04,26.9353
152.05,26.9335
152.06,26.9316
152.07,26.9297
152.08,26.9279
152.09,26.926
152.1,26.9241
152.11,26.9223
152.12,26.9204
152.13,26.9185
152.14,26.9167
152.15,26.9148
152.16,26.913
152.17,26.9111
152.18,26.9092
152.19,26.9074
152.2,26.9055
152.21,26.9037
152.22,26.9018
152.23,26.8999
152.24,26.8981
152.25,26.8962
152.26,26.8944
152.27,26.8925
152.28,26.8907
152.29,26.8888
152.3,26.887
152.31,26.8851
152.32,26.8833
152.33,26.8814
152.34,26.8796
152.35,26.8777
152.36,26.8759
152.37,26.874
152.38,26.8722
152.39,26.8703
152.4,26.8685
152.41,26.8666
152.42,26.8648
152.43,26.8629
152.44,26.8611
152.45,26.8593
152.46,26.8574
152.47,26.8556
152.48,26.8537
152.49,26.8519
152.5,26.8501
152.51,26.8482
152.52,26.8464
152.53,26.8445
152.54,26.8427
152.55,26.8409
152.56,26.839
152.57,26.8372
152.58,26.8354
152.59,26.8335
152.6,26.8317
152.61,26.8299
152.62,26.828
152.63,26.8262
152.64,26.8244
152.65,26.8225
152.66,26.8207
152.67,26.8189
152.68,26.817
152.69,26.8152
152.7,26.8134
152.71,26.8116
152.72,26.8097
152.73,26.8079
152.74,26.8061
152.75,26.8043
152.76,26.8024
152.77,26.8006
152.78,26.7988
152.79,26.797
152.8,26.7951
152.81,26.7933
152.82,26.7915
152.83,26.7897
152.84,26.7879
152.85,26.786
152.86,26.7842
152.87,26.7824
152.88,26.7806
152.89,26.7788
152.9,26.777
152.91,26.7751
152.92,26.7733
152.93,26.7715
152.94,26.7697
152.95,26.7679
152.96,26.7661
152.97,26.7643
152.98,26.7625
152.99,26.7607
153,26.7588
153.01,26.757
153.02,26.7552
153.03,26.7534
153.04,26.7516
153.05,26.7498
153.06,26.748
153.07,26.7462
153.08,26.7444
153.09,26.7426
153.1,26.7408
153.11,26.739
153.12,26.7372
153.13,26.7354
153.14,26.7336
153.15,26.7318
153.16,26.73
153.17,26.7282
153.18,26.7264
153.19,26.7246
153.2,26.7228
153.21,26.721
153.22,26.7192
153.23,26.7174
153.24,26.7156
153.25,26.7138
153.26,26.712
153.27,26.7102
153.28,26.7084
153.29,26.7066
153.3,26.7048
153.31,26.7031
153.32,26.7013
153.33,26.6995
153.34,26.6977
153.35,26.6959
153.36,26.6941
153.37,26.6923
153.38,26.6905
153.39,26.6888
153.4,26.687
153.41,26.6852
153.42,26.6834
153.43,26.6816
153.44,26.6798
153.45,26.6781
153.46,26.6763
153.47,26.6745
153.48,26.6727
153.49,26.6709
153.5,26.6692
153.51,26.6674
153.52,26.6656
153.53,26.6638
153.54,26.662
153.55,26.6603
153.56,26.6585
153.57,26.6567
153.58,26.6549
153.59,26.6532
153.6,26.6514
153.61,26.6496
153.62,26.6478
153.63,26.6461
153.64,26.6443
153.65,26.6425
153.66,26.6408
153.67,26.639
153.68,26.6372
153.69,26.6355
153.7,26.6337
153.71,26.6319
153.72,26.6302
153.73,26.6284
153.74,26.6266
153.75,26.6249
153.76,26.6231
153.77,26.6213
153.78,26.6196
153.79,26.6178
153.8,26.6161
153.81,26.6143
153.82,26.6125
153.83,26.6108
153.84,26.609
153.85,26.6073
153.86,26.6055
153.87,26.6037
153.88,26.602
153.89,26.6002
153.9,26.5985
153.91,26.5967
153.92,26.595
153.93,26.5932
153.94,26.5915
153.95,26.5897
153.96,26.5879
153.97,26.5862
153.98,26.5844
153.99,26.5827
154,26.5809
154.01,26.5792
154.02,26.5774
154.03,26.5757
154.04,26.5739
154.05,26.5722
154.06,26.5705
154.07,26.5687
154.08,26.567
154.09,26.5652
154.1,26.5635
154.11,26.5617
154.12,26.56
154.13,26.5582
154.14,26.5565
154.15,26.5548
154.16,26.553
154.17,26.5513
154.18,26.5495
154.19,26.5478
154.2,26.5461
154.21,26.5443
154.22,26.5426
154.23,26.5409
154.24,26.5391
154.25,26.5374
154.26,26.5356
154.27,26.5339
154.28,26.5322
154.29,26.5304
154.3,26.5287
154.31,26.527
154.32,26.5253
154.33,26.5235
154.34,26.5218
154.35,26.5201
154.36,26.5183
154.37,26.5166
154.38,26.5149
154.39,26.5131
154.4,26.5114
154.41,26.5097
154.42,26.508
154.43,26.5062
154.44,26.5045
154.45,26.5028
154.46,26.5011
154.47,26.4993
154.48,26.4976
154.49,26.4959
154.5,26.4942
154.51,26.4925
154.52,26.4907
154.53,26.489
154.54,26.4873
154.55,26.4856
154.56,26.4839
154.57,26.4822
154.58,26.4804
154.59,26.4787
154.6,26.477
154.61,26.4753
154.62,26.4736
154.63,26.4719
154.64,26.4701
154.65,26.4684
154.66,26.4667
154.67,26.465
154.68,26.4633
154.69,26.4616
154.7,26.4599
154.71,26.4582
154.72,26.4565
154.73,26.4548
154.74,26.453
154.75,26.4513
154.76,26.4496
154.77,26.4479
154.78,26.4462
154.79,26.4445
154.8,26.4428
154.81,26.4411
154.82,26.4394
154.83,26.4377
154.84,26.436
154.85,26.4343
154.86,26.4326
154.87,26.4309
154.88,26.4292
154.89,26.4275
154.9,26.4258
154.91,26.4241
154.92,26.4224
154.93,26.4207
154.94,26.419
154.95,26.4173
154.96,26.4156
154.97,26.4139
154.98,26.4122
154.99,26.4105
155,26.4088
155.01,26.4072
155.02,26.4055
155.03,26.4038
155.04,26.4021
155.05,26.4004
155.06,26.3987
155.07,26.397
155.08,26.3953
155.09,26.3936
155.1,26.3919
155.11,26.3903
155.12,26.3886
155.13,26.3869
155.14,26.3852
155.15,26.3835
155.16,26.3818
155.17,26.3801
155.18,26.3785
155.19,26.3768
155.2,26.3751
155.21,26.3734
155.22,26.3717
155.23,26.3701
155.24,26.3684
155.25,26.3667
155.26,26.365
155.27,26.3633
155.28,26.3617
155.29,26.36
155.3,26.3583
155.31,26.3566
155.32,26.355
155.33,26.3533
155.34,26.3516
155.35,26.3499
155.36,26.3483
155.37,26.3466
155.38,26.3449
155.39,26.3432
155.4,26.3416
155.41,26.3399
155.42,26.3382
155.43,26.3366
155.44,26.3349
155.45,26.3332
155.46,26.3316
155.47,26.3299
155.48,26.3282
155.49,26.3266
155.5,26.3249
155.51,26.3232
155.52,26.3216
155.53,26.3199
155.54,26.3182
155.55,26.3166
155.56,26.3149
155.57,26.3133
155.58,26.3116
155.59,26.3099
155.6,26.3083
155.61,26.3066
155.62,26.305
155.63,26.3033
155.64,26.3016
155.65,26.3
155.66,26.2983
155.67,26.2967
155.68,26.295
155.69,26.2934
155.7,26.2917
155.71,26.29
155.72,26.2884
155.73,26.2867
155.74,26.2851
155.75,26.2834
155.76,26.2818
155.77,26.2801
155.78,26.2785
155.79,26.2768
155.8,26.2752
155.81,26.2735
155.82,26.2719
155.83,26.2702
155.84,26.2686
155.85,26.2669
155.86,26.2653
155.87,26.2637
155.88,26.262
155.89,26.2604
155.9,26.2587
155.91,26.2571
155.92,26.2554
155.93,26.2538
155.94,26.2521
155.95,26.2505
155.96,26.2489
155.97,26.2472
155.98,26.2456
155.99,26.2439
156,26.2423
156.01,26.2407
156.02,26.239
156.03,26.2374
156.04,26.2358
156.05,26.2341
156.06,26.2325
156.07,26.2309
156.08,26.2292
156.09,26.2276
156.1,26.2259
156.11,26.2243
156.12,26.2227
156.13,26.2211
156.14,26.2194
156.15,26.2178
156.16,26.2162
156.17,26.2145
156.18,26.2129
156.19,26.2113
156.2,26.2096
156.21,26.208
156.22,26.2064
156.23,26.2048
156.24,26.2031
156.25,26.2015
156.26,26.1999
156.27,26.1983
156.28,26.1966
156.29,26.195
156.3,26.1934
156.31,26.1918
156.32,26.1901
156.33,26.1885
156.34,26.1869
156.35,26.1853
156.36,26.1837
156.37,26.182
156.38,26.1804
156.39,26.1788
156.4,26.1772
156.41,26.1756
156.42,26.174
156.43,26.1723
156.44,26.1707
156.45,26.1691
156.46,26.1675
156.47,26.1659
156.48,26.1643
156.49,26.1627
156.5,26.161
156.51,26.1594
156.52,26.1578
156.53,26.1562
156.54,26.1546
156.55,26.153
156.56,26.1514
156.57,26.1498
156.58,26.1482
156.59,26.1466
156.6,26.145
156.61,26.1433
156.62,26.1417
156.63,26.1401
156.64,26.1385
156.65,26.1369
156.66,26.1353
156.67,26.1337
156.68,26.1321
156.69,26.1305
156.7,26.1289
156.71,26.1273
156.72,26.1257
156.73,26.1241
156.74,26.1225
156.75,26.1209
156.76,26.1193
156.77,26.1177
156.78,26.1161
156.79,26.1145
156.8,26.1129
156.81,26.1113
156.82,26.1097
156.83,26.1081
156.84,26.1065
156.85,26.1049
156.86,26.1034
156.87,26.1018
156.88,26.1002
156.89,26.0986
156.9,26.097
156.91,26.0954
156.92,26.0938
156.93,26.0922
156.94,26.0906
156.95,26.089
156.96,26.0874
156.97,26.0859
156.98,26.0843
156.99,26.0827
157,26.0811
157.01,26.0795
157.02,26.0779
157.03,26.0763
157.04,26.0748
157.05,26.0732
157.06,26.0716
157.07,26.07
157.08,26.0684
157.09,26.0668
157.1,26.0653
157.11,26.0637
157.12,26.0621
157.13,26.0605
157.14,26.0589
157.15,26.0574
157.16,26.0558
157.17,26.0542
157.18,26.0526
157.19,26.051
157.2,26.0495
157.21,26.0479
157.22,26.0463
157.23,26.0447
157.24,26.0432
157.25,26.0416
157.26,26.04
157.27,26.0384
157.28,26.0369
157.29,26.0353
157.3,26.0337
157.31,26.0322
157.32,26.0306
157.33,26.029
157.34,26.0275
157.35,26.0259
157.36,26.0243
157.37,26.0227
157.38,26.0212
157.39,26.0196
157.4,26.018
157.41,26.0165
157.42,26.0149
157.43,26.0134
157.44,26.0118
157.45,26.0102
157.46,26.0087
157.47,26.0071
157.48,26.0055
157.49,26.004
157.5,26.0024
157.51,26.0009
157.52,25.9993
157.53,25.9977
157.54,25.9962
157.55,25.9946
157.56,25.9931
157.57,25.9915
157.58,25.9899
157.59,25.9884
157.6,25.9868
157.61,25.9853
157.62,25.9837
157.63,25.9822
157.64,25.9806
157.65,25.9791
157.66,25.9775
157.67,25.9759
157.68,25.9744
157.69,25.9728
157.7,25.9713
157.71,25.9697
157.72,25.9682
157.73,25.9666
157.74,25.9651
157.75,25.9635
157.76,25.962
157.77,25.9604
157.78,25.9589
157.79,25.9574
157.8,25.9558
157.81,25.9543
157.82,25.9527
157.83,25.9512
157.84,25.9496
157.85,25.9481
157.86,25.9465
157.87,25.945
157.88,25.9435
157.89,25.9419
157.9,25.9404
157.91,25.9388
157.92,25.9373
157.93,25.9357
157.94,25.9342
157.95,25.9327
157.96,25.9311
157.97,25.9296
157.98,25.9281
157.99,25.9265
158,25.925
158.01,25.9234
158.02,25.9219
158.03,25.9204
158.04,25.9188
158.05,25.9173
158.06,25.9158
158.07,25.9142
158.08,25.9127
158.09,25.9112
158.1,25.9096
158.11,25.9081
158.12,25.9066
158.13,25.9051
158.14,25.9035
158.15,25.902
158.16,25.9005
158.17,25.8989
158.18,25.8974
158.19,25.8959
158.2,25.8944
158.21,25.8928
158.22,25.8913
158.23,25.8898
158.24,25.8883
158.25,25.8867
158.26,25.8852
158.27,25.8837
158.28,25.8822
158.29,25.8806
158.3,25.8791
158.31,25.8776
158.32,25.8761
158.33,25.8745
158.34,25.873
158.35,25.8715
158.36,25.87
158.37,25.8685
158.38,25.867
158.39,25.8654
158.4,25.8639
158.41,25.8624
158.42,25.8609
158.43,25.8594
158.44,25.8579
158.45,25.8563
158.46,25.8548
158.47,25.8533
158.48,25.8518
158.49,25.8503
158.5,25.8488
158.51,25.8473
158.52,25.8458
158.53,25.8442
158.54,25.8427
158.55,25.8412
158.56,25.8397
158.57,25.8382
158.58,25.8367
158.59,25.8352
158.6,25.8337
158.61,25.8322
158.62,25.8307
158.63,25.8292
158.64,25.8277
158.65,25.8261
158.66,25.8246
158.67,25.8231
158.68,25.8216
158.69,25.8201
158.7,25.8186
158.71,25.8171
158.72,25.8156
158.73,25.8141
158.74,25.8126
158.75,25.8111
158.76,25.8096
158.77,25.8081
158.78,25.8066
158.79,25.8051
158.8,25.8036
158.81,25.8021
158.82,25.8006
158.83,25.7991
158.84,25.7976
158.85,25.7961
158.86,25.7946
158.87,25.7932
158.88,25.7917
158.89,25.7902
158.9,25.7887
158.91,25.7872
158.92,25.7857
158.93,25.7842
158.94,25.7827
158.95,25.7812
158.96,25.7797
158.97,25.7782
158.98,25.7767
158.99,25.7753
159,25.7738
159.01,25.7723
159.02,25.7708
159.03,25.7693
159.04,25.7678
159.05,25.7663
159.06,25.7648
159.07,25.7634
159.08,25.7619
159.09,25.7604
159.1,25.7589
159.11,25.7574
159.12,25.7559
159.13,25.7545
159.14,25.753
159.15,25.7515
159.16,25.75
159.17,25.7485
159.18,25.7471
159.19,25.7456
159.2,25.7441
159.21,25.7426
159.22,25.7411
159.23,25.7397
159.24,25.7382
159.25,25.7367
159.26,25.7352
159.27,25.7338
159.28,25.7323
159.29,25.7308
159.3,25.7293
159.31,25.7279
159.32,25.7264
159.33,25.7249
159.34,25.7234
159.35,25.722
159.36,25.7205
159.37,25.719
159.38,25.7175
159.39,25.7161
159.4,25.7146
159.41,25.7131
159.42,25.7117
159.43,25.7102
159.44,25.7087
159.45,25.7073
159.46,25.7058
159.47,25.7043
159.48,25.7029
159.49,25.7014
159.5,25.6999
159.51,25.6985
159.52,25.697
159.53,25.6955
159.54,25.6941
159.55,25.6926
159.56,25.6911
159.57,25.6897
159.58,25.6882
159.59,25.6868
159.6,25.6853
159.61,25.6838
159.62,25.6824
159.63,25.6809
159.64,25.6795
159.65,25.678
159.66,25.6765
159.67,25.6751
159.68,25.6736
159.69,25.6722
159.7,25.6707
159.71,25.6693
159.72,25.6678
159.73,25.6664
159.74,25.6649
159.75,25.6634
159.76,25.662
159.77,25.6605
159.78,25.6591
159.79,25.6576
159.8,25.6562
159.81,25.6547
159.82,25.6533
159.83,25.6518
159.84,25.6504
159.85,25.6489
159.86,25.6475
159.87,25.646
159.88,25.6446
159.89,25.6431
159.9,25.6417
159.91,25.6402
159.92,25.6388
159.93,25.6374
159.94,25.6359
159.95,25.6345
159.96,25.633
159.97,25.6316
159.98,25.6301
159.99,25.6287
160,25.6272
160.01,25.6258
160.02,25.6244
160.03,25.6229
160.04,25.6215
160.05,25.62
160.06,25.6186
160.07,25.6172
160.08,25.6157
160.09,25.6143
160.1,25.6128
160.11,25.6114
160.12,25.61
160.13,25.6085
160.14,25.6071
160.15,25.6057
160.16,25.6042
160.17,25.6028
160.18,25.6014
160.19,25.5999
160.2,25.5985
160.21,25.5971
160.22,25.5956
160.23,25.5942
160.24,25.5928
160.25,25.5913
160.26,25.5899
160.27,25.5885
160.28,25.587
160.29,25.5856
160.3,25.5842
160.31,25.5828
160.32,25.5813
160.33,25.5799
160.34,25.5785
160.35,25.577
160.36,25.5756
160.37,25.5742
160.38,25.5728
160.39,25.5713
160.4,25.5699
160.41,25.5685
160.42,25.5671
160.43,25.5656
160.44,25.5642
160.45,25.5628
160.46,25.5614
160.47,25.56
160.48,25.5585
160.49,25.5571
160.5,25.5557
160.51,25.5543
160.52,25.5529
160.53,25.5514
160.54,25.55
160.55,25.5486
160.56,25.5472
160.57,25.5458
160.58,25.5443
160.59,25.5429
160.6,25.5415
160.61,25.5401
160.62,25.5387
160.63,25.5373
160.64,25.5359
160.65,25.5344
160.66,25.533
160.67,25.5316
160.68,25.5302
160.69,25.5288
160.7,25.5274
160.71,25.526
160.72,25.5246
160.73,25.5231
160.74,25.5217
160.75,25.5203
160.76,25.5189
160.77,25.5175
160.78,25.5161
160.79,25.5147
160.8,25.5133
160.81,25.5119
160.82,25.5105
160.83,25.5091
160.84,25.5077
160.85,25.5063
160.86,25.5049
160.87,25.5035
160.88,25.502
160.89,25.5006
160.9,25.4992
160.91,25.4978
160.92,25.4964
160.93,25.495
160.94,25.4936
160.95,25.4922
160.96,25.4908
160.97,25.4894
160.98,25.488
160.99,25.4866
161,25.4852
161.01,25.4838
161.02,25.4824
161.03,25.481
161.04,25.4796
161.05,25.4783
161.06,25.4769
161.07,25.4755
161.08,25.4741
161.09,25.4727
161.1,25.4713
161.11,25.4699
161.12,25.4685
161.13,25.4671
161.14,25.4657
161.15,25.4643
161.16,25.4629
161.17,25.4615
161.18,25.4601
161.19,25.4588
161.2,25.4574
161.21,25.456
161.22,25.4546
161.23,25.4532
161.24,25.4518
161.25,25.4504
161.26,25.449
161.27,25.4476
161.28,25.4463
161.29,25.4449
161.3,25.4435
161.31,25.4421
161.32,25.4407
161.33,25.4393
161.34,25.438
161.35,25.4366
161.36,25.4352
161.37,25.4338
161.38,25.4324
161.39,25.431
161.4,25.4297
161.41,25.4283
161.42,25.4269
161.43,25.4255
161.44,25.4241
161.45,25.4228
161.46,25.4214
161.47,25.42
161.48,25.4186
161.49,25.4172
161.5,25.4159
161.51,25.4145
161.52,25.4131
161.53,25.4117
161.54,25.4104
161.55,25.409
161.56,25.4076
161.57,25.4062
161.58,25.4049
161.59,25.4035
161.6,25.4021
161.61,25.4008
161.62,25.3994
161.63,25.398
161.64,25.3966
161.65,25.3953
161.66,25.3939
161.67,25.3925
161.68,25.3912
161.69,25.3898
161.7,25.3884
161.71,25.3871
161.72,25.3857
161.73,25.3843
161.74,25.3829
161.75,25.3816
161.76,25.3802
161.77,25.3789
161.78,25.3775
161.79,25.3761
161.8,25.3748
161.81,25.3734
161.82,25.372
161.83,25.3707
161.84,25.3693
161.85,25.3679
161.86,25.3666
161.87,25.3652
161.88,25.3639
161.89,25.3625
161.9,25.3611
161.91,25.3598
161.92,25.3584
161.93,25.3571
161.94,25.3557
161.95,25.3543
161.96,25.353
161.97,25.3516
161.98,25.3503
161.99,25.3489
162,25.3476
162.01,25.3462
162.02,25.3449
162.03,25.3435
162.04,25.3421
162.05,25.3408
162.06,25.3394
162.07,25.3381
162.08,25.3367
162.09,25.3354
162.1,25.334
162.11,25.3327
162.12,25.3313
162.13,25.33
162.14,25.3286
162.15,25.3273
162.16,25.3259
162.17,25.3246
162.18,25.3232
162.19,25.3219
162.2,25.3205
162.21,25.3192
162.22,25.3178
162.23,25.3165
162.24,25.3151
162.25,25.3138
162.26,25.3125
162.27,25.3111
162.28,25.3098
162.29,25.3084
162.3,25.3071
162.31,25.3057
162.32,25.3044
162.33,25.303
162.34,25.3017
162.35,25.3004
162.36,25.299
162.37,25.2977
162.38,25.2963
162.39,25.295
162.4,25.2937
162.41,25.2923
162.42,25.291
162.43,25.2896
162.44,25.2883
162.45,25.287
162.46,25.2856
162.47,25.2843
162.48,25.283
162.49,25.2816
162.5,25.2803
162.51,25.279
162.52,25.2776
162.53,25.2763
162.54,25.275
162.55,25.2736
162.56,25.2723
162.57,25.271
162.58,25.2696
162.59,25.2683
162.6,25.267
162.61,25.2656
162.62,25.2643
162.63,25.263
162.64,25.2616
162.65,25.2603
162.66,25.259
162.67,25.2577
162.68,25.2563
162.69,25.255
162.7,25.2537
162.71,25.2523
162.72,25.251
162.73,25.2497
162.74,25.2484
162.75,25.247
162.76,25.2457
162.77,25.2444
162.78,25.2431
162.79,25.2417
162.8,25.2404
162.81,25.2391
162.82,25.2378
162.83,25.2365
162.84,25.2351
162.85,25.2338
162.86,25.2325
162.87,25.2312
162.88,25.2299
162.89,25.2285
162.9,25.2272
162.91,25.2259
162.92,25.2246
162.93,25.2233
162.94,25.2219
162.95,25.2206
162.96,25.2193
162.97,25.218
162.98,25.2167
162.99,25.2154
163,25.214
163.01,25.2127
163.02,25.2114
163.03,25.2101
163.04,25.2088
163.05,25.2075
163.06,25.2062
163.07,25.2049
163.08,25.2035
163.09,25.2022
163.1,25.2009
163.11,25.1996
163.12,25.1983
163.13,25.197
163.14,25.1957
163.15,25.1944
163.16,25.1931
163.17,25.1918
163.18,25.1904
163.19,25.1891
163.2,25.1878
163.21,25.1865
163.22,25.1852
163.23,25.1839
163.24,25.1826
163.25,25.1813
163.26,25.18
163.27,25.1787
163.28,25.1774
163.29,25.1761
163.3,25.1748
163.31,25.1735
163.32,25.1722
163.33,25.1709
163.34,25.1696
163.35,25.1683
163.36,25.167
163.37,25.1657
163.38,25.1644
163.39,25.1631
163.4,25.1618
163.41,25.1605
163.42,25.1592
163.43,25.1579
163.44,25.1566
163.45,25.1553
163.46,25.154
163.47,25.1527
163.48,25.1514
163.49,25.1501
163.5,25.1488
163.51,25.1475
163.52,25.1462
163.53,25.1449
163.54,25.1436
163.55,25.1423
163.56,25.141
163.57,25.1397
163.58,25.1385
163.59,25.1372
163.6,25.1359
163.61,25.1346
163.62,25.1333
163.63,25.132
163.64,25.1307
163.65,25.1294
163.66,25.1281
163.67,25.1268
163.68,25.1256
163.69,25.1243
163.7,25.123
163.71,25.1217
163.72,25.1204
163.73,25.1191
163.74,25.1178
163.75,25.1165
163.76,25.1153
163.77,25.114
163.78,25.1127
163.79,25.1114
163.8,25.1101
163.81,25.1088
163.82,25.1076
163.83,25.1063
163.84,25.105
163.85,25.1037
163.86,25.1024
163.87,25.1011
163.88,25.0999
163.89,25.0986
163.9,25.0973
163.91,25.096
163.92,25.0948
163.93,25.0935
163.94,25.0922
163.95,25.0909
163.96,25.0896
163.97,25.0884
163.98,25.0871
163.99,25.0858
164,25.0845
164.01,25.0833
164.02,25.082
164.03,25.0807
164.04,25.0794
164.05,25.0782
164.06,25.0769
164.07,25.0756
164.08,25.0743
164.09,25.0731
164.1,25.0718
164.11,25.0705
164.12,25.0693
164.13,25.068
164.14,25.0667
164.15,25.0654
164.16,25.0642
164.17,25.0629
164.18,25.0616
164.19,25.0604
164.2,25.0591
164.21,25.0578
164.22,25.0566
164.23,25.0553
164.24,25.054
164.25,25.0528
164.26,25.0515
164.27,25.0502
164.28,25.049
164.29,25.0477
164.3,25.0464
164.31,25.0452
164.32,25.0439
164.33,25.0426
164.34,25.0414
164.35,25.0401
164.36,25.0389
164.37,25.0376
164.38,25.0363
164.39,25.0351
164.4,25.0338
164.41,25.0326
164.42,25.0313
164.43,25.03
164.44,25.0288
164.45,25.0275
164.46,25.0263
164.47,25.025
164.48,25.0237
164.49,25.0225
164.5,25.0212
164.51,25.02
164.52,25.0187
164.53,25.0175
164.54,25.0162
164.55,25.015
164.56,25.0137
164.57,25.0124
164.58,25.0112
164.59,25.0099
164.6,25.0087
164.61,25.0074
164.62,25.0062
164.63,25.0049
164.64,25.0037
164.65,25.0024
164.66,25.0012
164.67,24.9999
164.68,24.9987
164.69,24.9974
164.7,24.9962
164.71,24.9949
164.72,24.9937
164.73,24.9924
164.74,24.9912
164.75,24.9899
164.76,24.9887
164.77,24.9874
164.78,24.9862
164.79,24.9849
164.8,24.9837
164.81,24.9825
164.82,24.9812
164.83,24.98
164.84,24.9787
164.85,24.9775
164.86,24.9762
164.87,24.975
164.88,24.9738
164.89,24.9725
164.9,24.9713
164.91,24.97
164.92,24.9688
164.93,24.9675
164.94,24.9663
164.95,24.9651
164.96,24.9638
164.97,24.9626
164.98,24.9613
164.99,24.9601
165,24.9589
165.01,24.9576
165.02,24.9564
165.03,24.9552
165.04,24.9539
165.05,24.9527
165.06,24.9515
165.07,24.9502
165.08,24.949
165.09,24.9477
165.1,24.9465
165.11,24.9453
165.12,24.944
165.13,24.9428
165.14,24.9416
165.15,24.9403
165.16,24.9391
165.17,24.9379
165.18,24.9367
165.19,24.9354
165.2,24.9342
165.21,24.933
165.22,24.9317
165.23,24.9305
165.24,24.9293
165.25,24.928
165.26,24.9268
165.27,24.9256
165.28,24.9244
165.29,24.9231
165.3,24.9219
165.31,24.9207
165.32,24.9194
165.33,24.9182
165.34,24.917
165.35,24.9158
165.36,24.9145
165.37,24.9133
165.38,24.9121
165.39,24.9109
165.4,24.9097
165.41,24.9084
165.42,24.9072
165.43,24.906
165.44,24.9048
165.45,24.9035
165.46,24.9023
165.47,24.9011
165.48,24.8999
165.49,24.8987
165.5,24.8974
165.51,24.8962
165.52,24.895
165.53,24.8938
165.54,24.8926
165.55,24.8913
165.56,24.8901
165.57,24.8889
165.58,24.8877
165.59,24.8865
165.6,24.8853
165.61,24.884
165.62,24.8828
165.63,24.8816
165.64,24.8804
165.65,24.8792
165.66,24.878
165.67,24.8768
165.68,24.8755
165.69,24.8743
165.7,24.8731
165.71,24.8719
165.72,24.8707
165.73,24.8695
165.74,24.8683
165.75,24.8671
165.76,24.8659
165.77,24.8646
165.78,24.8634
165.79,24.8622
165.8,24.861
165.81,24.8598
165.82,24.8586
165.83,24.8574
165.84,24.8562
165.85,24.855
165.86,24.8538
165.87,24.8526
165.88,24.8514
165.89,24.8502
165.9,24.8489
165.91,24.8477
165.92,24.8465
165.93,24.8453
165.94,24.8441
165.95,24.8429
165.96,24.8417
165.97,24.8405
165.98,24.8393
165.99,24.8381
166,24.8369
166.01,24.8357
166.02,24.8345
166.03,24.8333
166.04,24.8321
166.05,24.8309
166.06,24.8297
166.07,24.8285
166.08,24.8273
166.09,24.8261
166.1,24.8249
166.11,24.8237
166.12,24.8225
166.13,24.8213
166.14,24.8201
166.15,24.8189
166.16,24.8177
166.17,24.8165
166.18,24.8153
166.19,24.8141
166.2,24.813
166.21,24.8118
166.22,24.8106
166.23,24.8094
166.24,24.8082
166.25,24.807
166.26,24.8058
166.27,24.8046
166.28,24.8034
166.29,24.8022
166.3,24.801
166.31,24.7998
166.32,24.7986
166.33,24.7975
166.34,24.7963
166.35,24.7951
166.36,24.7939
166.37,24.7927
166.38,24.7915
166.39,24.7903
166.4,24.7891
166.41,24.788
166.42,24.7868
166.43,24.7856
166.44,24.7844
166.45,24.7832
166.46,24.782
166.47,24.7808
166.48,24.7796
166.49,24.7785
166.5,24.7773
166.51,24.7761
166.52,24.7749
166.53,24.7737
166.54,24.7725
166.55,24.7714
166.56,24.7702
166.57,24.769
166.58,24.7678
166.59,24.7666
166.6,24.7655
166.61,24.7643
166.62,24.7631
166.63,24.7619
166.64,24.7607
166.65,24.7596
166.66,24.7584
166.67,24.7572
166.68,24.756
166.69,24.7549
166.7,24.7537
166.71,24.7525
166.72,24.7513
166.73,24.7501
166.74,24.749
166.75,24.7478
166.76,24.7466
166.77,24.7454
166.78,24.7443
166.79,24.7431
166.8,24.7419
166.81,24.7407
166.82,24.7396
166.83,24.7384
166.84,24.7372
166.85,24.7361
166.86,24.7349
166.87,24.7337
166.88,24.7325
166.89,24.7314
166.9,24.7302
166.91,24.729
166.92,24.7279
166.93,24.7267
166.94,24.7255
166.95,24.7244
166.96,24.7232
166.97,24.722
166.98,24.7209
166.99,24.7197
167,24.7185
167.01,24.7174
167.02,24.7162
167.03,24.715
167.04,24.7139
167.05,24.7127
167.06,24.7115
167.07,24.7104
167.08,24.7092
167.09,24.708
167.1,24.7069
167.11,24.7057
167.12,24.7045
167.13,24.7034
167.14,24.7022
167.15,24.7011
167.16,24.6999
167.17,24.6987
167.18,24.6976
167.19,24.6964
167.2,24.6953
167.21,24.6941
167.22,24.6929
167.23,24.6918
167.24,24.6906
167.25,24.6895
167.26,24.6883
167.27,24.6872
167.28,24.686
167.29,24.6848
167.3,24.6837
167.31,24.6825
167.32,24.6814
167.33,24.6802
167.34,24.6791
167.35,24.6779
167.36,24.6767
167.37,24.6756
167.38,24.6744
167.39,24.6733
167.4,24.6721
167.41,24.671
167.42,24.6698
167.43,24.6687
167.44,24.6675
167.45,24.6664
167.46,24.6652
167.47,24.6641
167.48,24.6629
167.49,24.6618
167.5,24.6606
167.51,24.6595
167.52,24.6583
167.53,24.6572
167.54,24.656
167.55,24.6549
167.56,24.6537
167.57,24.6526
167.58,24.6514
167.59,24.6503
167.6,24.6491
167.61,24.648
167.62,24.6469
167.63,24.6457
167.64,24.6446
167.65,24.6434
167.66,24.6423
167.67,24.6411
167.68,24.64
167.69,24.6388
167.7,24.6377
167.71,24.6366
167.72,24.6354
167.73,24.6343
167.74,24.6331
167.75,24.632
167.76,24.6309
167.77,24.6297
167.78,24.6286
167.79,24.6274
167.8,24.6263
167.81,24.6252
167.82,24.624
167.83,24.6229
167.84,24.6217
167.85,24.6206
167.86,24.6195
167.87,24.6183
167.88,24.6172
167.89,24.616
167.9,24.6149
167.91,24.6138
167.92,24.6126
167.93,24.6115
167.94,24.6104
167.95,24.6092
167.96,24.6081
167.97,24.607
167.98,24.6058
167.99,24.6047
168,24.6036
168.01,24.6024
168.02,24.6013
168.03,24.6002
168.04,24.599
168.05,24.5979
168.06,24.5968
168.07,24.5956
168.08,24.5945
168.09,24.5934
168.1,24.5923
168.11,24.5911
168.12,24.59
168.13,24.5889
168.14,24.5877
168.15,24.5866
168.16,24.5855
168.17,24.5844
168.18,24.5832
168.19,24.5821
168.2,24.581
168.21,24.5799
168.22,24.5787
168.23,24.5776
168.24,24.5765
168.25,24.5754
168.26,24.5742
168.27,24.5731
168.28,24.572
168.29,24.5709
168.3,24.5697
168.31,24.5686
168.32,24.5675
168.33,24.5664
168.34,24.5652
168.35,24.5641
168.36,24.563
168.37,24.5619
168.38,24.5608
168.39,24.5596
168.4,24.5585
168.41,24.5574
168.42,24.5563
168.43,24.5552
168.44,24.554
168.45,24.5529
168.46,24.5518
168.47,24.5507
168.48,24.5496
168.49,24.5485
168.5,24.5473
168.51,24.5462
168.52,24.5451
168.53,24.544
168.54,24.5429
168.55,24.5418
168.56,24.5406
168.57,24.5395
168.58,24.5384
168.59,24.5373
168.6,24.5362
168.61,24.5351
168.62,24.534
168.63,24.5329
168.64,24.5317
168.65,24.5306
168.66,24.5295
168.67,24.5284
168.68,24.5273
168.69,24.5262
168.7,24.5251
168.71,24.524
168.72,24.5229
168.73,24.5217
168.74,24.5206
168.75,24.5195
168.76,24.5184
168.77,24.5173
168.78,24.5162
168.79,24.5151
168.8,24.514
168.81,24.5129
168.82,24.5118
168.83,24.5107
168.84,24.5096
168.85,24.5085
168.86,24.5074
168.87,24.5063
168.88,24.5051
168.89,24.504
168.9,24.5029
168.91,24.5018
168.92,24.5007
168.93,24.4996
168.94,24.4985
168.95,24.4974
168.96,24.4963
168.97,24.4952
168.98,24.4941
168.99,24.493
169,24.4919
169.01,24.4908
169.02,24.4897
169.03,24.4886
169.04,24.4875
169.05,24.4864
169.06,24.4853
169.07,24.4842
169.08,24.4831
169.09,24.482
169.1,24.4809
169.11,24.4798
169.12,24.4787
169.13,24.4776
169.14,24.4765
169.15,24.4755
169.16,24.4744
169.17,24.4733
169.18,24.4722
169.19,24.4711
169.2,24.47
169.21,24.4689
169.22,24.4678
169.23,24.4667
169.24,24.4656
169.25,24.4645
169.26,24.4634
169.27,24.4623
169.28,24.4612
169.29,24.4601
169.3,24.4591
169.31,24.458
169.32,24.4569
169.33,24.4558
169.34,24.4547
169.35,24.4536
169.36,24.4525
169.37,24.4514
169.38,24.4503
169.39,24.4492
169.4,24.4482
169.41,24.4471
169.42,24.446
169.43,24.4449
169.44,24.4438
169.45,24.4427
169.46,24.4416
169.47,24.4406
169.48,24.4395
169.49,24.4384
169.5,24.4373
169.51,24.4362
169.52,24.4351
169.53,24.434
169.54,24.433
169.55,24.4319
169.56,24.4308
169.57,24.4297
169.58,24.4286
169.59,24.4276
169.6,24.4265
169.61,24.4254
169.62,24.4243
169.63,24.4232
169.64,24.4221
169.65,24.4211
169.66,24.42
169.67,24.4189
169.68,24.4178
169.69,24.4168
169.7,24.4157
169.71,24.4146
169.72,24.4135
169.73,24.4124
169.74,24.4114
169.75,24.4103
169.76,24.4092
169.77,24.4081
169.78,24.4071
169.79,24.406
169.8,24.4049
169.81,24.4038
169.82,24.4028
169.83,24.4017
169.84,24.4006
169.85,24.3995
169.86,24.3985
169.87,24.3974
169.88,24.3963
169.89,24.3952
169.9,24.3942
169.91,24.3931
169.92,24.392
169.93,24.391
169.94,24.3899
169.95,24.3888
169.96,24.3877
169.97,24.3867
169.98,24.3856
169.99,24.3845
170,24.3835
170.01,24.3824
170.02,24.3813
170.03,24.3803
170.04,24.3792
170.05,24.3781
170.06,24.3771
170.07,24.376
170.08,24.3749
170.09,24.3739
170.1,24.3728
170.11,24.3717
170.12,24.3707
170.13,24.3696
170.14,24.3685
170.15,24.3675
170.16,24.3664
170.17,24.3653
170.18,24.3643
170.19,24.3632
170.2,24.3621
170.21,24.3611
170.22,24.36
170.23,24.359
170.24,24.3579
170.25,24.3568
170.26,24.3558
170.27,24.3547
170.28,24.3537
170.29,24.3526
170.3,24.3515
170.31,24.3505
170.32,24.3494
170.33,24.3484
170.34,24.3473
170.35,24.3462
170.36,24.3452
170.37,24.3441
170.38,24.3431
170.39,24.342
170.4,24.3409
170.41,24.3399
170.42,24.3388
170.43,24.3378
170.44,24.3367
170.45,24.3357
170.46,24.3346
170.47,24.3336
170.48,24.3325
170.49,24.3315
170.5,24.3304
170.51,24.3293
170.52,24.3283
170.53,24.3272
170.54,24.3262
170.55,24.3251
170.56,24.3241
170.57,24.323
170.58,24.322
170.59,24.3209
170.6,24.3199
170.61,24.3188
170.62,24.3178
170.63,24.3167
170.64,24.3157
170.65,24.3146
170.66,24.3136
170.67,24.3125
170.68,24.3115
170.69,24.3104
170.7,24.3094
170.71,24.3083
170.72,24.3073
170.73,24.3062
170.74,24.3052
170.75,24.3041
170.76,24.3031
170.77,24.3021
170.78,24.301
170.79,24.3
170.8,24.2989
170.81,24.2979
170.82,24.2968
170.83,24.2958
170.84,24.2947
170.85,24.2937
170.86,24.2927
170.87,24.2916
170.88,24.2906
170.89,24.2895
170.9,24.2885
170.91,24.2874
170.92,24.2864
170.93,24.2854
170.94,24.2843
170.95,24.2833
170.96,24.2822
170.97,24.2812
170.98,24.2802
170.99,24.2791
171,24.2781
171.01,24.277
171.02,24.276
171.03,24.275
171.04,24.2739
171.05,24.2729
171.06,24.2719
171.07,24.2708
171.08,24.2698
171.09,24.2687
171.1,24.2677
171.11,24.2667
171.12,24.2656
171.13,24.2646
171.14,24.2636
171.15,24.2625
171.16,24.2615
171.17,24.2605
171.18,24.2594
171.19,24.2584
171.2,24.2574
171.21,24.2563
171.22,24.2553
171.23,24.2543
171.24,24.2532
171.25,24.2522
171.26,24.2512
171.27,24.2501
171.28,24.2491
171.29,24.2481
171.3,24.2471
171.31,24.246
171.32,24.245
171.33,24.244
171.34,24.2429
171.35,24.2419
171.36,24.2409
171.37,24.2399
171.38,24.2388
171.39,24.2378
171.4,24.2368
171.41,24.2357
171.42,24.2347
171.43,24.2337
171.44,24.2327
171.45,24.2316
171.46,24.2306
171.47,24.2296
171.48,24.2286
171.49,24.2275
171.5,24.2265
171.51,24.2255
171.52,24.2245
171.53,24.2234
171.54,24.2224
171.55,24.2214
171.56,24.2204
171.57,24.2194
171.58,24.2183
171.59,24.2173
171.6,24.2163
171.61,24.2153
171.62,24.2142
171.63,24.2132
171.64,24.2122
171.65,24.2112
171.66,24.2102
171.67,24.2091
171.68,24.2081
171.69,24.2071
171.7,24.2061
171.71,24.2051
171.72,24.2041
171.73,24.203
171.74,24.202
171.75,24.201
171.76,24.2
171.77,24.199
171.78,24.198
171.79,24.1969
171.8,24.1959
171.81,24.1949
171.82,24.1939
171.83,24.1929
171.84,24.1919
171.85,24.1908
171.86,24.1898
171.87,24.1888
171.88,24.1878
171.89,24.1868
171.9,24.1858
171.91,24.1848
171.92,24.1838
171.93,24.1827
171.94,24.1817
171.95,24.1807
171.96,24.1797
171.97,24.1787
171.98,24.1777
171.99,24.1767
172,24.1757
172.01,24.1747
172.02,24.1737
172.03,24.1726
172.04,24.1716
172.05,24.1706
172.06,24.1696
172.07,24.1686
172.08,24.1676
172.09,24.1666
172.1,24.1656
172.11,24.1646
172.12,24.1636
172.13,24.1626
172.14,24.1616
172.15,24.1606
172.16,24.1596
172.17,24.1585
172.18,24.1575
172.19,24.1565
172.2,24.1555
172.21,24.1545
172.22,24.1535
172.23,24.1525
172.24,24.1515
172.25,24.1505
172.26,24.1495
172.27,24.1485
172.28,24.1475
172.29,24.1465
172.3,24.1455
172.31,24.1445
172.32,24.1435
172.33,24.1425
172.34,24.1415
172.35,24.1405
172.36,24.1395
172.37,24.1385
172.38,24.1375
172.39,24.1365
172.4,24.1355
172.41,24.1345
172.42,24.1335
172.43,24.1325
172.44,24.1315
172.45,24.1305
172.46,24.1295
172.47,24.1285
172.48,24.1275
172.49,24.1265
172.5,24.1255
172.51,24.1246
172.52,24.1236
172.53,24.1226
172.54,24.1216
172.55,24.1206
172.56,24.1196
172.57,24.1186
172.58,24.1176
172.59,24.1166
172.6,24.1156
172.61,24.1146
172.62,24.1136
172.63,24.1126
172.64,24.1116
172.65,24.1106
172.66,24.1097
172.67,24.1087
172.68,24.1077
172.69,24.1067
172.7,24.1057
172.71,24.1047
172.72,24.1037
172.73,24.1027
172.74,24.1017
172.75,24.1007
172.76,24.0998
172.77,24.0988
172.78,24.0978
172.79,24.0968
172.8,24.0958
172.81,24.0948
172.82,24.0938
172.83,24.0928
172.84,24.0919
172.85,24.0909
172.86,24.0899
172.87,24.0889
172.88,24.0879
172.89,24.0869
172.9,24.086
172.91,24.085
172.92,24.084
172.93,24.083
172.94,24.082
172.95,24.081
172.96,24.0801
172.97,24.0791
172.98,24.0781
172.99,24.0771
173,24.0761
173.01,24.0751
173.02,24.0742
173.03,24.0732
173.04,24.0722
173.05,24.0712
173.06,24.0702
173.07,24.0693
173.08,24.0683
173.09,24.0673
173.1,24.0663
173.11,24.0653
173.12,24.0644
173.13,24.0634
173.14,24.0624
173.15,24.0614
173.16,24.0605
173.17,24.0595
173.18,24.0585
173.19,24.0575
173.2,24.0565
173.21,24.0556
173.22,24.0546
173.23,24.0536
173.24,24.0526
173.25,24.0517
173.26,24.0507
173.27,24.0497
173.28,24.0487
173.29,24.0478
173.3,24.0468
173.31,24.0458
173.32,24.0449
173.33,24.0439
173.34,24.0429
173.35,24.0419
173.36,24.041
173.37,24.04
173.38,24.039
173.39,24.0381
173.4,24.0371
173.41,24.0361
173.42,24.0351
173.43,24.0342
173.44,24.0332
173.45,24.0322
173.46,24.0313
173.47,24.0303
173.48,24.0293
173.49,24.0284
173.5,24.0274
173.51,24.0264
173.52,24.0255
173.53,24.0245
173.54,24.0235
173.55,24.0226
173.56,24.0216
173.57,24.0206
173.58,24.0197
173.59,24.0187
173.6,24.0177
173.61,24.0168
173.62,24.0158
173.63,24.0148
173.64,24.0139
173.65,24.0129
173.66,24.0119
173.67,24.011
173.68,24.01
173.69,24.0091
173.7,24.0081
173.71,24.0071
173.72,24.0062
173.73,24.0052
173.74,24.0042
173.75,24.0033
173.76,24.0023
173.77,24.0014
173.78,24.0004
173.79,23.9994
173.8,23.9985
173.81,23.9975
173.82,23.9966
173.83,23.9956
173.84,23.9946
173.85,23.9937
173.86,23.9927
173.87,23.9918
173.88,23.9908
173.89,23.9899
173.9,23.9889
173.91,23.9879
173.92,23.987
173.93,23.986
173.94,23.9851
173.95,23.9841
173.96,23.9832
173.97,23.9822
173.98,23.9812
173.99,23.9803
174,23.9793
174.01,23.9784
174.02,23.9774
174.03,23.9765
174.04,23.9755
174.05,23.9746
174.06,23.9736
174.07,23.9727
174.08,23.9717
174.09,23.9708
174.1,23.9698
174.11,23.9689
174.12,23.9679
174.13,23.967
174.14,23.966
174.15,23.9651
174.16,23.9641
174.17,23.9632
174.18,23.9622
174.19,23.9613
174.2,23.9603
174.21,23.9594
174.22,23.9584
174.23,23.9575
174.24,23.9565
174.25,23.9556
174.26,23.9546
174.27,23.9537
174.28,23.9527
174.29,23.9518
174.3,23.9508
174.31,23.9499
174.32,23.9489
174.33,23.948
174.34,23.947
174.35,23.9461
174.36,23.9452
174.37,23.9442
174.38,23.9433
174.39,23.9423
174.4,23.9414
174.41,23.9404
174.42,23.9395
174.43,23.9385
174.44,23.9376
174.45,23.9367
174.46,23.9357
174.47,23.9348
174.48,23.9338
174.49,23.9329
174.5,23.932
174.51,23.931
174.52,23.9301
174.53,23.9291
174.54,23.9282
174.55,23.9272
174.56,23.9263
174.57,23.9254
174.58,23.9244
174.59,23.9235
174.6,23.9226
174.61,23.9216
174.62,23.9207
174.63,23.9197
174.64,23.9188
174.65,23.9179
174.66,23.9169
174.67,23.916
174.68,23.9151
174.69,23.9141
174.7,23.9132
174.71,23.9122
174.72,23.9113
174.73,23.9104
174.74,23.9094
174.75,23.9085
174.76,23.9076
174.77,23.9066
174.78,23.9057
174.79,23.9048
174.8,23.9038
174.81,23.9029
174.82,23.902
174.83,23.901
174.84,23.9001
174.85,23.8992
174.86,23.8982
174.87,23.8973
174.88,23.8964
174.89,23.8954
174.9,23.8945
174.91,23.8936
174.92,23.8927
174.93,23.8917
174.94,23.8908
174.95,23.8899
174.96,23.8889
174.97,23.888
174.98,23.8871
174.99,23.8861
175,23.8852
175.01,23.8843
175.02,23.8834
175.03,23.8824
175.04,23.8815
175.05,23.8806
175.06,23.8797
175.07,23.8787
175.08,23.8778
175.09,23.8769
175.1,23.876
175.11,23.875
175.12,23.8741
175.13,23.8732
175.14,23.8723
175.15,23.8713
175.16,23.8704
175.17,23.8695
175.18,23.8686
175.19,23.8676
175.2,23.8667
175.21,23.8658
175.22,23.8649
175.23,23.8639
175.24,23.863
175.25,23.8621
175.26,23.8612
175.27,23.8603
175.28,23.8593
175.29,23.8584
175.3,23.8575
175.31,23.8566
175.32,23.8557
175.33,23.8547
175.34,23.8538
175.35,23.8529
175.36,23.852
175.37,23.8511
175.38,23.8501
175.39,23.8492
175.4,23.8483
175.41,23.8474
175.42,23.8465
175.43,23.8455
175.44,23.8446
175.45,23.8437
175.46,23.8428
175.47,23.8419
175.48,23.841
175.49,23.8401
175.5,23.8391
175.51,23.8382
175.52,23.8373
175.53,23.8364
175.54,23.8355
175.55,23.8346
175.56,23.8336
175.57,23.8327
175.58,23.8318
175.59,23.8309
175.6,23.83
175.61,23.8291
175.62,23.8282
175.63,23.8273
175.64,23.8263
175.65,23.8254
175.66,23.8245
175.67,23.8236
175.68,23.8227
175.69,23.8218
175.7,23.8209
175.71,23.82
175.72,23.8191
175.73,23.8181
175.74,23.8172
175.75,23.8163
175.76,23.8154
175.77,23.8145
175.78,23.8136
175.79,23.8127
175.8,23.8118
175.81,23.8109
175.82,23.81
175.83,23.8091
175.84,23.8082
175.85,23.8073
175.86,23.8063
175.87,23.8054
175.88,23.8045
175.89,23.8036
175.9,23.8027
175.91,23.8018
175.92,23.8009
175.93,23.8
175.94,23.7991
175.95,23.7982
175.96,23.7973
175.97,23.7964
175.98,23.7955
175.99,23.7946
176,23.7937
176.01,23.7928
176.02,23.7919
176.03,23.791
176.04,23.7901
176.05,23.7892
176.06,23.7883
176.07,23.7874
176.08,23.7865
176.09,23.7856
176.1,23.7847
176.11,23.7838
176.12,23.7829
176.13,23.782
176.14,23.7811
176.15,23.7802
176.16,23.7793
176.17,23.7784
176.18,23.7775
176.19,23.7766
176.2,23.7757
176.21,23.7748
176.22,23.7739
176.23,23.773
176.24,23.7721
176.25,23.7712
176.26,23.7703
176.27,23.7694
176.28,23.7685
176.29,23.7676
176.3,23.7667
176.31,23.7658
176.32,23.7649
176.33,23.764
176.34,23.7631
176.35,23.7622
176.36,23.7613
176.37,23.7605
176.38,23.7596
176.39,23.7587
176.4,23.7578
176.41,23.7569
176.42,23.756
176.43,23.7551
176.44,23.7542
176.45,23.7533
176.46,23.7524
176.47,23.7515
176.48,23.7506
176.49,23.7497
176.5,23.7489
176.51,23.748
176.52,23.7471
176.53,23.7462
176.54,23.7453
176.55,23.7444
176.56,23.7435
176.57,23.7426
176.58,23.7417
176.59,23.7409
176.6,23.74
176.61,23.7391
176.62,23.7382
176.63,23.7373
176.64,23.7364
176.65,23.7355
176.66,23.7346
176.67,23.7338
176.68,23.7329
176.69,23.732
176.7,23.7311
176.71,23.7302
176.72,23.7293
176.73,23.7284
176.74,23.7276
176.75,23.7267
176.76,23.7258
176.77,23.7249
176.78,23.724
176.79,23.7231
176.8,23.7223
176.81,23.7214
176.82,23.7205
176.83,23.7196
176.84,23.7187
176.85,23.7178
176.86,23.717
176.87,23.7161
176.88,23.7152
176.89,23.7143
176.9,23.7134
176.91,23.7126
176.92,23.7117
176.93,23.7108
176.94,23.7099
176.95,23.709
176.96,23.7082
176.97,23.7073
176.98,23.7064
176.99,23.7055
177,23.7046
177.01,23.7038
177.02,23.7029
177.03,23.702
177.04,23.7011
177.05,23.7002
177.06,23.6994
177.07,23.6985
177.08,23.6976
177.09,23.6967
177.1,23.6959
177.11,23.695
177.12,23.6941
177.13,23.6932
177.14,23.6924
177.15,23.6915
177.16,23.6906
177.17,23.6897
177.18,23.6889
177.19,23.688
177.2,23.6871
177.21,23.6862
177.22,23.6854
177.23,23.6845
177.24,23.6836
177.25,23.6828
177.26,23.6819
177.27,23.681
177.28,23.6801
177.29,23.6793
177.3,23.6784
177.31,23.6775
177.32,23.6767
177.33,23.6758
177.34,23.6749
177.35,23.674
177.36,23.6732
177.37,23.6723
177.38,23.6714
177.39,23.6706
177.4,23.6697
177.41,23.6688
177.42,23.668
177.43,23.6671
177.44,23.6662
177.45,23.6654
177.46,23.6645
177.47,23.6636
177.48,23.6628
177.49,23.6619
177.5,23.661
177.51,23.6602
177.52,23.6593
177.53,23.6584
177.54,23.6576
177.55,23.6567
177.56,23.6558
177.57,23.655
177.58,23.6541
177.59,23.6532
177.6,23.6524
177.61,23.6515
177.62,23.6506
177.63,23.6498
177.64,23.6489
177.65,23.6481
177.66,23.6472
177.67,23.6463
177.68,23.6455
177.69,23.6446
177.7,23.6437
177.71,23.6429
177.72,23.642
177.73,23.6412
177.74,23.6403
177.75,23.6394
177.76,23.6386
177.77,23.6377
177.78,23.6369
177.79,23.636
177.8,23.6351
177.81,23.6343
177.82,23.6334
177.83,23.6326
177.84,23.6317
177.85,23.6308
177.86,23.63
177.87,23.6291
177.88,23.6283
177.89,23.6274
177.9,23.6266
177.91,23.6257
177.92,23.6248
177.93,23.624
177.94,23.6231
177.95,23.6223
177.96,23.6214
177.97,23.6206
177.98,23.6197
177.99,23.6189
178,23.618
178.01,23.6171
178.02,23.6163
178.03,23.6154
178.04,23.6146
178.05,23.6137
178.06,23.6129
178.07,23.612
178.08,23.6112
178.09,23.6103
178.1,23.6095
178.11,23.6086
178.12,23.6078
178.13,23.6069
178.14,23.6061
178.15,23.6052
178.16,23.6044
178.17,23.6035
178.18,23.6027
178.19,23.6018
178.2,23.601
178.21,23.6001
178.22,23.5993
178.23,23.5984
178.24,23.5976
178.25,23.5967
178.26,23.5959
178.27,23.595
178.28,23.5942
178.29,23.5933
178.3,23.5925
178.31,23.5916
178.32,23.5908
178.33,23.5899
178.34,23.5891
178.35,23.5882
178.36,23.5874
178.37,23.5865
178.38,23.5857
178.39,23.5848
178.4,23.584
178.41,23.5832
178.42,23.5823
178.43,23.5815
178.44,23.5806
178.45,23.5798
178.46,23.5789
178.47,23.5781
178.48,23.5772
178.49,23.5764
178.5,23.5756
178.51,23.5747
178.52,23.5739
178.53,23.573
178.54,23.5722
178.55,23.5713
178.56,23.5705
178.57,23.5697
178.58,23.5688
178.59,23.568
178.6,23.5671
178.61,23.5663
178.62,23.5655
178.63,23.5646
178.64,23.5638
178.65,23.5629
178.66,23.5621
178.67,23.5613
178.68,23.5604
178.69,23.5596
178.7,23.5587
178.71,23.5579
178.72,23.5571
178.73,23.5562
178.74,23.5554
178.75,23.5546
178.76,23.5537
178.77,23.5529
178.78,23.552
178.79,23.5512
178.8,23.5504
178.81,23.5495
178.82,23.5487
178.83,23.5479
178.84,23.547
178.85,23.5462
178.86,23.5454
178.87,23.5445
178.88,23.5437
178.89,23.5429
178.9,23.542
178.91,23.5412
178.92,23.5403
178.93,23.5395
178.94,23.5387
178.95,23.5378
178.96,23.537
178.97,23.5362
178.98,23.5354
178.99,23.5345
179,23.5337
179.01,23.5329
179.02,23.532
179.03,23.5312
179.04,23.5304
179.05,23.5295
179.06,23.5287
179.07,23.5279
179.08,23.527
179.09,23.5262
179.1,23.5254
179.11,23.5246
179.12,23.5237
179.13,23.5229
179.14,23.5221
179.15,23.5212
179.16,23.5204
179.17,23.5196
179.18,23.5188
179.19,23.5179
179.2,23.5171
179.21,23.5163
179.22,23.5154
179.23,23.5146
179.24,23.5138
179.25,23.513
179.26,23.5121
179.27,23.5113
179.28,23.5105
179.29,23.5097
179.3,23.5088
179.31,23.508
179.32,23.5072
179.33,23.5064
179.34,23.5055
179.35,23.5047
179.36,23.5039
179.37,23.5031
179.38,23.5022
179.39,23.5014
179.4,23.5006
179.41,23.4998
179.42,23.499
179.43,23.4981
179.44,23.4973
179.45,23.4965
179.46,23.4957
179.47,23.4948
179.48,23.494
179.49,23.4932
179.5,23.4924
179.51,23.4916
179.52,23.4907
179.53,23.4899
179.54,23.4891
179.55,23.4883
179.56,23.4875
179.57,23.4866
179.58,23.4858
179.59,23.485
179.6,23.4842
179.61,23.4834
179.62,23.4826
179.63,23.4817
179.64,23.4809
179.65,23.4801
179.66,23.4793
179.67,23.4785
179.68,23.4776
179.69,23.4768
179.7,23.476
179.71,23.4752
179.72,23.4744
179.73,23.4736
179.74,23.4728
179.75,23.4719
179.76,23.4711
179.77,23.4703
179.78,23.4695
179.79,23.4687
179.8,23.4679
179.81,23.4671
179.82,23.4662
179.83,23.4654
179.84,23.4646
179.85,23.4638
179.86,23.463
179.87,23.4622
179.88,23.4614
179.89,23.4605
179.9,23.4597
179.91,23.4589
179.92,23.4581
179.93,23.4573
179.94,23.4565
179.95,23.4557
179.96,23.4549
179.97,23.4541
179.98,23.4532
179.99,23.4524
180,23.4516
180.01,23.4508
180.02,23.45
180.03,23.4492
180.04,23.4484
180.05,23.4476
180.06,23.4468
180.07,23.446
180.08,23.4452
180.09,23.4444
180.1,23.4435
180.11,23.4427
180.12,23.4419
180.13,23.4411
180.14,23.4403
180.15,23.4395
180.16,23.4387
180.17,23.4379
180.18,23.4371
180.19,23.4363
180.2,23.4355
180.21,23.4347
180.22,23.4339
180.23,23.4331
180.24,23.4323
180.25,23.4315
180.26,23.4307
180.27,23.4299
180.28,23.429
180.29,23.4282
180.3,23.4274
180.31,23.4266
180.32,23.4258
180.33,23.425
180.34,23.4242
180.35,23.4234
180.36,23.4226
180.37,23.4218
180.38,23.421
180.39,23.4202
180.4,23.4194
180.41,23.4186
180.42,23.4178
180.43,23.417
180.44,23.4162
180.45,23.4154
180.46,23.4146
180.47,23.4138
180.48,23.413
180.49,23.4122
180.5,23.4114
180.51,23.4106
180.52,23.4098
180.53,23.409
180.54,23.4082
180.55,23.4074
180.56,23.4066
180.57,23.4058
180.58,23.405
180.59,23.4042
180.6,23.4034
180.61,23.4026
180.62,23.4019
180.63,23.4011
180.64,23.4003
180.65,23.3995
180.66,23.3987
180.67,23.3979
180.68,23.3971
180.69,23.3963
180.7,23.3955
180.71,23.3947
180.72,23.3939
180.73,23.3931
180.74,23.3923
180.75,23.3915
180.76,23.3907
180.77,23.3899
180.78,23.3891
180.79,23.3883
180.8,23.3876
180.81,23.3868
180.82,23.386
180.83,23.3852
180.84,23.3844
180.85,23.3836
180.86,23.3828
180.87,23.382
180.88,23.3812
180.89,23.3804
180.9,23.3796
180.91,23.3789
180.92,23.3781
180.93,23.3773
180.94,23.3765
180.95,23.3757
180.96,23.3749
180.97,23.3741
180.98,23.3733
180.99,23.3725
181,23.3717
181.01,23.371
181.02,23.3702
181.03,23.3694
181.04,23.3686
181.05,23.3678
181.06,23.367
181.07,23.3662
181.08,23.3655
181.09,23.3647
181.1,23.3639
181.11,23.3631
181.12,23.3623
181.13,23.3615
181.14,23.3607
181.15,23.36
181.16,23.3592
181.17,23.3584
181.18,23.3576
181.19,23.3568
181.2,23.356
181.21,23.3552
181.22,23.3545
181.23,23.3537
181.24,23.3529
181.25,23.3521
181.26,23.3513
181.27,23.3505
181.28,23.3498
181.29,23.349
181.3,23.3482
181.31,23.3474
181.32,23.3466
181.33,23.3459
181.34,23.3451
181.35,23.3443
181.36,23.3435
181.37,23.3427
181.38,23.342
181.39,23.3412
181.4,23.3404
181.41,23.3396
181.42,23.3388
181.43,23.3381
181.44,23.3373
181.45,23.3365
181.46,23.3357
181.47,23.3349
181.48,23.3342
181.49,23.3334
181.5,23.3326
181.51,23.3318
181.52,23.331
181.53,23.3303
181.54,23.3295
181.55,23.3287
181.56,23.3279
181.57,23.3272
181.58,23.3264
181.59,23.3256
181.6,23.3248
181.61,23.3241
181.62,23.3233
181.63,23.3225
181.64,23.3217
181.65,23.321
181.66,23.3202
181.67,23.3194
181.68,23.3186
181.69,23.3179
181.7,23.3171
181.71,23.3163
181.72,23.3155
181.73,23.3148
181.74,23.314
181.75,23.3132
181.76,23.3125
181.77,23.3117
181.78,23.3109
181.79,23.3101
181.8,23.3094
181.81,23.3086
181.82,23.3078
181.83,23.3071
181.84,23.3063
181.85,23.3055
181.86,23.3047
181.87,23.304
181.88,23.3032
181.89,23.3024
181.9,23.3017
181.91,23.3009
181.92,23.3001
181.93,23.2994
181.94,23.2986
181.95,23.2978
181.96,23.297
181.97,23.2963
181.98,23.2955
181.99,23.2947
182,23.294
182.01,23.2932
182.02,23.2924
182.03,23.2917
182.04,23.2909
182.05,23.2901
182.06,23.2894
182.07,23.2886
182.08,23.2878
182.09,23.2871
182.1,23.2863
182.11,23.2855
182.12,23.2848
182.13,23.284
182.14,23.2833
182.15,23.2825
182.16,23.2817
182.17,23.281
182.18,23.2802
182.19,23.2794
182.2,23.2787
182.21,23.2779
182.22,23.2771
182.23,23.2764
182.24,23.2756
182.25,23.2749
182.26,23.2741
182.27,23.2733
182.28,23.2726
182.29,23.2718
182.3,23.271
182.31,23.2703
182.32,23.2695
182.33,23.2688
182.34,23.268
182.35,23.2672
182.36,23.2665
182.37,23.2657
182.38,23.265
182.39,23.2642
182.4,23.2634
182.41,23.2627
182.42,23.2619
182.43,23.2612
182.44,23.2604
182.45,23.2597
182.46,23.2589
182.47,23.2581
182.48,23.2574
182.49,23.2566
182.5,23.2559
182.51,23.2551
182.52,23.2543
182.53,23.2536
182.54,23.2528
182.55,23.2521
182.56,23.2513
182.57,23.2506
182.58,23.2498
182.59,23.2491
182.6,23.2483
182.61,23.2475
182.62,23.2468
182.63,23.246
182.64,23.2453
182.65,23.2445
182.66,23.2438
182.67,23.243
182.68,23.2423
182.69,23.2415
182.7,23.2408
182.71,23.24
182.72,23.2393
182.73,23.2385
182.74,23.2377
182.75,23.237
182.76,23.2362
182.77,23.2355
182.78,23.2347
182.79,23.234
182.8,23.2332
182.81,23.2325
182.82,23.2317
182.83,23.231
182.84,23.2302
182.85,23.2295
182.86,23.2287
182.87,23.228
182.88,23.2272
182.89,23.2265
182.9,23.2257
182.91,23.225
182.92,23.2242
182.93,23.2235
182.94,23.2227
182.95,23.222
182.96,23.2212
182.97,23.2205
182.98,23.2197
182.99,23.219
183,23.2182
183.01,23.2175
183.02,23.2168
183.03,23.216
183.04,23.2153
183.05,23.2145
183.06,23.2138
183.07,23.213
183.08,23.2123
183.09,23.2115
183.1,23.2108
183.11,23.21
183.12,23.2093
183.13,23.2085
183.14,23.2078
183.15,23.2071
183.16,23.2063
183.17,23.2056
183.18,23.2048
183.19,23.2041
183.2,23.2033
183.21,23.2026
183.22,23.2019
183.23,23.2011
183.24,23.2004
183.25,23.1996
183.26,23.1989
183.27,23.1981
183.28,23.1974
183.29,23.1967
183.3,23.1959
183.31,23.1952
183.32,23.1944
183.33,23.1937
183.34,23.193
183.35,23.1922
183.36,23.1915
183.37,23.1907
183.38,23.19
183.39,23.1893
183.4,23.1885
183.41,23.1878
183.42,23.187
183.43,23.1863
183.44,23.1856
183.45,23.1848
183.46,23.1841
183.47,23.1833
183.48,23.1826
183.49,23.1819
183.5,23.1811
183.51,23.1804
183.52,23.1797
183.53,23.1789
183.54,23.1782
183.55,23.1774
183.56,23.1767
183.57,23.176
183.58,23.1752
183.59,23.1745
183.6,23.1738
183.61,23.173
183.62,23.1723
183.63,23.1716
183.64,23.1708
183.65,23.1701
183.66,23.1694
183.67,23.1686
183.68,23.1679
183.69,23.1671
183.7,23.1664
183.71,23.1657
183.72,23.1649
183.73,23.1642
183.74,23.1635
183.75,23.1627
183.76,23.162
183.77,23.1613
183.78,23.1606
183.79,23.1598
183.8,23.1591
183.81,23.1584
183.82,23.1576
183.83,23.1569
183.84,23.1562
183.85,23.1554
183.86,23.1547
183.87,23.154
183.88,23.1532
183.89,23.1525
183.9,23.1518
183.91,23.1511
183.92,23.1503
183.93,23.1496
183.94,23.1489
183.95,23.1481
183.96,23.1474
183.97,23.1467
183.98,23.1459
183.99,23.1452
184,23.1445
184.01,23.1438
184.02,23.143
184.03,23.1423
184.04,23.1416
184.05,23.1409
184.06,23.1401
184.07,23.1394
184.08,23.1387
184.09,23.1379
184.1,23.1372
184.11,23.1365
184.12,23.1358
184.13,23.135
184.14,23.1343
184.15,23.1336
184.16,23.1329
184.17,23.1321
184.18,23.1314
184.19,23.1307
184.2,23.13
184.21,23.1292
184.22,23.1285
184.23,23.1278
184.24,23.1271
184.25,23.1264
184.26,23.1256
184.27,23.1249
184.28,23.1242
184.29,23.1235
184.3,23.1227
184.31,23.122
184.32,23.1213
184.33,23.1206
184.34,23.1199
184.35,23.1191
184.36,23.1184
184.37,23.1177
184.38,23.117
184.39,23.1163
184.4,23.1155
184.41,23.1148
184.42,23.1141
184.43,23.1134
184.44,23.1127
184.45,23.1119
184.46,23.1112
184.47,23.1105
184.48,23.1098
184.49,23.1091
184.5,23.1083
184.51,23.1076
184.52,23.1069
184.53,23.1062
184.54,23.1055
184.55,23.1047
184.56,23.104
184.57,23.1033
184.58,23.1026
184.59,23.1019
184.6,23.1012
184.61,23.1004
184.62,23.0997
184.63,23.099
184.64,23.0983
184.65,23.0976
184.66,23.0969
184.67,23.0962
184.68,23.0954
184.69,23.0947
184.7,23.094
184.71,23.0933
184.72,23.0926
184.73,23.0919
184.74,23.0912
184.75,23.0904
184.76,23.0897
184.77,23.089
184.78,23.0883
184.79,23.0876
184.8,23.0869
184.81,23.0862
184.82,23.0854
184.83,23.0847
184.84,23.084
184.85,23.0833
184.86,23.0826
184.87,23.0819
184.88,23.0812
184.89,23.0805
184.9,23.0798
184.91,23.079
184.92,23.0783
184.93,23.0776
184.94,23.0769
184.95,23.0762
184.96,23.0755
184.97,23.0748
184.98,23.0741
184.99,23.0734
185,23.0727
185.01,23.0719
185.02,23.0712
185.03,23.0705
185.04,23.0698
185.05,23.0691
185.06,23.0684
185.07,23.0677
185.08,23.067
185.09,23.0663
185.1,23.0656
185.11,23.0649
185.12,23.0642
185.13,23.0635
185.14,23.0627
185.15,23.062
185.16,23.0613
185.17,23.0606
185.18,23.0599
185.19,23.0592
185.2,23.0585
185.21,23.0578
185.22,23.0571
185.23,23.0564
185.24,23.0557
185.25,23.055
185.26,23.0543
185.27,23.0536
185.28,23.0529
185.29,23.0522
185.3,23.0515
185.31,23.0508
185.32,23.0501
185.33,23.0494
185.34,23.0487
185.35,23.0479
185.36,23.0472
185.37,23.0465
185.38,23.0458
185.39,23.0451
185.4,23.0444
185.41,23.0437
185.42,23.043
185.43,23.0423
185.44,23.0416
185.45,23.0409
185.46,23.0402
185.47,23.0395
185.48,23.0388
185.49,23.0381
185.5,23.0374
185.51,23.0367
185.52,23.036
185.53,23.0353
185.54,23.0346
185.55,23.0339
185.56,23.0332
185.57,23.0325
185.58,23.0318
185.59,23.0311
185.6,23.0304
185.61,23.0297
185.62,23.029
185.63,23.0283
185.64,23.0277
185.65,23.027
185.66,23.0263
185.67,23.0256
185.68,23.0249
185.69,23.0242
185.7,23.0235
185.71,23.0228
185.72,23.0221
185.73,23.0214
185.74,23.0207
185.75,23.02
185.76,23.0193
185.77,23.0186
185.78,23.0179
185.79,23.0172
185.8,23.0165
185.81,23.0158
185.82,23.0151
185.83,23.0144
185.84,23.0137
185.85,23.013
185.86,23.0124
185.87,23.0117
185.88,23.011
185.89,23.0103
185.9,23.0096
185.91,23.0089
185.92,23.0082
185.93,23.0075
185.94,23.0068
185.95,23.0061
185.96,23.0054
185.97,23.0047
185.98,23.004
185.99,23.0034
186,23.0027
186.01,23.002
186.02,23.0013
186.03,23.0006
186.04,22.9999
186.05,22.9992
186.06,22.9985
186.07,22.9978
186.08,22.9971
186.09,22.9965
186.1,22.9958
186.11,22.9951
186.12,22.9944
186.13,22.9937
186.14,22.993
186.15,22.9923
186.16,22.9916
186.17,22.9909
186.18,22.9903
186.19,22.9896
186.2,22.9889
186.21,22.9882
186.22,22.9875
186.23,22.9868
186.24,22.9861
186.25,22.9855
186.26,22.9848
186.27,22.9841
186.28,22.9834
186.29,22.9827
186.3,22.982
186.31,22.9813
186.32,22.9807
186.33,22.98
186.34,22.9793
186.35,22.9786
186.36,22.9779
186.37,22.9772
186.38,22.9765
186.39,22.9759
186.4,22.9752
186.41,22.9745
186.42,22.9738
186.43,22.9731
186.44,22.9724
186.45,22.9718
186.46,22.9711
186.47,22.9704
186.48,22.9697
186.49,22.969
186.5,22.9684
186.51,22.9677
186.52,22.967
186.53,22.9663
186.54,22.9656
186.55,22.9649
186.56,22.9643
186.57,22.9636
186.58,22.9629
186.59,22.9622
186.6,22.9615
186.61,22.9609
186.62,22.9602
186.63,22.9595
186.64,22.9588
186.65,22.9581
186.66,22.9575
186.67,22.9568
186.68,22.9561
186.69,22.9554
186.7,22.9547
186.71,22.9541
186.72,22.9534
186.73,22.9527
186.74,22.952
186.75,22.9514
186.76,22.9507
186.77,22.95
186.78,22.9493
186.79,22.9487
186.8,22.948
186.81,22.9473
186.82,22.9466
186.83,22.9459
186.84,22.9453
186.85,22.9446
186.86,22.9439
186.87,22.9432
186.88,22.9426
186.89,22.9419
186.9,22.9412
186.91,22.9405
186.92,22.9399
186.93,22.9392
186.94,22.9385
186.95,22.9378
186.96,22.9372
186.97,22.9365
186.98,22.9358
186.99,22.9352
187,22.9345
187.01,22.9338
187.02,22.9331
187.03,22.9325
187.04,22.9318
187.05,22.9311
187.06,22.9304
187.07,22.9298
187.08,22.9291
187.09,22.9284
187.1,22.9278
187.11,22.9271
187.12,22.9264
187.13,22.9257
187.14,22.9251
187.15,22.9244
187.16,22.9237
187.17,22.9231
187.18,22.9224
187.19,22.9217
187.2,22.9211
187.21,22.9204
187.22,22.9197
187.23,22.919
187.24,22.9184
187.25,22.9177
187.26,22.917
187.27,22.9164
187.28,22.9157
187.29,22.915
187.3,22.9144
187.31,22.9137
187.32,22.913
187.33,22.9124
187.34,22.9117
187.35,22.911
187.36,22.9104
187.37,22.9097
187.38,22.909
187.39,22.9084
187.4,22.9077
187.41,22.907
187.42,22.9064
187.43,22.9057
187.44,22.905
187.45,22.9044
187.46,22.9037
187.47,22.903
187.48,22.9024
187.49,22.9017
187.5,22.901
187.51,22.9004
187.52,22.8997
187.53,22.899
187.54,22.8984
187.55,22.8977
187.56,22.8971
187.57,22.8964
187.58,22.8957
187.59,22.8951
187.6,22.8944
187.61,22.8937
187.62,22.8931
187.63,22.8924
187.64,22.8918
187.65,22.8911
187.66,22.8904
187.67,22.8898
187.68,22.8891
187.69,22.8884
187.7,22.8878
187.71,22.8871
187.72,22.8865
187.73,22.8858
187.74,22.8851
187.75,22.8845
187.76,22.8838
187.77,22.8832
187.78,22.8825
187.79,22.8818
187.8,22.8812
187.81,22.8805
187.82,22.8799
187.83,22.8792
187.84,22.8785
187.85,22.8779
187.86,22.8772
187.87,22.8766
187.88,22.8759
187.89,22.8753
187.9,22.8746
187.91,22.8739
187.92,22.8733
187.93,22.8726
187.94,22.872
187.95,22.8713
187.96,22.8707
187.97,22.87
187.98,22.8693
187.99,22.8687
188,22.868
188.01,22.8674
188.02,22.8667
188.03,22.8661
188.04,22.8654
188.05,22.8648
188.06,22.8641
188.07,22.8634
188.08,22.8628
188.09,22.8621
188.1,22.8615
188.11,22.8608
188.12,22.8602
188.13,22.8595
188.14,22.8589
188.15,22.8582
188.16,22.8576
188.17,22.8569
188.18,22.8562
188.19,22.8556
188.2,22.8549
188.21,22.8543
188.22,22.8536
188.23,22.853
188.24,22.8523
188.25,22.8517
188.26,22.851
188.27,22.8504
188.28,22.8497
188.29,22.8491
188.3,22.8484
188.31,22.8478
188.32,22.8471
188.33,22.8465
188.34,22.8458
188.35,22.8452
188.36,22.8445
188.37,22.8439
188.38,22.8432
188.39,22.8426
188.4,22.8419
188.41,22.8413
188.42,22.8406
188.43,22.84
188.44,22.8393
188.45,22.8387
188.46,22.838
188.47,22.8374
188.48,22.8367
188.49,22.8361
188.5,22.8354
188.51,22.8348
188.52,22.8341
188.53,22.8335
188.54,22.8329
188.55,22.8322
188.56,22.8316
188.57,22.8309
188.58,22.8303
188.59,22.8296
188.6,22.829
188.61,22.8283
188.62,22.8277
188.63,22.827
188.64,22.8264
188.65,22.8257
188.66,22.8251
188.67,22.8245
188.68,22.8238
188.69,22.8232
188.7,22.8225
188.71,22.8219
188.72,22.8212
188.73,22.8206
188.74,22.8199
188.75,22.8193
188.76,22.8187
188.77,22.818
188.78,22.8174
188.79,22.8167
188.8,22.8161
188.81,22.8154
188.82,22.8148
188.83,22.8142
188.84,22.8135
188.85,22.8129
188.86,22.8122
188.87,22.8116
188.88,22.811
188.89,22.8103
188.9,22.8097
188.91,22.809
188.92,22.8084
188.93,22.8077
188.94,22.8071
188.95,22.8065
188.96,22.8058
188.97,22.8052
188.98,22.8045
188.99,22.8039
189,22.8033
189.01,22.8026
189.02,22.802
189.03,22.8014
189.04,22.8007
189.05,22.8001
189.06,22.7994
189.07,22.7988
189.08,22.7982
189.09,22.7975
189.1,22.7969
189.11,22.7962
189.12,22.7956
189.13,22.795
189.14,22.7943
189.15,22.7937
189.16,22.7931
189.17,22.7924
189.18,22.7918
189.19,22.7912
189.2,22.7905
189.21,22.7899
189.22,22.7892
189.23,22.7886
189.24,22.788
189.25,22.7873
189.26,22.7867
189.27,22.7861
189.28,22.7854
189.29,22.7848
189.3,22.7842
189.31,22.7835
189.32,22.7829
189.33,22.7823
189.34,22.7816
189.35,22.781
189.36,22.7804
189.37,22.7797
189.38,22.7791
189.39,22.7785
189.4,22.7778
189.41,22.7772
189.42,22.7766
189.43,22.7759
189.44,22.7753
189.45,22.7747
189.46,22.774
189.47,22.7734
189.48,22.7728
189.49,22.7721
189.5,22.7715
189.51,22.7709
189.52,22.7702
189.53,22.7696
189.54,22.769
189.55,22.7684
189.56,22.7677
189.57,22.7671
189.58,22.7665
189.59,22.7658
189.6,22.7652
189.61,22.7646
189.62,22.7639
189.63,22.7633
189.64,22.7627
189.65,22.7621
189.66,22.7614
189.67,22.7608
189.68,22.7602
189.69,22.7595
189.7,22.7589
189.71,22.7583
189.72,22.7577
189.73,22.757
189.74,22.7564
189.75,22.7558
189.76,22.7552
189.77,22.7545
189.78,22.7539
189.79,22.7533
189.8,22.7526
189.81,22.752
189.82,22.7514
189.83,22.7508
189.84,22.7501
189.85,22.7495
189.86,22.7489
189.87,22.7483
189.88,22.7476
189.89,22.747
189.9,22.7464
189.91,22.7458
189.92,22.7451
189.93,22.7445
189.94,22.7439
189.95,22.7433
189.96,22.7426
189.97,22.742
189.98,22.7414
189.99,22.7408
190,22.7401
190.01,22.7395
190.02,22.7389
190.03,22.7383
190.04,22.7377
190.05,22.737
190.06,22.7364
190.07,22.7358
190.08,22.7352
190.09,22.7345
190.1,22.7339
190.11,22.7333
190.12,22.7327
190.13,22.7321
190.14,22.7314
190.15,22.7308
190.16,22.7302
190.17,22.7296
190.18,22.729
190.19,22.7283
190.2,22.7277
190.21,22.7271
190.22,22.7265
190.23,22.7259
190.24,22.7252
190.25,22.7246
190.26,22.724
190.27,22.7234
190.28,22.7228
190.29,22.7221
190.3,22.7215
190.31,22.7209
190.32,22.7203
190.33,22.7197
190.34,22.7191
190.35,22.7184
190.36,22.7178
190.37,22.7172
190.38,22.7166
190.39,22.716
190.4,22.7153
190.41,22.7147
190.42,22.7141
190.43,22.7135
190.44,22.7129
190.45,22.7123
190.46,22.7116
190.47,22.711
190.48,22.7104
190.49,22.7098
190.5,22.7092
190.51,22.7086
190.52,22.708
190.53,22.7073
190.54,22.7067
190.55,22.7061
190.56,22.7055
190.57,22.7049
190.58,22.7043
190.59,22.7037
190.6,22.703
190.61,22.7024
190.62,22.7018
190.63,22.7012
190.64,22.7006
190.65,22.7
190.66,22.6994
190.67,22.6987
190.68,22.6981
190.69,22.6975
190.7,22.6969
190.71,22.6963
190.72,22.6957
190.73,22.6951
190.74,22.6945
190.75,22.6939
190.76,22.6932
190.77,22.6926
190.78,22.692
190.79,22.6914
190.8,22.6908
190.81,22.6902
190.82,22.6896
190.83,22.689
190.84,22.6884
190.85,22.6877
190.86,22.6871
190.87,22.6865
190.88,22.6859
190.89,22.6853
190.9,22.6847
190.91,22.6841
190.92,22.6835
190.93,22.6829
190.94,22.6823
190.95,22.6817
190.96,22.681
190.97,22.6804
190.98,22.6798
190.99,22.6792
191,22.6786
191.01,22.678
191.02,22.6774
191.03,22.6768
191.04,22.6762
191.05,22.6756
191.06,22.675
191.07,22.6744
191.08,22.6738
191.09,22.6732
191.1,22.6725
191.11,22.6719
191.12,22.6713
191.13,22.6707
191.14,22.6701
191.15,22.6695
191.16,22.6689
191.17,22.6683
191.18,22.6677
191.19,22.6671
191.2,22.6665
191.21,22.6659
191.22,22.6653
191.23,22.6647
191.24,22.6641
191.25,22.6635
191.26,22.6629
191.27,22.6623
191.28,22.6617
191.29,22.6611
191.3,22.6605
191.31,22.6599
191.32,22.6593
191.33,22.6587
191.34,22.658
191.35,22.6574
191.36,22.6568
191.37,22.6562
191.38,22.6556
191.39,22.655
191.4,22.6544
191.41,22.6538
191.42,22.6532
191.43,22.6526
191.44,22.652
191.45,22.6514
191.46,22.6508
191.47,22.6502
191.48,22.6496
191.49,22.649
191.5,22.6484
191.51,22.6478
191.52,22.6472
191.53,22.6466
191.54,22.646
191.55,22.6454
191.56,22.6448
191.57,22.6442
191.58,22.6436
191.59,22.643
191.6,22.6424
191.61,22.6418
191.62,22.6412
191.63,22.6406
191.64,22.64
191.65,22.6394
191.66,22.6389
191.67,22.6383
191.68,22.6377
191.69,22.6371
191.7,22.6365
191.71,22.6359
191.72,22.6353
191.73,22.6347
191.74,22.6341
191.75,22.6335
191.76,22.6329
191.77,22.6323
191.78,22.6317
191.79,22.6311
191.8,22.6305
191.81,22.6299
191.82,22.6293
191.83,22.6287
191.84,22.6281
191.85,22.6275
191.86,22.6269
191.87,22.6263
191.88,22.6257
191.89,22.6251
191.9,22.6246
191.91,22.624
191.92,22.6234
191.93,22.6228
191.94,22.6222
191.95,22.6216
191.96,22.621
191.97,22.6204
191.98,22.6198
191.99,22.6192
192,22.6186
192.01,22.618
192.02,22.6174
192.03,22.6168
192.04,22.6163
192.05,22.6157
192.06,22.6151
192.07,22.6145
192.08,22.6139
192.09,22.6133
192.1,22.6127
192.11,22.6121
192.12,22.6115
192.13,22.6109
192.14,22.6103
192.15,22.6098
192.16,22.6092
192.17,22.6086
192.18,22.608
192.19,22.6074
192.2,22.6068
192.21,22.6062
192.22,22.6056
192.23,22.605
192.24,22.6044
192.25,22.6039
192.26,22.6033
192.27,22.6027
192.28,22.6021
192.29,22.6015
192.3,22.6009
192.31,22.6003
192.32,22.5997
192.33,22.5992
192.34,22.5986
192.35,22.598
192.36,22.5974
192.37,22.5968
192.38,22.5962
192.39,22.5956
192.4,22.595
192.41,22.5945
192.42,22.5939
192.43,22.5933
192.44,22.5927
192.45,22.5921
192.46,22.5915
192.47,22.5909
192.48,22.5904
192.49,22.5898
192.5,22.5892
192.51,22.5886
192.52,22.588
192.53,22.5874
192.54,22.5869
192.55,22.5863
192.56,22.5857
192.57,22.5851
192.58,22.5845
192.59,22.5839
192.6,22.5833
192.61,22.5828
192.62,22.5822
192.63,22.5816
192.64,22.581
192.65,22.5804
192.66,22.5799
192.67,22.5793
192.68,22.5787
192.69,22.5781
192.7,22.5775
192.71,22.5769
192.72,22.5764
192.73,22.5758
192.74,22.5752
192.75,22.5746
192.76,22.574
192.77,22.5735
192.78,22.5729
192.79,22.5723
192.8,22.5717
192.81,22.5711
192.82,22.5705
192.83,22.57
192.84,22.5694
192.85,22.5688
192.86,22.5682
192.87,22.5676
192.88,22.5671
192.89,22.5665
192.9,22.5659
192.91,22.5653
192.92,22.5648
192.93,22.5642
192.94,22.5636
192.95,22.563
192.96,22.5624
192.97,22.5619
192.98,22.5613
192.99,22.5607
193,22.5601
193.01,22.5595
193.02,22.559
193.03,22.5584
193.04,22.5578
193.05,22.5572
193.06,22.5567
193.07,22.5561
193.08,22.5555
193.09,22.5549
193.1,22.5544
193.11,22.5538
193.12,22.5532
193.13,22.5526
193.14,22.5521
193.15,22.5515
193.16,22.5509
193.17,22.5503
193.18,22.5498
193.19,22.5492
193.2,22.5486
193.21,22.548
193.22,22.5475
193.23,22.5469
193.24,22.5463
193.25,22.5457
193.26,22.5452
193.27,22.5446
193.28,22.544
193.29,22.5434
193.3,22.5429
193.31,22.5423
193.32,22.5417
193.33,22.5411
193.34,22.5406
193.35,22.54
193.36,22.5394
193.37,22.5389
193.38,22.5383
193.39,22.5377
193.4,22.5371
193.41,22.5366
193.42,22.536
193.43,22.5354
193.44,22.5349
193.45,22.5343
193.46,22.5337
193.47,22.5331
193.48,22.5326
193.49,22.532
193.5,22.5314
193.51,22.5309
193.52,22.5303
193.53,22.5297
193.54,22.5291
193.55,22.5286
193.56,22.528
193.57,22.5274
193.58,22.5269
193.59,22.5263
193.6,22.5257
193.61,22.5252
193.62,22.5246
193.63,22.524
193.64,22.5235
193.65,22.5229
193.66,22.5223
193.67,22.5217
193.68,22.5212
193.69,22.5206
193.7,22.52
193.71,22.5195
193.72,22.5189
193.73,22.5183
193.74,22.5178
193.75,22.5172
193.76,22.5166
193.77,22.5161
193.78,22.5155
193.79,22.5149
193.8,22.5144
193.81,22.5138
193.82,22.5132
193.83,22.5127
193.84,22.5121
193.85,22.5115
193.86,22.511
193.87,22.5104
193.88,22.5099
193.89,22.5093
193.9,22.5087
193.91,22.5082
193.92,22.5076
193.93,22.507
193.94,22.5065
193.95,22.5059
193.96,22.5053
193.97,22.5048
193.98,22.5042
193.99,22.5036
194,22.5031
194.01,22.5025
194.02,22.502
194.03,22.5014
194.04,22.5008
194.05,22.5003
194.06,22.4997
194.07,22.4991
194.08,22.4986
194.09,22.498
194.1,22.4975
194.11,22.4969
194.12,22.4963
194.13,22.4958
194.14,22.4952
194.15,22.4946
194.16,22.4941
194.17,22.4935
194.18,22.493
194.19,22.4924
194.2,22.4918
194.21,22.4913
194.22,22.4907
194.23,22.4902
194.24,22.4896
194.25,22.489
194.26,22.4885
194.27,22.4879
194.28,22.4874
194.29,22.4868
194.3,22.4862
194.31,22.4857
194.32,22.4851
194.33,22.4846
194.34,22.484
194.35,22.4835
194.36,22.4829
194.37,22.4823
194.38,22.4818
194.39,22.4812
194.4,22.4807
194.41,22.4801
194.42,22.4795
194.43,22.479
194.44,22.4784
194.45,22.4779
194.46,22.4773
194.47,22.4768
194.48,22.4762
194.49,22.4756
194.5,22.4751
194.51,22.4745
194.52,22.474
194.53,22.4734
194.54,22.4729
194.55,22.4723
194.56,22.4718
194.57,22.4712
194.58,22.4706
194.59,22.4701
194.6,22.4695
194.61,22.469
194.62,22.4684
194.63,22.4679
194.64,22.4673
194.65,22.4668
194.66,22.4662
194.67,22.4657
194.68,22.4651
194.69,22.4645
194.7,22.464
194.71,22.4634
194.72,22.4629
194.73,22.4623
194.74,22.4618
194.75,22.4612
194.76,22.4607
194.77,22.4601
194.78,22.4596
194.79,22.459
194.8,22.4585
194.81,22.4579
194.82,22.4574
194.83,22.4568
194.84,22.4563
194.85,22.4557
194.86,22.4552
194.87,22.4546
194.88,22.454
194.89,22.4535
194.9,22.4529
194.91,22.4524
194.92,22.4518
194.93,22.4513
194.94,22.4507
194.95,22.4502
194.96,22.4496
194.97,22.4491
194.98,22.4485
194.99,22.448
195,22.4474
195.01,22.4469
195.02,22.4463
195.03,22.4458
195.04,22.4452
195.05,22.4447
195.06,22.4442
195.07,22.4436
195.08,22.4431
195.09,22.4425
195.1,22.442
195.11,22.4414
195.12,22.4409
195.13,22.4403
195.14,22.4398
195.15,22.4392
195.16,22.4387
195.17,22.4381
195.18,22.4376
195.19,22.437
195.2,22.4365
195.21,22.4359
195.22,22.4354
195.23,22.4348
195.24,22.4343
195.25,22.4338
195.26,22.4332
195.27,22.4327
195.28,22.4321
195.29,22.4316
195.3,22.431
195.31,22.4305
195.32,22.4299
195.33,22.4294
195.34,22.4288
195.35,22.4283
195.36,22.4278
195.37,22.4272
195.38,22.4267
195.39,22.4261
195.4,22.4256
195.41,22.425
195.42,22.4245
195.43,22.4239
195.44,22.4234
195.45,22.4229
195.46,22.4223
195.47,22.4218
195.48,22.4212
195.49,22.4207
195.5,22.4201
195.51,22.4196
195.52,22.4191
195.53,22.4185
195.54,22.418
195.55,22.4174
195.56,22.4169
195.57,22.4163
195.58,22.4158
195.59,22.4153
195.6,22.4147
195.61,22.4142
195.62,22.4136
195.63,22.4131
195.64,22.4126
195.65,22.412
195.66,22.4115
195.67,22.4109
195.68,22.4104
195.69,22.4099
195.7,22.4093
195.71,22.4088
195.72,22.4082
195.73,22.4077
195.74,22.4072
195.75,22.4066
195.76,22.4061
195.77,22.4055
195.78,22.405
195.79,22.4045
195.8,22.4039
195.81,22.4034
195.82,22.4028
195.83,22.4023
195.84,22.4018
195.85,22.4012
195.86,22.4007
195.87,22.4002
195.88,22.3996
195.89,22.3991
195.9,22.3985
195.91,22.398
195.92,22.3975
195.93,22.3969
195.94,22.3964
195.95,22.3959
195.96,22.3953
195.97,22.3948
195.98,22.3942
195.99,22.3937
196,22.3932
196.01,22.3926
196.02,22.3921
196.03,22.3916
196.04,22.391
196.05,22.3905
196.06,22.39
196.07,22.3894
196.08,22.3889
196.09,22.3884
196.1,22.3878
196.11,22.3873
196.12,22.3868
196.13,22.3862
196.14,22.3857
196.15,22.3852
196.16,22.3846
196.17,22.3841
196.18,22.3836
196.19,22.383
196.2,22.3825
196.21,22.382
196.22,22.3814
196.23,22.3809
196.24,22.3804
196.25,22.3798
196.26,22.3793
196.27,22.3788
196.28,22.3782
196.29,22.3777
196.3,22.3772
196.31,22.3766
196.32,22.3761
196.33,22.3756
196.34,22.375
196.35,22.3745
196.36,22.374
196.37,22.3734
196.38,22.3729
196.39,22.3724
196.4,22.3718
196.41,22.3713
196.42,22.3708
196.43,22.3703
196.44,22.3697
196.45,22.3692
196.46,22.3687
196.47,22.3681
196.48,22.3676
196.49,22.3671
196.5,22.3665
196.51,22.366
196.52,22.3655
196.53,22.365
196.54,22.3644
196.55,22.3639
196.56,22.3634
196.57,22.3628
196.58,22.3623
196.59,22.3618
196.6,22.3613
196.61,22.3607
196.62,22.3602
196.63,22.3597
196.64,22.3591
196.65,22.3586
196.66,22.3581
196.67,22.3576
196.68,22.357
196.69,22.3565
196.7,22.356
196.71,22.3555
196.72,22.3549
196.73,22.3544
196.74,22.3539
196.75,22.3533
196.76,22.3528
196.77,22.3523
196.78,22.3518
196.79,22.3512
196.8,22.3507
196.81,22.3502
196.82,22.3497
196.83,22.3491
196.84,22.3486
196.85,22.3481
196.86,22.3476
196.87,22.347
196.88,22.3465
196.89,22.346
196.9,22.3455
196.91,22.3449
196.92,22.3444
196.93,22.3439
196.94,22.3434
196.95,22.3429
196.96,22.3423
196.97,22.3418
196.98,22.3413
196.99,22.3408
197,22.3402
197.01,22.3397
197.02,22.3392
197.03,22.3387
197.04,22.3381
197.05,22.3376
197.06,22.3371
197.07,22.3366
197.08,22.3361
197.09,22.3355
197.1,22.335
197.11,22.3345
197.12,22.334
197.13,22.3335
197.14,22.3329
197.15,22.3324
197.16,22.3319
197.17,22.3314
197.18,22.3308
197.19,22.3303
197.2,22.3298
197.21,22.3293
197.22,22.3288
197.23,22.3282
197.24,22.3277
197.25,22.3272
197.26,22.3267
197.27,22.3262
197.28,22.3256
197.29,22.3251
197.3,22.3246
197.31,22.3241
197.32,22.3236
197.33,22.3231
197.34,22.3225
197.35,22.322
197.36,22.3215
197.37,22.321
197.38,22.3205
197.39,22.3199
197.4,22.3194
197.41,22.3189
197.42,22.3184
197.43,22.3179
197.44,22.3174
197.45,22.3168
197.46,22.3163
197.47,22.3158
197.48,22.3153
197.49,22.3148
197.5,22.3143
197.51,22.3137
197.52,22.3132
197.53,22.3127
197.54,22.3122
197.55,22.3117
197.56,22.3112
197.57,22.3106
197.58,22.3101
197.59,22.3096
197.6,22.3091
197.61,22.3086
197.62,22.3081
197.63,22.3076
197.64,22.307
197.65,22.3065
197.66,22.306
197.67,22.3055
197.68,22.305
197.69,22.3045
197.7,22.3039
197.71,22.3034
197.72,22.3029
197.73,22.3024
197.74,22.3019
197.75,22.3014
197.76,22.3009
197.77,22.3004
197.78,22.2998
197.79,22.2993
197.8,22.2988
197.81,22.2983
197.82,22.2978
197.83,22.2973
197.84,22.2968
197.85,22.2963
197.86,22.2957
197.87,22.2952
197.88,22.2947
197.89,22.2942
197.9,22.2937
197.91,22.2932
197.92,22.2927
197.93,22.2922
197.94,22.2917
197.95,22.2911
197.96,22.2906
197.97,22.2901
197.98,22.2896
197.99,22.2891
198,22.2886
198.01,22.2881
198.02,22.2876
198.03,22.2871
198.04,22.2865
198.05,22.286
198.06,22.2855
198.07,22.285
198.08,22.2845
198.09,22.284
198.1,22.2835
198.11,22.283
198.12,22.2825
198.13,22.282
198.14,22.2815
198.15,22.2809
198.16,22.2804
198.17,22.2799
198.18,22.2794
198.19,22.2789
198.2,22.2784
198.21,22.2779
198.22,22.2774
198.23,22.2769
198.24,22.2764
198.25,22.2759
198.26,22.2754
198.27,22.2749
198.28,22.2744
198.29,22.2738
198.3,22.2733
198.31,22.2728
198.32,22.2723
198.33,22.2718
198.34,22.2713
198.35,22.2708
198.36,22.2703
198.37,22.2698
198.38,22.2693
198.39,22.2688
198.4,22.2683
198.41,22.2678
198.42,22.2673
198.43,22.2668
198.44,22.2663
198.45,22.2658
198.46,22.2653
198.47,22.2647
198.48,22.2642
198.49,22.2637
198.5,22.2632
198.51,22.2627
198.52,22.2622
198.53,22.2617
198.54,22.2612
198.55,22.2607
198.56,22.2602
198.57,22.2597
198.58,22.2592
198.59,22.2587
198.6,22.2582
198.61,22.2577
198.62,22.2572
198.63,22.2567
198.64,22.2562
198.65,22.2557
198.66,22.2552
198.67,22.2547
198.68,22.2542
198.69,22.2537
198.7,22.2532
198.71,22.2527
198.72,22.2522
198.73,22.2517
198.74,22.2512
198.75,22.2507
198.76,22.2502
198.77,22.2497
198.78,22.2492
198.79,22.2487
198.8,22.2482
198.81,22.2477
198.82,22.2472
198.83,22.2467
198.84,22.2462
198.85,22.2457
198.86,22.2452
198.87,22.2447
198.88,22.2442
198.89,22.2437
198.9,22.2432
198.91,22.2427
198.92,22.2422
198.93,22.2417
198.94,22.2412
198.95,22.2407
198.96,22.2402
198.97,22.2397
198.98,22.2392
198.99,22.2387
199,22.2382
199.01,22.2377
199.02,22.2372
199.03,22.2367
199.04,22.2362
199.05,22.2357
199.06,22.2352
199.07,22.2347
199.08,22.2342
199.09,22.2337
199.1,22.2332
199.11,22.2327
199.12,22.2322
199.13,22.2317
199.14,22.2312
199.15,22.2307
199.16,22.2302
199.17,22.2297
199.18,22.2293
199.19,22.2288
199.2,22.2283
199.21,22.2278
199.22,22.2273
199.23,22.2268
199.24,22.2263
199.25,22.2258
199.26,22.2253
199.27,22.2248
199.28,22.2243
199.29,22.2238
199.3,22.2233
199.31,22.2228
199.32,22.2223
199.33,22.2218
199.34,22.2213
199.35,22.2208
199.36,22.2204
199.37,22.2199
199.38,22.2194
199.39,22.2189
199.4,22.2184
199.41,22.2179
199.42,22.2174
199.43,22.2169
199.44,22.2164
199.45,22.2159
199.46,22.2154
199.47,22.2149
199.48,22.2144
199.49,22.2139
199.5,22.2135
199.51,22.213
199.52,22.2125
199.53,22.212
199.54,22.2115
199.55,22.211
199.56,22.2105
199.57,22.21
199.58,22.2095
199.59,22.209
199.6,22.2085
199.61,22.2081
199.62,22.2076
199.63,22.2071
199.64,22.2066
199.65,22.2061
199.66,22.2056
199.67,22.2051
199.68,22.2046
199.69,22.2041
199.7,22.2036
199.71,22.2032
199.72,22.2027
199.73,22.2022
199.74,22.2017
199.75,22.2012
199.76,22.2007
199.77,22.2002
199.78,22.1997
199.79,22.1992
199.8,22.1988
199.81,22.1983
199.82,22.1978
199.83,22.1973
199.84,22.1968
199.85,22.1963
199.86,22.1958
199.87,22.1953
199.88,22.1949
199.89,22.1944
199.9,22.1939
199.91,22.1934
199.92,22.1929
199.93,22.1924
199.94,22.1919
199.95,22.1914
199.96,22.191
199.97,22.1905
199.98,22.19
199.99,22.1895
200,22.189
200.01,22.1885
200.02,22.188
200.03,22.1876
200.04,22.1871
200.05,22.1866
200.06,22.1861
200.07,22.1856
200.08,22.1851
200.09,22.1847
200.1,22.1842
200.11,22.1837
200.12,22.1832
200.13,22.1827
200.14,22.1822
200.15,22.1817
200.16,22.1813
200.17,22.1808
200.18,22.1803
200.19,22.1798
200.2,22.1793
200.21,22.1788
200.22,22.1784
200.23,22.1779
200.24,22.1774
200.25,22.1769
200.26,22.1764
200.27,22.1759
200.28,22.1755
200.29,22.175
200.3,22.1745
200.31,22.174
200.32,22.1735
200.33,22.1731
200.34,22.1726
200.35,22.1721
200.36,22.1716
200.37,22.1711
200.38,22.1706
200.39,22.1702
200.4,22.1697
200.41,22.1692
200.42,22.1687
200.43,22.1682
200.44,22.1678
200.45,22.1673
200.46,22.1668
200.47,22.1663
200.48,22.1658
200.49,22.1654
200.5,22.1649
200.51,22.1644
200.52,22.1639
200.53,22.1634
200.54,22.163
200.55,22.1625
200.56,22.162
200.57,22.1615
200.58,22.161
200.59,22.1606
200.6,22.1601
200.61,22.1596
200.62,22.1591
200.63,22.1586
200.64,22.1582
200.65,22.1577
200.66,22.1572
200.67,22.1567
200.68,22.1563
200.69,22.1558
200.7,22.1553
200.71,22.1548
200.72,22.1543
200.73,22.1539
200.74,22.1534
200.75,22.1529
200.76,22.1524
200.77,22.152
200.78,22.1515
200.79,22.151
200.8,22.1505
200.81,22.1501
200.82,22.1496
200.83,22.1491
200.84,22.1486
200.85,22.1482
200.86,22.1477
200.87,22.1472
200.88,22.1467
200.89,22.1462
200.9,22.1458
200.91,22.1453
200.92,22.1448
200.93,22.1443
200.94,22.1439
200.95,22.1434
200.96,22.1429
200.97,22.1424
200.98,22.142
200.99,22.1415
201,22.141
201.01,22.1406
201.02,22.1401
201.03,22.1396
201.04,22.1391
201.05,22.1387
201.06,22.1382
201.07,22.1377
201.08,22.1372
201.09,22.1368
201.1,22.1363
201.11,22.1358
201.12,22.1353
201.13,22.1349
201.14,22.1344
201.15,22.1339
201.16,22.1335
201.17,22.133
201.18,22.1325
201.19,22.132
201.2,22.1316
201.21,22.1311
201.22,22.1306
201.23,22.1302
201.24,22.1297
201.25,22.1292
201.26,22.1287
201.27,22.1283
201.28,22.1278
201.29,22.1273
201.3,22.1269
201.31,22.1264
201.32,22.1259
201.33,22.1254
201.34,22.125
201.35,22.1245
201.36,22.124
201.37,22.1236
201.38,22.1231
201.39,22.1226
201.4,22.1222
201.41,22.1217
201.42,22.1212
201.43,22.1207
201.44,22.1203
201.45,22.1198
201.46,22.1193
201.47,22.1189
201.48,22.1184
201.49,22.1179
201.5,22.1175
201.51,22.117
201.52,22.1165
201.53,22.1161
201.54,22.1156
201.55,22.1151
201.56,22.1147
201.57,22.1142
201.58,22.1137
201.59,22.1133
201.6,22.1128
201.61,22.1123
201.62,22.1119
201.63,22.1114
201.64,22.1109
201.65,22.1105
201.66,22.11
201.67,22.1095
201.68,22.1091
201.69,22.1086
201.7,22.1081
201.71,22.1077
201.72,22.1072
201.73,22.1067
201.74,22.1063
201.75,22.1058
201.76,22.1053
201.77,22.1049
201.78,22.1044
201.79,22.1039
201.8,22.1035
201.81,22.103
201.82,22.1025
201.83,22.1021
201.84,22.1016
201.85,22.1011
201.86,22.1007
201.87,22.1002
201.88,22.0997
201.89,22.0993
201.9,22.0988
201.91,22.0984
201.92,22.0979
201.93,22.0974
201.94,22.097
201.95,22.0965
201.96,22.096
201.97,22.0956
201.98,22.0951
201.99,22.0946
202,22.0942
202.01,22.0937
202.02,22.0933
202.03,22.0928
202.04,22.0923
202.05,22.0919
202.06,22.0914
202.07,22.0909
202.08,22.0905
202.09,22.09
202.1,22.0896
202.11,22.0891
202.12,22.0886
202.13,22.0882
202.14,22.0877
202.15,22.0873
202.16,22.0868
202.17,22.0863
202.18,22.0859
202.19,22.0854
202.2,22.085
202.21,22.0845
202.22,22.084
202.23,22.0836
202.24,22.0831
202.25,22.0827
202.26,22.0822
202.27,22.0817
202.28,22.0813
202.29,22.0808
202.3,22.0804
202.31,22.0799
202.32,22.0794
202.33,22.079
202.34,22.0785
202.35,22.0781
202.36,22.0776
202.37,22.0771
202.38,22.0767
202.39,22.0762
202.4,22.0758
202.41,22.0753
202.42,22.0748
202.43,22.0744
202.44,22.0739
202.45,22.0735
202.46,22.073
202.47,22.0726
202.48,22.0721
202.49,22.0716
202.5,22.0712
202.51,22.0707
202.52,22.0703
202.53,22.0698
202.54,22.0694
202.55,22.0689
202.56,22.0684
202.57,22.068
202.58,22.0675
202.59,22.0671
202.6,22.0666
202.61,22.0662
202.62,22.0657
202.63,22.0653
202.64,22.0648
202.65,22.0643
202.66,22.0639
202.67,22.0634
202.68,22.063
202.69,22.0625
202.7,22.0621
202.71,22.0616
202.72,22.0612
202.73,22.0607
202.74,22.0602
202.75,22.0598
202.76,22.0593
202.77,22.0589
202.78,22.0584
202.79,22.058
202.8,22.0575
202.81,22.0571
202.82,22.0566
202.83,22.0562
202.84,22.0557
202.85,22.0553
202.86,22.0548
202.87,22.0543
202.88,22.0539
202.89,22.0534
202.9,22.053
202.91,22.0525
202.92,22.0521
202.93,22.0516
202.94,22.0512
202.95,22.0507
202.96,22.0503
202.97,22.0498
202.98,22.0494
202.99,22.0489
203,22.0485
203.01,22.048
203.02,22.0476
203.03,22.0471
203.04,22.0467
203.05,22.0462
203.06,22.0458
203.07,22.0453
203.08,22.0449
203.09,22.0444
203.1,22.044
203.11,22.0435
203.12,22.0431
203.13,22.0426
203.14,22.0422
203.15,22.0417
203.16,22.0413
203.17,22.0408
203.18,22.0404
203.19,22.0399
203.2,22.0395
203.21,22.039
203.22,22.0386
203.23,22.0381
203.24,22.0377
203.25,22.0372
203.26,22.0368
203.27,22.0363
203.28,22.0359
203.29,22.0354
203.3,22.035
203.31,22.0345
203.32,22.0341
203.33,22.0336
203.34,22.0332
203.35,22.0327
203.36,22.0323
203.37,22.0318
203.38,22.0314
203.39,22.0309
203.4,22.0305
203.41,22.03
203.42,22.0296
203.43,22.0291
203.44,22.0287
203.45,22.0282
203.46,22.0278
203.47,22.0274
203.48,22.0269
203.49,22.0265
203.5,22.026
203.51,22.0256
203.52,22.0251
203.53,22.0247
203.54,22.0242
203.55,22.0238
203.56,22.0233
203.57,22.0229
203.58,22.0224
203.59,22.022
203.6,22.0216
203.61,22.0211
203.62,22.0207
203.63,22.0202
203.64,22.0198
203.65,22.0193
203.66,22.0189
203.67,22.0184
203.68,22.018
203.69,22.0176
203.7,22.0171
203.71,22.0167
203.72,22.0162
203.73,22.0158
203.74,22.0153
203.75,22.0149
203.76,22.0144
203.77,22.014
203.78,22.0136
203.79,22.0131
203.8,22.0127
203.81,22.0122
203.82,22.0118
203.83,22.0113
203.84,22.0109
203.85,22.0105
203.86,22.01
203.87,22.0096
203.88,22.0091
203.89,22.0087
203.9,22.0082
203.91,22.0078
203.92,22.0074
203.93,22.0069
203.94,22.0065
203.95,22.006
203.96,22.0056
203.97,22.0052
203.98,22.0047
203.99,22.0043
204,22.0038
204.01,22.0034
204.02,22.003
204.03,22.0025
204.04,22.0021
204.05,22.0016
204.06,22.0012
204.07,22.0007
204.08,22.0003
204.09,21.9999
204.1,21.9994
204.11,21.999
204.12,21.9986
204.13,21.9981
204.14,21.9977
204.15,21.9972
204.16,21.9968
204.17,21.9964
204.18,21.9959
204.19,21.9955
204.2,21.995
204.21,21.9946
204.22,21.9942
204.23,21.9937
204.24,21.9933
204.25,21.9928
204.26,21.9924
204.27,21.992
204.28,21.9915
204.29,21.9911
204.3,21.9907
204.31,21.9902
204.32,21.9898
204.33,21.9893
204.34,21.9889
204.35,21.9885
204.36,21.988
204.37,21.9876
204.38,21.9872
204.39,21.9867
204.4,21.9863
204.41,21.9858
204.42,21.9854
204.43,21.985
204.44,21.9845
204.45,21.9841
204.46,21.9837
204.47,21.9832
204.48,21.9828
204.49,21.9824
204.5,21.9819
204.51,21.9815
204.52,21.981
204.53,21.9806
204.54,21.9802
204.55,21.9797
204.56,21.9793
204.57,21.9789
204.58,21.9784
204.59,21.978
204.6,21.9776
204.61,21.9771
204.62,21.9767
204.63,21.9763
204.64,21.9758
204.65,21.9754
204.66,21.975
204.67,21.9745
204.68,21.9741
204.69,21.9737
204.7,21.9732
204.71,21.9728
204.72,21.9724
204.73,21.9719
204.74,21.9715
204.75,21.9711
204.76,21.9706
204.77,21.9702
204.78,21.9698
204.79,21.9693
204.8,21.9689
204.81,21.9685
204.82,21.968
204.83,21.9676
204.84,21.9672
204.85,21.9667
204.86,21.9663
204.87,21.9659
204.88,21.9654
204.89,21.965
204.9,21.9646
204.91,21.9641
204.92,21.9637
204.93,21.9633
204.94,21.9628
204.95,21.9624
204.96,21.962
204.97,21.9616
204.98,21.9611
204.99,21.9607
205,21.9603
205.01,21.9598
205.02,21.9594
205.03,21.959
205.04,21.9585
205.05,21.9581
205.06,21.9577
205.07,21.9573
205.08,21.9568
205.09,21.9564
205.1,21.956
205.11,21.9555
205.12,21.9551
205.13,21.9547
205.14,21.9542
205.15,21.9538
205.16,21.9534
205.17,21.953
205.18,21.9525
205.19,21.9521
205.2,21.9517
205.21,21.9512
205.22,21.9508
205.23,21.9504
205.24,21.95
205.25,21.9495
205.26,21.9491
205.27,21.9487
205.28,21.9482
205.29,21.9478
205.3,21.9474
205.31,21.947
205.32,21.9465
205.33,21.9461
205.34,21.9457
205.35,21.9453
205.36,21.9448
205.37,21.9444
205.38,21.944
205.39,21.9435
205.4,21.9431
205.41,21.9427
205.42,21.9423
205.43,21.9418
205.44,21.9414
205.45,21.941
205.46,21.9406
205.47,21.9401
205.48,21.9397
205.49,21.9393
205.5,21.9389
205.51,21.9384
205.52,21.938
205.53,21.9376
205.54,21.9372
205.55,21.9367
205.56,21.9363
205.57,21.9359
205.58,21.9355
205.59,21.935
205.6,21.9346
205.61,21.9342
205.62,21.9338
205.63,21.9333
205.64,21.9329
205.65,21.9325
205.66,21.9321
205.67,21.9316
205.68,21.9312
205.69,21.9308
205.7,21.9304
205.71,21.93
205.72,21.9295
205.73,21.9291
205.74,21.9287
205.75,21.9283
205.76,21.9278
205.77,21.9274
205.78,21.927
205.79,21.9266
205.8,21.9261
205.81,21.9257
205.82,21.9253
205.83,21.9249
205.84,21.9245
205.85,21.924
205.86,21.9236
205.87,21.9232
205.88,21.9228
205.89,21.9223
205.9,21.9219
205.91,21.9215
205.92,21.9211
205.93,21.9207
205.94,21.9202
205.95,21.9198
205.96,21.9194
205.97,21.919
205.98,21.9186
205.99,21.9181
206,21.9177
206.01,21.9173
206.02,21.9169
206.03,21.9165
206.04,21.916
206.05,21.9156
206.06,21.9152
206.07,21.9148
206.08,21.9144
206.09,21.9139
206.1,21.9135
206.11,21.9131
206.12,21.9127
206.13,21.9123
206.14,21.9118
206.15,21.9114
206.16,21.911
206.17,21.9106
206.18,21.9102
206.19,21.9097
206.2,21.9093
206.21,21.9089
206.22,21.9085
206.23,21.9081
206.24,21.9077
206.25,21.9072
206.26,21.9068
206.27,21.9064
206.28,21.906
206.29,21.9056
206.3,21.9052
206.31,21.9047
206.32,21.9043
206.33,21.9039
206.34,21.9035
206.35,21.9031
206.36,21.9027
206.37,21.9022
206.38,21.9018
206.39,21.9014
206.4,21.901
206.41,21.9006
206.42,21.9002
206.43,21.8997
206.44,21.8993
206.45,21.8989
206.46,21.8985
206.47,21.8981
206.48,21.8977
206.49,21.8972
206.5,21.8968
206.51,21.8964
206.52,21.896
206.53,21.8956
206.54,21.8952
206.55,21.8947
206.56,21.8943
206.57,21.8939
206.58,21.8935
206.59,21.8931
206.6,21.8927
206.61,21.8923
206.62,21.8918
206.63,21.8914
206.64,21.891
206.65,21.8906
206.66,21.8902
206.67,21.8898
206.68,21.8894
206.69,21.889
206.7,21.8885
206.71,21.8881
206.72,21.8877
206.73,21.8873
206.74,21.8869
206.75,21.8865
206.76,21.8861
206.77,21.8856
206.78,21.8852
206.79,21.8848
206.8,21.8844
206.81,21.884
206.82,21.8836
206.83,21.8832
206.84,21.8828
206.85,21.8823
206.86,21.8819
206.87,21.8815
206.88,21.8811
206.89,21.8807
206.9,21.8803
206.91,21.8799
206.92,21.8795
206.93,21.8791
206.94,21.8786
206.95,21.8782
206.96,21.8778
206.97,21.8774
206.98,21.877
206.99,21.8766
207,21.8762
207.01,21.8758
207.02,21.8754
207.03,21.8749
207.04,21.8745
207.05,21.8741
207.06,21.8737
207.07,21.8733
207.08,21.8729
207.09,21.8725
207.1,21.8721
207.11,21.8717
207.12,21.8713
207.13,21.8709
207.14,21.8704
207.15,21.87
207.16,21.8696
207.17,21.8692
207.18,21.8688
207.19,21.8684
207.2,21.868
207.21,21.8676
207.22,21.8672
207.23,21.8668
207.24,21.8664
207.25,21.8659
207.26,21.8655
207.27,21.8651
207.28,21.8647
207.29,21.8643
207.3,21.8639
207.31,21.8635
207.32,21.8631
207.33,21.8627
207.34,21.8623
207.35,21.8619
207.36,21.8615
207.37,21.8611
207.38,21.8606
207.39,21.8602
207.4,21.8598
207.41,21.8594
207.42,21.859
207.43,21.8586
207.44,21.8582
207.45,21.8578
207.46,21.8574
207.47,21.857
207.48,21.8566
207.49,21.8562
207.5,21.8558
207.51,21.8554
207.52,21.855
207.53,21.8546
207.54,21.8542
207.55,21.8537
207.56,21.8533
207.57,21.8529
207.58,21.8525
207.59,21.8521
207.6,21.8517
207.61,21.8513
207.62,21.8509
207.63,21.8505
207.64,21.8501
207.65,21.8497
207.66,21.8493
207.67,21.8489
207.68,21.8485
207.69,21.8481
207.7,21.8477
207.71,21.8473
207.72,21.8469
207.73,21.8465
207.74,21.8461
207.75,21.8457
207.76,21.8453
207.77,21.8449
207.78,21.8445
207.79,21.8441
207.8,21.8436
207.81,21.8432
207.82,21.8428
207.83,21.8424
207.84,21.842
207.85,21.8416
207.86,21.8412
207.87,21.8408
207.88,21.8404
207.89,21.84
207.9,21.8396
207.91,21.8392
207.92,21.8388
207.93,21.8384
207.94,21.838
207.95,21.8376
207.96,21.8372
207.97,21.8368
207.98,21.8364
207.99,21.836
208,21.8356
208.01,21.8352
208.02,21.8348
208.03,21.8344
208.04,21.834
208.05,21.8336
208.06,21.8332
208.07,21.8328
208.08,21.8324
208.09,21.832
208.1,21.8316
208.11,21.8312
208.12,21.8308
208.13,21.8304
208.14,21.83
208.15,21.8296
208.16,21.8292
208.17,21.8288
208.18,21.8284
208.19,21.828
208.2,21.8276
208.21,21.8272
208.22,21.8268
208.23,21.8264
208.24,21.826
208.25,21.8256
208.26,21.8252
208.27,21.8248
208.28,21.8244
208.29,21.824
208.3,21.8236
208.31,21.8232
208.32,21.8228
208.33,21.8224
208.34,21.822
208.35,21.8216
208.36,21.8212
208.37,21.8208
208.38,21.8204
208.39,21.8201
208.4,21.8197
208.41,21.8193
208.42,21.8189
208.43,21.8185
208.44,21.8181
208.45,21.8177
208.46,21.8173
208.47,21.8169
208.48,21.8165
208.49,21.8161
208.5,21.8157
208.51,21.8153
208.52,21.8149
208.53,21.8145
208.54,21.8141
208.55,21.8137
208.56,21.8133
208.57,21.8129
208.58,21.8125
208.59,21.8121
208.6,21.8117
208.61,21.8113
208.62,21.8109
208.63,21.8105
208.64,21.8102
208.65,21.8098
208.66,21.8094
208.67,21.809
208.68,21.8086
208.69,21.8082
208.7,21.8078
208.71,21.8074
208.72,21.807
208.73,21.8066
208.74,21.8062
208.75,21.8058
208.76,21.8054
208.77,21.805
208.78,21.8046
208.79,21.8042
208.8,21.8038
208.81,21.8035
208.82,21.8031
208.83,21.8027
208.84,21.8023
208.85,21.8019
208.86,21.8015
208.87,21.8011
208.88,21.8007
208.89,21.8003
208.9,21.7999
208.91,21.7995
208.92,21.7991
208.93,21.7987
208.94,21.7983
208.95,21.798
208.96,21.7976
208.97,21.7972
208.98,21.7968
208.99,21.7964
209,21.796
209.01,21.7956
209.02,21.7952
209.03,21.7948
209.04,21.7944
209.05,21.794
209.06,21.7936
209.07,21.7933
209.08,21.7929
209.09,21.7925
209.1,21.7921
209.11,21.7917
209.12,21.7913
209.13,21.7909
209.14,21.7905
209.15,21.7901
209.16,21.7897
209.17,21.7894
209.18,21.789
209.19,21.7886
209.2,21.7882
209.21,21.7878
209.22,21.7874
209.23,21.787
209.24,21.7866
209.25,21.7862
209.26,21.7858
209.27,21.7855
209.28,21.7851
209.29,21.7847
209.3,21.7843
209.31,21.7839
209.32,21.7835
209.33,21.7831
209.34,21.7827
209.35,21.7824
209.36,21.782
209.37,21.7816
209.38,21.7812
209.39,21.7808
209.4,21.7804
209.41,21.78
209.42,21.7796
209.43,21.7792
209.44,21.7789
209.45,21.7785
209.46,21.7781
209.47,21.7777
209.48,21.7773
209.49,21.7769
209.5,21.7765
209.51,21.7761
209.52,21.7758
209.53,21.7754
209.54,21.775
209.55,21.7746
209.56,21.7742
209.57,21.7738
209.58,21.7734
209.59,21.7731
209.6,21.7727
209.61,21.7723
209.62,21.7719
209.63,21.7715
209.64,21.7711
209.65,21.7707
209.66,21.7704
209.67,21.77
209.68,21.7696
209.69,21.7692
209.7,21.7688
209.71,21.7684
209.72,21.768
209.73,21.7677
209.74,21.7673
209.75,21.7669
209.76,21.7665
209.77,21.7661
209.78,21.7657
209.79,21.7654
209.8,21.765
209.81,21.7646
209.82,21.7642
209.83,21.7638
209.84,21.7634
209.85,21.7631
209.86,21.7627
209.87,21.7623
209.88,21.7619
209.89,21.7615
209.9,21.7611
209.91,21.7607
209.92,21.7604
209.93,21.76
209.94,21.7596
209.95,21.7592
209.96,21.7588
209.97,21.7585
209.98,21.7581
209.99,21.7577
210,21.7573
210.01,21.7569
210.02,21.7565
210.03,21.7562
210.04,21.7558
210.05,21.7554
210.06,21.755
210.07,21.7546
210.08,21.7542
210.09,21.7539
210.1,21.7535
210.11,21.7531
210.12,21.7527
210.13,21.7523
210.14,21.752
210.15,21.7516
210.16,21.7512
210.17,21.7508
210.18,21.7504
210.19,21.7501
210.2,21.7497
210.21,21.7493
210.22,21.7489
210.23,21.7485
210.24,21.7482
210.25,21.7478
210.26,21.7474
210.27,21.747
210.28,21.7466
210.29,21.7463
210.3,21.7459
210.31,21.7455
210.32,21.7451
210.33,21.7447
210.34,21.7444
210.35,21.744
210.36,21.7436
210.37,21.7432
210.38,21.7428
210.39,21.7425
210.4,21.7421
210.41,21.7417
210.42,21.7413
210.43,21.7409
210.44,21.7406
210.45,21.7402
210.46,21.7398
210.47,21.7394
210.48,21.7391
210.49,21.7387
210.5,21.7383
210.51,21.7379
210.52,21.7375
210.53,21.7372
210.54,21.7368
210.55,21.7364
210.56,21.736
210.57,21.7357
210.58,21.7353
210.59,21.7349
210.6,21.7345
210.61,21.7341
210.62,21.7338
210.63,21.7334
210.64,21.733
210.65,21.7326
210.66,21.7323
210.67,21.7319
210.68,21.7315
210.69,21.7311
210.7,21.7308
210.71,21.7304
210.72,21.73
210.73,21.7296
210.74,21.7293
210.75,21.7289
210.76,21.7285
210.77,21.7281
210.78,21.7277
210.79,21.7274
210.8,21.727
210.81,21.7266
210.82,21.7262
210.83,21.7259
210.84,21.7255
210.85,21.7251
210.86,21.7247
210.87,21.7244
210.88,21.724
210.89,21.7236
210.9,21.7233
210.91,21.7229
210.92,21.7225
210.93,21.7221
210.94,21.7218
210.95,21.7214
210.96,21.721
210.97,21.7206
210.98,21.7203
210.99,21.7199
211,21.7195
211.01,21.7191
211.02,21.7188
211.03,21.7184
211.04,21.718
211.05,21.7176
211.06,21.7173
211.07,21.7169
211.08,21.7165
211.09,21.7162
211.1,21.7158
211.11,21.7154
211.12,21.715
211.13,21.7147
211.14,21.7143
211.15,21.7139
211.16,21.7135
211.17,21.7132
211.18,21.7128
211.19,21.7124
211.2,21.7121
211.21,21.7117
211.22,21.7113
211.23,21.7109
211.24,21.7106
211.25,21.7102
211.26,21.7098
211.27,21.7095
211.28,21.7091
211.29,21.7087
211.3,21.7083
211.31,21.708
211.32,21.7076
211.33,21.7072
211.34,21.7069
211.35,21.7065
211.36,21.7061
211.37,21.7058
211.38,21.7054
211.39,21.705
211.4,21.7046
211.41,21.7043
211.42,21.7039
211.43,21.7035
211.44,21.7032
211.45,21.7028
211.46,21.7024
211.47,21.7021
211.48,21.7017
211.49,21.7013
211.5,21.7009
211.51,21.7006
211.52,21.7002
211.53,21.6998
211.54,21.6995
211.55,21.6991
211.56,21.6987
211.57,21.6984
211.58,21.698
211.59,21.6976
211.6,21.6973
211.61,21.6969
211.62,21.6965
211.63,21.6962
211.64,21.6958
211.65,21.6954
211.66,21.695
211.67,21.6947
211.68,21.6943
211.69,21.6939
211.7,21.6936
211.71,21.6932
211.72,21.6928
211.73,21.6925
211.74,21.6921
211.75,21.6917
211.76,21.6914
211.77,21.691
211.78,21.6906
211.79,21.6903
211.8,21.6899
211.81,21.6895
211.82,21.6892
211.83,21.6888
211.84,21.6884
211.85,21.6881
211.86,21.6877
211.87,21.6873
211.88,21.687
211.89,21.6866
211.9,21.6862
211.91,21.6859
211.92,21.6855
211.93,21.6852
211.94,21.6848
211.95,21.6844
211.96,21.6841
211.97,21.6837
211.98,21.6833
211.99,21.683
212,21.6826
212.01,21.6822
212.02,21.6819
212.03,21.6815
212.04,21.6811
212.05,21.6808
212.06,21.6804
212.07,21.68
212.08,21.6797
212.09,21.6793
212.1,21.6789
212.11,21.6786
212.12,21.6782
212.13,21.6779
212.14,21.6775
212.15,21.6771
212.16,21.6768
212.17,21.6764
212.18,21.676
212.19,21.6757
212.2,21.6753
212.21,21.675
212.22,21.6746
212.23,21.6742
212.24,21.6739
212.25,21.6735
212.26,21.6731
212.27,21.6728
212.28,21.6724
212.29,21.672
212.3,21.6717
212.31,21.6713
212.32,21.671
212.33,21.6706
212.34,21.6702
212.35,21.6699
212.36,21.6695
212.37,21.6692
212.38,21.6688
212.39,21.6684
212.4,21.6681
212.41,21.6677
212.42,21.6673
212.43,21.667
212.44,21.6666
212.45,21.6663
212.46,21.6659
212.47,21.6655
212.48,21.6652
212.49,21.6648
212.5,21.6645
212.51,21.6641
212.52,21.6637
212.53,21.6634
212.54,21.663
212.55,21.6627
212.56,21.6623
212.57,21.6619
212.58,21.6616
212.59,21.6612
212.6,21.6609
212.61,21.6605
212.62,21.6601
212.63,21.6598
212.64,21.6594
212.65,21.6591
212.66,21.6587
212.67,21.6583
212.68,21.658
212.69,21.6576
212.7,21.6573
212.71,21.6569
212.72,21.6565
212.73,21.6562
212.74,21.6558
212.75,21.6555
212.76,21.6551
212.77,21.6547
212.78,21.6544
212.79,21.654
212.8,21.6537
212.81,21.6533
212.82,21.653
212.83,21.6526
212.84,21.6522
212.85,21.6519
212.86,21.6515
212.87,21.6512
212.88,21.6508
212.89,21.6505
212.9,21.6501
212.91,21.6497
212.92,21.6494
212.93,21.649
212.94,21.6487
212.95,21.6483
212.96,21.648
212.97,21.6476
212.98,21.6472
212.99,21.6469
213,21.6465
213.01,21.6462
213.02,21.6458
213.03,21.6455
213.04,21.6451
213.05,21.6447
213.06,21.6444
213.07,21.644
213.08,21.6437
213.09,21.6433
213.1,21.643
213.11,21.6426
213.12,21.6423
213.13,21.6419
213.14,21.6415
213.15,21.6412
213.16,21.6408
213.17,21.6405
213.18,21.6401
213.19,21.6398
213.2,21.6394
213.21,21.6391
213.22,21.6387
213.23,21.6384
213.24,21.638
213.25,21.6376
213.26,21.6373
213.27,21.6369
213.28,21.6366
213.29,21.6362
213.3,21.6359
213.31,21.6355
213.32,21.6352
213.33,21.6348
213.34,21.6345
213.35,21.6341
213.36,21.6338
213.37,21.6334
213.38,21.633
213.39,21.6327
213.4,21.6323
213.41,21.632
213.42,21.6316
213.43,21.6313
213.44,21.6309
213.45,21.6306
213.46,21.6302
213.47,21.6299
213.48,21.6295
213.49,21.6292
213.5,21.6288
213.51,21.6285
213.52,21.6281
213.53,21.6278
213.54,21.6274
213.55,21.627
213.56,21.6267
213.57,21.6263
213.58,21.626
213.59,21.6256
213.6,21.6253
213.61,21.6249
213.62,21.6246
213.63,21.6242
213.64,21.6239
213.65,21.6235
213.66,21.6232
213.67,21.6228
213.68,21.6225
213.69,21.6221
213.7,21.6218
213.71,21.6214
213.72,21.6211
213.73,21.6207
213.74,21.6204
213.75,21.62
213.76,21.6197
213.77,21.6193
213.78,21.619
213.79,21.6186
213.8,21.6183
213.81,21.6179
213.82,21.6176
213.83,21.6172
213.84,21.6169
213.85,21.6165
213.86,21.6162
213.87,21.6158
213.88,21.6155
213.89,21.6151
213.9,21.6148
213.91,21.6144
213.92,21.6141
213.93,21.6137
213.94,21.6134
213.95,21.613
213.96,21.6127
213.97,21.6123
213.98,21.612
213.99,21.6116
214,21.6113
214.01,21.6109
214.02,21.6106
214.03,21.6103
214.04,21.6099
214.05,21.6096
214.06,21.6092
214.07,21.6089
214.08,21.6085
214.09,21.6082
214.1,21.6078
214.11,21.6075
214.12,21.6071
214.13,21.6068
214.14,21.6064
214.15,21.6061
214.16,21.6057
214.17,21.6054
214.18,21.605
214.19,21.6047
214.2,21.6043
214.21,21.604
214.22,21.6037
214.23,21.6033
214.24,21.603
214.25,21.6026
214.26,21.6023
214.27,21.6019
214.28,21.6016
214.29,21.6012
214.3,21.6009
214.31,21.6005
214.32,21.6002
214.33,21.5998
214.34,21.5995
214.35,21.5992
214.36,21.5988
214.37,21.5985
214.38,21.5981
214.39,21.5978
214.4,21.5974
214.41,21.5971
214.42,21.5967
214.43,21.5964
214.44,21.596
214.45,21.5957
214.46,21.5954
214.47,21.595
214.48,21.5947
214.49,21.5943
214.5,21.594
214.51,21.5936
214.52,21.5933
214.53,21.593
214.54,21.5926
214.55,21.5923
214.56,21.5919
214.57,21.5916
214.58,21.5912
214.59,21.5909
214.6,21.5905
214.61,21.5902
214.62,21.5899
214.63,21.5895
214.64,21.5892
214.65,21.5888
214.66,21.5885
214.67,21.5881
214.68,21.5878
214.69,21.5875
214.7,21.5871
214.71,21.5868
214.72,21.5864
214.73,21.5861
214.74,21.5857
214.75,21.5854
214.76,21.5851
214.77,21.5847
214.78,21.5844
214.79,21.584
214.8,21.5837
214.81,21.5833
214.82,21.583
214.83,21.5827
214.84,21.5823
214.85,21.582
214.86,21.5816
214.87,21.5813
214.88,21.581
214.89,21.5806
214.9,21.5803
214.91,21.5799
214.92,21.5796
214.93,21.5793
214.94,21.5789
214.95,21.5786
214.96,21.5782
214.97,21.5779
214.98,21.5776
214.99,21.5772
215,21.5769
215.01,21.5765
215.02,21.5762
215.03,21.5758
215.04,21.5755
215.05,21.5752
215.06,21.5748
215.07,21.5745
215.08,21.5741
215.09,21.5738
215.1,21.5735
215.11,21.5731
215.12,21.5728
215.13,21.5725
215.14,21.5721
215.15,21.5718
215.16,21.5714
215.17,21.5711
215.18,21.5708
215.19,21.5704
215.2,21.5701
215.21,21.5697
215.22,21.5694
215.23,21.5691
215.24,21.5687
215.25,21.5684
215.26,21.568
215.27,21.5677
215.28,21.5674
215.29,21.567
215.3,21.5667
215.31,21.5664
215.32,21.566
215.33,21.5657
215.34,21.5653
215.35,21.565
215.36,21.5647
215.37,21.5643
215.38,21.564
215.39,21.5637
215.4,21.5633
215.41,21.563
215.42,21.5626
215.43,21.5623
215.44,21.562
215.45,21.5616
215.46,21.5613
215.47,21.561
215.48,21.5606
215.49,21.5603
215.5,21.56
215.51,21.5596
215.52,21.5593
215.53,21.5589
215.54,21.5586
215.55,21.5583
215.56,21.5579
215.57,21.5576
215.58,21.5573
215.59,21.5569
215.6,21.5566
215.61,21.5563
215.62,21.5559
215.63,21.5556
215.64,21.5553
215.65,21.5549
215.66,21.5546
215.67,21.5542
215.68,21.5539
215.69,21.5536
215.7,21.5532
215.71,21.5529
215.72,21.5526
215.73,21.5522
215.74,21.5519
215.75,21.5516
215.76,21.5512
215.77,21.5509
215.78,21.5506
215.79,21.5502
215.8,21.5499
215.81,21.5496
215.82,21.5492
215.83,21.5489
215.84,21.5486
215.85,21.5482
215.86,21.5479
215.87,21.5476
215.88,21.5472
215.89,21.5469
215.9,21.5466
215.91,21.5462
215.92,21.5459
215.93,21.5456
215.94,21.5452
215.95,21.5449
215.96,21.5446
215.97,21.5442
215.98,21.5439
215.99,21.5436
216,21.5432
216.01,21.5429
216.02,21.5426
216.03,21.5422
216.04,21.5419
216.05,21.5416
216.06,21.5412
216.07,21.5409
216.08,21.5406
216.09,21.5402
216.1,21.5399
216.11,21.5396
216.12,21.5392
216.13,21.5389
216.14,21.5386
216.15,21.5383
216.16,21.5379
216.17,21.5376
216.18,21.5373
216.19,21.5369
216.2,21.5366
216.21,21.5363
216.22,21.5359
216.23,21.5356
216.24,21.5353
216.25,21.5349
216.26,21.5346
216.27,21.5343
216.28,21.534
216.29,21.5336
216.3,21.5333
216.31,21.533
216.32,21.5326
216.33,21.5323
216.34,21.532
216.35,21.5316
216.36,21.5313
216.37,21.531
216.38,21.5307
216.39,21.5303
216.4,21.53
216.41,21.5297
216.42,21.5293
216.43,21.529
216.44,21.5287
216.45,21.5283
216.46,21.528
216.47,21.5277
216.48,21.5274
216.49,21.527
216.5,21.5267
216.51,21.5264
216.52,21.526
216.53,21.5257
216.54,21.5254
216.55,21.5251
216.56,21.5247
216.57,21.5244
216.58,21.5241
216.59,21.5237
216.6,21.5234
216.61,21.5231
216.62,21.5228
216.63,21.5224
216.64,21.5221
216.65,21.5218
216.66,21.5215
216.67,21.5211
216.68,21.5208
216.69,21.5205
216.7,21.5201
216.71,21.5198
216.72,21.5195
216.73,21.5192
216.74,21.5188
216.75,21.5185
216.76,21.5182
216.77,21.5179
216.78,21.5175
216.79,21.5172
216.8,21.5169
216.81,21.5165
216.82,21.5162
216.83,21.5159
216.84,21.5156
216.85,21.5152
216.86,21.5149
216.87,21.5146
216.88,21.5143
216.89,21.5139
216.9,21.5136
216.91,21.5133
216.92,21.513
216.93,21.5126
216.94,21.5123
216.95,21.512
216.96,21.5117
216.97,21.5113
216.98,21.511
216.99,21.5107
217,21.5104
217.01,21.51
217.02,21.5097
217.03,21.5094
217.04,21.5091
217.05,21.5087
217.06,21.5084
217.07,21.5081
217.08,21.5078
217.09,21.5074
217.1,21.5071
217.11,21.5068
217.12,21.5065
217.13,21.5061
217.14,21.5058
217.15,21.5055
217.16,21.5052
217.17,21.5049
217.18,21.5045
217.19,21.5042
217.2,21.5039
217.21,21.5036
217.22,21.5032
217.23,21.5029
217.24,21.5026
217.25,21.5023
217.26,21.5019
217.27,21.5016
217.28,21.5013
217.29,21.501
217.3,21.5006
217.31,21.5003
217.32,21.5
217.33,21.4997
217.34,21.4994
217.35,21.499
217.36,21.4987
217.37,21.4984
217.38,21.4981
217.39,21.4977
217.4,21.4974
217.41,21.4971
217.42,21.4968
217.43,21.4965
217.44,21.4961
217.45,21.4958
217.46,21.4955
217.47,21.4952
217.48,21.4949
217.49,21.4945
217.5,21.4942
217.51,21.4939
217.52,21.4936
217.53,21.4932
217.54,21.4929
217.55,21.4926
217.56,21.4923
217.57,21.492
217.58,21.4916
217.59,21.4913
217.6,21.491
217.61,21.4907
217.62,21.4904
217.63,21.49
217.64,21.4897
217.65,21.4894
217.66,21.4891
217.67,21.4888
217.68,21.4884
217.69,21.4881
217.7,21.4878
217.71,21.4875
217.72,21.4872
217.73,21.4868
217.74,21.4865
217.75,21.4862
217.76,21.4859
217.77,21.4856
217.78,21.4852
217.79,21.4849
217.8,21.4846
217.81,21.4843
217.82,21.484
217.83,21.4837
217.84,21.4833
217.85,21.483
217.86,21.4827
217.87,21.4824
217.88,21.4821
217.89,21.4817
217.9,21.4814
217.91,21.4811
217.92,21.4808
217.93,21.4805
217.94,21.4801
217.95,21.4798
217.96,21.4795
217.97,21.4792
217.98,21.4789
217.99,21.4786
218,21.4782
218.01,21.4779
218.02,21.4776
218.03,21.4773
218.04,21.477
218.05,21.4767
218.06,21.4763
218.07,21.476
218.08,21.4757
218.09,21.4754
218.1,21.4751
218.11,21.4748
218.12,21.4744
218.13,21.4741
218.14,21.4738
218.15,21.4735
218.16,21.4732
218.17,21.4729
218.18,21.4725
218.19,21.4722
218.2,21.4719
218.21,21.4716
218.22,21.4713
218.23,21.471
218.24,21.4706
218.25,21.4703
218.26,21.47
218.27,21.4697
218.28,21.4694
218.29,21.4691
218.3,21.4687
218.31,21.4684
218.32,21.4681
218.33,21.4678
218.34,21.4675
218.35,21.4672
218.36,21.4669
218.37,21.4665
218.38,21.4662
218.39,21.4659
218.4,21.4656
218.41,21.4653
218.42,21.465
218.43,21.4647
218.44,21.4643
218.45,21.464
218.46,21.4637
218.47,21.4634
218.48,21.4631
218.49,21.4628
218.5,21.4625
218.51,21.4621
218.52,21.4618
218.53,21.4615
218.54,21.4612
218.55,21.4609
218.56,21.4606
218.57,21.4603
218.58,21.4599
218.59,21.4596
218.6,21.4593
218.61,21.459
218.62,21.4587
218.63,21.4584
218.64,21.4581
218.65,21.4578
218.66,21.4574
218.67,21.4571
218.68,21.4568
218.69,21.4565
218.7,21.4562
218.71,21.4559
218.72,21.4556
218.73,21.4553
218.74,21.4549
218.75,21.4546
218.76,21.4543
218.77,21.454
218.78,21.4537
218.79,21.4534
218.8,21.4531
218.81,21.4528
218.82,21.4524
218.83,21.4521
218.84,21.4518
218.85,21.4515
218.86,21.4512
218.87,21.4509
218.88,21.4506
218.89,21.4503
218.9,21.45
218.91,21.4496
218.92,21.4493
218.93,21.449
218.94,21.4487
218.95,21.4484
218.96,21.4481
218.97,21.4478
218.98,21.4475
218.99,21.4472
219,21.4468
219.01,21.4465
219.02,21.4462
219.03,21.4459
219.04,21.4456
219.05,21.4453
219.06,21.445
219.07,21.4447
219.08,21.4444
219.09,21.4441
219.1,21.4437
219.11,21.4434
219.12,21.4431
219.13,21.4428
219.14,21.4425
219.15,21.4422
219.16,21.4419
219.17,21.4416
219.18,21.4413
219.19,21.441
219.2,21.4407
219.21,21.4403
219.22,21.44
219.23,21.4397
219.24,21.4394
219.25,21.4391
219.26,21.4388
219.27,21.4385
219.28,21.4382
219.29,21.4379
219.3,21.4376
219.31,21.4373
219.32,21.437
219.33,21.4366
219.34,21.4363
219.35,21.436
219.36,21.4357
219.37,21.4354
219.38,21.4351
219.39,21.4348
219.4,21.4345
219.41,21.4342
219.42,21.4339
219.43,21.4336
219.44,21.4333
219.45,21.433
219.46,21.4326
219.47,21.4323
219.48,21.432
219.49,21.4317
219.5,21.4314
219.51,21.4311
219.52,21.4308
219.53,21.4305
219.54,21.4302
219.55,21.4299
219.56,21.4296
219.57,21.4293
219.58,21.429
219.59,21.4287
219.6,21.4284
219.61,21.4281
219.62,21.4277
219.63,21.4274
219.64,21.4271
219.65,21.4268
219.66,21.4265
219.67,21.4262
219.68,21.4259
219.69,21.4256
219.7,21.4253
219.71,21.425
219.72,21.4247
219.73,21.4244
219.74,21.4241
219.75,21.4238
219.76,21.4235
219.77,21.4232
219.78,21.4229
219.79,21.4226
219.8,21.4222
219.81,21.4219
219.82,21.4216
219.83,21.4213
219.84,21.421
219.85,21.4207
219.86,21.4204
219.87,21.4201
219.88,21.4198
219.89,21.4195
219.9,21.4192
219.91,21.4189
219.92,21.4186
219.93,21.4183
219.94,21.418
219.95,21.4177
219.96,21.4174
219.97,21.4171
219.98,21.4168
219.99,21.4165
220,21.4162
220.01,21.4159
220.02,21.4156
220.03,21.4153
220.04,21.415
220.05,21.4147
220.06,21.4143
220.07,21.414
220.08,21.4137
220.09,21.4134
220.1,21.4131
220.11,21.4128
220.12,21.4125
220.13,21.4122
220.14,21.4119
220.15,21.4116
220.16,21.4113
220.17,21.411
220.18,21.4107
220.19,21.4104
220.2,21.4101
220.21,21.4098
220.22,21.4095
220.23,21.4092
220.24,21.4089
220.25,21.4086
220.26,21.4083
220.27,21.408
220.28,21.4077
220.29,21.4074
220.3,21.4071
220.31,21.4068
220.32,21.4065
220.33,21.4062
220.34,21.4059
220.35,21.4056
220.36,21.4053
220.37,21.405
220.38,21.4047
220.39,21.4044
220.4,21.4041
220.41,21.4038
220.42,21.4035
220.43,21.4032
220.44,21.4029
220.45,21.4026
220.46,21.4023
220.47,21.402
220.48,21.4017
220.49,21.4014
220.5,21.4011
220.51,21.4008
220.52,21.4005
220.53,21.4002
220.54,21.3999
220.55,21.3996
220.56,21.3993
220.57,21.399
220.58,21.3987
220.59,21.3984
220.6,21.3981
220.61,21.3978
220.62,21.3975
220.63,21.3972
220.64,21.3969
220.65,21.3966
220.66,21.3963
220.67,21.396
220.68,21.3957
220.69,21.3954
220.7,21.3951
220.71,21.3948
220.72,21.3945
220.73,21.3942
220.74,21.3939
220.75,21.3936
220.76,21.3933
220.77,21.393
220.78,21.3927
220.79,21.3924
220.8,21.3921
220.81,21.3918
220.82,21.3915
220.83,21.3912
220.84,21.3909
220.85,21.3906
220.86,21.3903
220.87,21.39
220.88,21.3897
220.89,21.3894
220.9,21.3891
220.91,21.3888
220.92,21.3886
220.93,21.3883
220.94,21.388
220.95,21.3877
220.96,21.3874
220.97,21.3871
220.98,21.3868
220.99,21.3865
221,21.3862
221.01,21.3859
221.02,21.3856
221.03,21.3853
221.04,21.385
221.05,21.3847
221.06,21.3844
221.07,21.3841
221.08,21.3838
221.09,21.3835
221.1,21.3832
221.11,21.3829
221.12,21.3826
221.13,21.3823
221.14,21.382
221.15,21.3817
221.16,21.3814
221.17,21.3811
221.18,21.3809
221.19,21.3806
221.2,21.3803
221.21,21.38
221.22,21.3797
221.23,21.3794
221.24,21.3791
221.25,21.3788
221.26,21.3785
221.27,21.3782
221.28,21.3779
221.29,21.3776
221.3,21.3773
221.31,21.377
221.32,21.3767
221.33,21.3764
221.34,21.3761
221.35,21.3758
221.36,21.3755
221.37,21.3753
221.38,21.375
221.39,21.3747
221.4,21.3744
221.41,21.3741
221.42,21.3738
221.43,21.3735
221.44,21.3732
221.45,21.3729
221.46,21.3726
221.47,21.3723
221.48,21.372
221.49,21.3717
221.5,21.3714
221.51,21.3711
221.52,21.3709
221.53,21.3706
221.54,21.3703
221.55,21.37
221.56,21.3697
221.57,21.3694
221.58,21.3691
221.59,21.3688
221.6,21.3685
221.61,21.3682
221.62,21.3679
221.63,21.3676
221.64,21.3673
221.65,21.367
221.66,21.3668
221.67,21.3665
221.68,21.3662
221.69,21.3659
221.7,21.3656
221.71,21.3653
221.72,21.365
221.73,21.3647
221.74,21.3644
221.75,21.3641
221.76,21.3638
221.77,21.3635
221.78,21.3633
221.79,21.363
221.8,21.3627
221.81,21.3624
221.82,21.3621
221.83,21.3618
221.84,21.3615
221.85,21.3612
221.86,21.3609
221.87,21.3606
221.88,21.3603
221.89,21.3601
221.9,21.3598
221.91,21.3595
221.92,21.3592
221.93,21.3589
221.94,21.3586
221.95,21.3583
221.96,21.358
221.97,21.3577
221.98,21.3574
221.99,21.3572
222,21.3569
222.01,21.3566
222.02,21.3563
222.03,21.356
222.04,21.3557
222.05,21.3554
222.06,21.3551
222.07,21.3548
222.08,21.3545
222.09,21.3543
222.1,21.354
222.11,21.3537
222.12,21.3534
222.13,21.3531
222.14,21.3528
222.15,21.3525
222.16,21.3522
222.17,21.3519
222.18,21.3517
222.19,21.3514
222.2,21.3511
222.21,21.3508
222.22,21.3505
222.23,21.3502
222.24,21.3499
222.25,21.3496
222.26,21.3494
222.27,21.3491
222.28,21.3488
222.29,21.3485
222.3,21.3482
222.31,21.3479
222.32,21.3476
222.33,21.3473
222.34,21.347
222.35,21.3468
222.36,21.3465
222.37,21.3462
222.38,21.3459
222.39,21.3456
222.4,21.3453
222.41,21.345
222.42,21.3448
222.43,21.3445
222.44,21.3442
222.45,21.3439
222.46,21.3436
222.47,21.3433
222.48,21.343
222.49,21.3427
222.5,21.3425
222.51,21.3422
222.52,21.3419
222.53,21.3416
222.54,21.3413
222.55,21.341
222.56,21.3407
222.57,21.3405
222.58,21.3402
222.59,21.3399
222.6,21.3396
222.61,21.3393
222.62,21.339
222.63,21.3387
222.64,21.3385
222.65,21.3382
222.66,21.3379
222.67,21.3376
222.68,21.3373
222.69,21.337
222.7,21.3367
222.71,21.3365
222.72,21.3362
222.73,21.3359
222.74,21.3356
222.75,21.3353
222.76,21.335
222.77,21.3347
222.78,21.3345
222.79,21.3342
222.8,21.3339
222.81,21.3336
222.82,21.3333
222.83,21.333
222.84,21.3328
222.85,21.3325
222.86,21.3322
222.87,21.3319
222.88,21.3316
222.89,21.3313
222.9,21.331
222.91,21.3308
222.92,21.3305
222.93,21.3302
222.94,21.3299
222.95,21.3296
222.96,21.3293
222.97,21.3291
222.98,21.3288
222.99,21.3285
223,21.3282
223.01,21.3279
223.02,21.3276
223.03,21.3274
223.04,21.3271
223.05,21.3268
223.06,21.3265
223.07,21.3262
223.08,21.3259
223.09,21.3257
223.1,21.3254
223.11,21.3251
223.12,21.3248
223.13,21.3245
223.14,21.3242
223.15,21.324
223.16,21.3237
223.17,21.3234
223.18,21.3231
223.19,21.3228
223.2,21.3226
223.21,21.3223
223.22,21.322
223.23,21.3217
223.24,21.3214
223.25,21.3211
223.26,21.3209
223.27,21.3206
223.28,21.3203
223.29,21.32
223.3,21.3197
223.31,21.3195
223.32,21.3192
223.33,21.3189
223.34,21.3186
223.35,21.3183
223.36,21.3181
223.37,21.3178
223.38,21.3175
223.39,21.3172
223.4,21.3169
223.41,21.3166
223.42,21.3164
223.43,21.3161
223.44,21.3158
223.45,21.3155
223.46,21.3152
223.47,21.315
223.48,21.3147
223.49,21.3144
223.5,21.3141
223.51,21.3138
223.52,21.3136
223.53,21.3133
223.54,21.313
223.55,21.3127
223.56,21.3124
223.57,21.3122
223.58,21.3119
223.59,21.3116
223.6,21.3113
223.61,21.311
223.62,21.3108
223.63,21.3105
223.64,21.3102
223.65,21.3099
223.66,21.3097
223.67,21.3094
223.68,21.3091
223.69,21.3088
223.7,21.3085
223.71,21.3083
223.72,21.308
223.73,21.3077
223.74,21.3074
223.75,21.3071
223.76,21.3069
223.77,21.3066
223.78,21.3063
223.79,21.306
223.8,21.3057
223.81,21.3055
223.82,21.3052
223.83,21.3049
223.84,21.3046
223.85,21.3044
223.86,21.3041
223.87,21.3038
223.88,21.3035
223.89,21.3032
223.9,21.303
223.91,21.3027
223.92,21.3024
223.93,21.3021
223.94,21.3019
223.95,21.3016
223.96,21.3013
223.97,21.301
223.98,21.3008
223.99,21.3005
224,21.3002
224.01,21.2999
224.02,21.2996
224.03,21.2994
224.04,21.2991
224.05,21.2988
224.06,21.2985
224.07,21.2983
224.08,21.298
224.09,21.2977
224.1,21.2974
224.11,21.2972
224.12,21.2969
224.13,21.2966
224.14,21.2963
224.15,21.296
224.16,21.2958
224.17,21.2955
224.18,21.2952
224.19,21.2949
224.2,21.2947
224.21,21.2944
224.22,21.2941
224.23,21.2938
224.24,21.2936
224.25,21.2933
224.26,21.293
224.27,21.2927
224.28,21.2925
224.29,21.2922
224.3,21.2919
224.31,21.2916
224.32,21.2914
224.33,21.2911
224.34,21.2908
224.35,21.2905
224.36,21.2903
224.37,21.29
224.38,21.2897
224.39,21.2894
224.4,21.2892
224.41,21.2889
224.42,21.2886
224.43,21.2883
224.44,21.2881
224.45,21.2878
224.46,21.2875
224.47,21.2872
224.48,21.287
224.49,21.2867
224.5,21.2864
224.51,21.2862
224.52,21.2859
224.53,21.2856
224.54,21.2853
224.55,21.2851
224.56,21.2848
224.57,21.2845
224.58,21.2842
224.59,21.284
224.6,21.2837
224.61,21.2834
224.62,21.2831
224.63,21.2829
224.64,21.2826
224.65,21.2823
224.66,21.2821
224.67,21.2818
224.68,21.2815
224.69,21.2812
224.7,21.281
224.71,21.2807
224.72,21.2804
224.73,21.2801
224.74,21.2799
224.75,21.2796
224.76,21.2793
224.77,21.2791
224.78,21.2788
224.79,21.2785
224.8,21.2782
224.81,21.278
224.82,21.2777
224.83,21.2774
224.84,21.2771
224.85,21.2769
224.86,21.2766
224.87,21.2763
224.88,21.2761
224.89,21.2758
224.9,21.2755
224.91,21.2752
224.92,21.275
224.93,21.2747
224.94,21.2744
224.95,21.2742
224.96,21.2739
224.97,21.2736
224.98,21.2734
224.99,21.2731
225,21.2728
225.01,21.2725
225.02,21.2723
225.03,21.272
225.04,21.2717
225.05,21.2715
225.06,21.2712
225.07,21.2709
225.08,21.2706
225.09,21.2704
225.1,21.2701
225.11,21.2698
225.12,21.2696
225.13,21.2693
225.14,21.269
225.15,21.2688
225.16,21.2685
225.17,21.2682
225.18,21.2679
225.19,21.2677
225.2,21.2674
225.21,21.2671
225.22,21.2669
225.23,21.2666
225.24,21.2663
225.25,21.2661
225.26,21.2658
225.27,21.2655
225.28,21.2653
225.29,21.265
225.3,21.2647
225.31,21.2644
225.32,21.2642
225.33,21.2639
225.34,21.2636
225.35,21.2634
225.36,21.2631
225.37,21.2628
225.38,21.2626
225.39,21.2623
225.4,21.262
225.41,21.2618
225.42,21.2615
225.43,21.2612
225.44,21.261
225.45,21.2607
225.46,21.2604
225.47,21.2601
225.48,21.2599
225.49,21.2596
225.5,21.2593
225.51,21.2591
225.52,21.2588
225.53,21.2585
225.54,21.2583
225.55,21.258
225.56,21.2577
225.57,21.2575
225.58,21.2572
225.59,21.2569
225.6,21.2567
225.61,21.2564
225.62,21.2561
225.63,21.2559
225.64,21.2556
225.65,21.2553
225.66,21.2551
225.67,21.2548
225.68,21.2545
225.69,21.2543
225.7,21.254
225.71,21.2537
225.72,21.2535
225.73,21.2532
225.74,21.2529
225.75,21.2527
225.76,21.2524
225.77,21.2521
225.78,21.2519
225.79,21.2516
225.8,21.2513
225.81,21.2511
225.82,21.2508
225.83,21.2505
225.84,21.2503
225.85,21.25
225.86,21.2497
225.87,21.2495
225.88,21.2492
225.89,21.2489
225.9,21.2487
225.91,21.2484
225.92,21.2482
225.93,21.2479
225.94,21.2476
225.95,21.2474
225.96,21.2471
225.97,21.2468
225.98,21.2466
225.99,21.2463
226,21.246
226.01,21.2458
226.02,21.2455
226.03,21.2452
226.04,21.245
226.05,21.2447
226.06,21.2444
226.07,21.2442
226.08,21.2439
226.09,21.2437
226.1,21.2434
226.11,21.2431
226.12,21.2429
226.13,21.2426
226.14,21.2423
226.15,21.2421
226.16,21.2418
226.17,21.2415
226.18,21.2413
226.19,21.241
226.2,21.2407
226.21,21.2405
226.22,21.2402
226.23,21.24
226.24,21.2397
226.25,21.2394
226.26,21.2392
226.27,21.2389
226.28,21.2386
226.29,21.2384
226.3,21.2381
226.31,21.2379
226.32,21.2376
226.33,21.2373
226.34,21.2371
226.35,21.2368
226.36,21.2365
226.37,21.2363
226.38,21.236
226.39,21.2358
226.4,21.2355
226.41,21.2352
226.42,21.235
226.43,21.2347
226.44,21.2344
226.45,21.2342
226.46,21.2339
226.47,21.2337
226.48,21.2334
226.49,21.2331
226.5,21.2329
226.51,21.2326
226.52,21.2323
226.53,21.2321
226.54,21.2318
226.55,21.2316
226.56,21.2313
226.57,21.231
226.58,21.2308
226.59,21.2305
226.6,21.2303
226.61,21.23
226.62,21.2297
226.63,21.2295
226.64,21.2292
226.65,21.2289
226.66,21.2287
226.67,21.2284
226.68,21.2282
226.69,21.2279
226.7,21.2276
226.71,21.2274
226.72,21.2271
226.73,21.2269
226.74,21.2266
226.75,21.2263
226.76,21.2261
226.77,21.2258
226.78,21.2256
226.79,21.2253
226.8,21.225
226.81,21.2248
226.82,21.2245
226.83,21.2243
226.84,21.224
226.85,21.2237
226.86,21.2235
226.87,21.2232
226.88,21.223
226.89,21.2227
226.9,21.2224
226.91,21.2222
226.92,21.2219
226.93,21.2217
226.94,21.2214
226.95,21.2211
226.96,21.2209
226.97,21.2206
226.98,21.2204
226.99,21.2201
227,21.2199
227.01,21.2196
227.02,21.2193
227.03,21.2191
227.04,21.2188
227.05,21.2186
227.06,21.2183
227.07,21.218
227.08,21.2178
227.09,21.2175
227.1,21.2173
227.11,21.217
227.12,21.2167
227.13,21.2165
227.14,21.2162
227.15,21.216
227.16,21.2157
227.17,21.2155
227.18,21.2152
227.19,21.2149
227.2,21.2147
227.21,21.2144
227.22,21.2142
227.23,21.2139
227.24,21.2137
227.25,21.2134
227.26,21.2131
227.27,21.2129
227.28,21.2126
227.29,21.2124
227.3,21.2121
227.31,21.2119
227.32,21.2116
227.33,21.2113
227.34,21.2111
227.35,21.2108
227.36,21.2106
227.37,21.2103
227.38,21.2101
227.39,21.2098
227.4,21.2095
227.41,21.2093
227.42,21.209
227.43,21.2088
227.44,21.2085
227.45,21.2083
227.46,21.208
227.47,21.2077
227.48,21.2075
227.49,21.2072
227.5,21.207
227.51,21.2067
227.52,21.2065
227.53,21.2062
227.54,21.206
227.55,21.2057
227.56,21.2054
227.57,21.2052
227.58,21.2049
227.59,21.2047
227.6,21.2044
227.61,21.2042
227.62,21.2039
227.63,21.2037
227.64,21.2034
227.65,21.2031
227.66,21.2029
227.67,21.2026
227.68,21.2024
227.69,21.2021
227.7,21.2019
227.71,21.2016
227.72,21.2014
227.73,21.2011
227.74,21.2009
227.75,21.2006
227.76,21.2003
227.77,21.2001
227.78,21.1998
227.79,21.1996
227.8,21.1993
227.81,21.1991
227.82,21.1988
227.83,21.1986
227.84,21.1983
227.85,21.1981
227.86,21.1978
227.87,21.1975
227.88,21.1973
227.89,21.197
227.9,21.1968
227.91,21.1965
227.92,21.1963
227.93,21.196
227.94,21.1958
227.95,21.1955
227.96,21.1953
227.97,21.195
227.98,21.1948
227.99,21.1945
228,21.1943
228.01,21.194
228.02,21.1937
228.03,21.1935
228.04,21.1932
228.05,21.193
228.06,21.1927
228.07,21.1925
228.08,21.1922
228.09,21.192
228.1,21.1917
228.11,21.1915
228.12,21.1912
228.13,21.191
228.14,21.1907
228.15,21.1905
228.16,21.1902
228.17,21.19
228.18,21.1897
228.19,21.1895
228.2,21.1892
228.21,21.1889
228.22,21.1887
228.23,21.1884
228.24,21.1882
228.25,21.1879
228.26,21.1877
228.27,21.1874
228.28,21.1872
228.29,21.1869
228.3,21.1867
228.31,21.1864
228.32,21.1862
228.33,21.1859
228.34,21.1857
228.35,21.1854
228.36,21.1852
228.37,21.1849
228.38,21.1847
228.39,21.1844
228.4,21.1842
228.41,21.1839
228.42,21.1837
228.43,21.1834
228.44,21.1832
228.45,21.1829
228.46,21.1827
228.47,21.1824
228.48,21.1822
228.49,21.1819
228.5,21.1817
228.51,21.1814
228.52,21.1812
228.53,21.1809
228.54,21.1807
228.55,21.1804
228.56,21.1802
228.57,21.1799
228.58,21.1797
228.59,21.1794
228.6,21.1792
228.61,21.1789
228.62,21.1787
228.63,21.1784
228.64,21.1782
228.65,21.1779
228.66,21.1777
228.67,21.1774
228.68,21.1772
228.69,21.1769
228.7,21.1767
228.71,21.1764
228.72,21.1762
228.73,21.1759
228.74,21.1757
228.75,21.1754
228.76,21.1752
228.77,21.1749
228.78,21.1747
228.79,21.1744
228.8,21.1742
228.81,21.1739
228.82,21.1737
228.83,21.1734
228.84,21.1732
228.85,21.1729
228.86,21.1727
228.87,21.1724
228.88,21.1722
228.89,21.1719
228.9,21.1717
228.91,21.1714
228.92,21.1712
228.93,21.171
228.94,21.1707
228.95,21.1705
228.96,21.1702
228.97,21.17
228.98,21.1697
228.99,21.1695
229,21.1692
229.01,21.169
229.02,21.1687
229.03,21.1685
229.04,21.1682
229.05,21.168
229.06,21.1677
229.07,21.1675
229.08,21.1672
229.09,21.167
229.1,21.1667
229.11,21.1665
229.12,21.1663
229.13,21.166
229.14,21.1658
229.15,21.1655
229.16,21.1653
229.17,21.165
229.18,21.1648
229.19,21.1645
229.2,21.1643
229.21,21.164
229.22,21.1638
229.23,21.1635
229.24,21.1633
229.25,21.163
229.26,21.1628
229.27,21.1626
229.28,21.1623
229.29,21.1621
229.3,21.1618
229.31,21.1616
229.32,21.1613
229.33,21.1611
229.34,21.1608
229.35,21.1606
229.36,21.1603
229.37,21.1601
229.38,21.1599
229.39,21.1596
229.4,21.1594
229.41,21.1591
229.42,21.1589
229.43,21.1586
229.44,21.1584
229.45,21.1581
229.46,21.1579
229.47,21.1576
229.48,21.1574
229.49,21.1572
229.5,21.1569
229.51,21.1567
229.52,21.1564
229.53,21.1562
229.54,21.1559
229.55,21.1557
229.56,21.1554
229.57,21.1552
229.58,21.155
229.59,21.1547
229.6,21.1545
229.61,21.1542
229.62,21.154
229.63,21.1537
229.64,21.1535
229.65,21.1532
229.66,21.153
229.67,21.1528
229.68,21.1525
229.69,21.1523
229.7,21.152
229.71,21.1518
229.72,21.1515
229.73,21.1513
229.74,21.1511
229.75,21.1508
229.76,21.1506
229.77,21.1503
229.78,21.1501
229.79,21.1498
229.8,21.1496
229.81,21.1493
229.82,21.1491
229.83,21.1489
229.84,21.1486
229.85,21.1484
229.86,21.1481
229.87,21.1479
229.88,21.1476
229.89,21.1474
229.9,21.1472
229.91,21.1469
229.92,21.1467
229.93,21.1464
229.94,21.1462
229.95,21.146
229.96,21.1457
229.97,21.1455
229.98,21.1452
229.99,21.145
230,21.1447
230.01,21.1445
230.02,21.1443
230.03,21.144
230.04,21.1438
230.05,21.1435
230.06,21.1433
230.07,21.143
230.08,21.1428
230.09,21.1426
230.1,21.1423
230.11,21.1421
230.12,21.1418
230.13,21.1416
230.14,21.1414
230.15,21.1411
230.16,21.1409
230.17,21.1406
230.18,21.1404
230.19,21.1401
230.2,21.1399
230.21,21.1397
230.22,21.1394
230.23,21.1392
230.24,21.1389
230.25,21.1387
230.26,21.1385
230.27,21.1382
230.28,21.138
230.29,21.1377
230.3,21.1375
230.31,21.1373
230.32,21.137
230.33,21.1368
230.34,21.1365
230.35,21.1363
230.36,21.1361
230.37,21.1358
230.38,21.1356
230.39,21.1353
230.4,21.1351
230.41,21.1349
230.42,21.1346
230.43,21.1344
230.44,21.1341
230.45,21.1339
230.46,21.1337
230.47,21.1334
230.48,21.1332
230.49,21.1329
230.5,21.1327
230.51,21.1325
230.52,21.1322
230.53,21.132
230.54,21.1317
230.55,21.1315
230.56,21.1313
230.57,21.131
230.58,21.1308
230.59,21.1306
230.6,21.1303
230.61,21.1301
230.62,21.1298
230.63,21.1296
230.64,21.1294
230.65,21.1291
230.66,21.1289
230.67,21.1286
230.68,21.1284
230.69,21.1282
230.7,21.1279
230.71,21.1277
230.72,21.1274
230.73,21.1272
230.74,21.127
230.75,21.1267
230.76,21.1265
230.77,21.1263
230.78,21.126
230.79,21.1258
230.8,21.1255
230.81,21.1253
230.82,21.1251
230.83,21.1248
230.84,21.1246
230.85,21.1244
230.86,21.1241
230.87,21.1239
230.88,21.1236
230.89,21.1234
230.9,21.1232
230.91,21.1229
230.92,21.1227
230.93,21.1225
230.94,21.1222
230.95,21.122
230.96,21.1217
230.97,21.1215
230.98,21.1213
230.99,21.121
231,21.1208
231.01,21.1206
231.02,21.1203
231.03,21.1201
231.04,21.1199
231.05,21.1196
231.06,21.1194
231.07,21.1191
231.08,21.1189
231.09,21.1187
231.1,21.1184
231.11,21.1182
231.12,21.118
231.13,21.1177
231.14,21.1175
231.15,21.1173
231.16,21.117
231.17,21.1168
231.18,21.1165
231.19,21.1163
231.2,21.1161
231.21,21.1158
231.22,21.1156
231.23,21.1154
231.24,21.1151
231.25,21.1149
231.26,21.1147
231.27,21.1144
231.28,21.1142
231.29,21.114
231.3,21.1137
231.31,21.1135
231.32,21.1132
231.33,21.113
231.34,21.1128
231.35,21.1125
231.36,21.1123
231.37,21.1121
231.38,21.1118
231.39,21.1116
231.4,21.1114
231.41,21.1111
231.42,21.1109
231.43,21.1107
231.44,21.1104
231.45,21.1102
231.46,21.11
231.47,21.1097
231.48,21.1095
231.49,21.1093
231.5,21.109
231.51,21.1088
231.52,21.1086
231.53,21.1083
231.54,21.1081
231.55,21.1079
231.56,21.1076
231.57,21.1074
231.58,21.1072
231.59,21.1069
231.6,21.1067
231.61,21.1065
231.62,21.1062
231.63,21.106
231.64,21.1058
231.65,21.1055
231.66,21.1053
231.67,21.1051
231.68,21.1048
231.69,21.1046
231.7,21.1044
231.71,21.1041
231.72,21.1039
231.73,21.1037
231.74,21.1034
231.75,21.1032
231.76,21.103
231.77,21.1027
231.78,21.1025
231.79,21.1023
231.8,21.102
231.81,21.1018
231.82,21.1016
231.83,21.1013
231.84,21.1011
231.85,21.1009
231.86,21.1006
231.87,21.1004
231.88,21.1002
231.89,21.0999
231.9,21.0997
231.91,21.0995
231.92,21.0992
231.93,21.099
231.94,21.0988
231.95,21.0985
231.96,21.0983
231.97,21.0981
231.98,21.0978
231.99,21.0976
232,21.0974
232.01,21.0972
232.02,21.0969
232.03,21.0967
232.04,21.0965
232.05,21.0962
232.06,21.096
232.07,21.0958
232.08,21.0955
232.09,21.0953
232.1,21.0951
232.11,21.0948
232.12,21.0946
232.13,21.0944
232.14,21.0941
232.15,21.0939
232.16,21.0937
232.17,21.0935
232.18,21.0932
232.19,21.093
232.2,21.0928
232.21,21.0925
232.22,21.0923
232.23,21.0921
232.24,21.0918
232.25,21.0916
232.26,21.0914
232.27,21.0912
232.28,21.0909
232.29,21.0907
232.3,21.0905
232.31,21.0902
232.32,21.09
232.33,21.0898
232.34,21.0895
232.35,21.0893
232.36,21.0891
232.37,21.0889
232.38,21.0886
232.39,21.0884
232.4,21.0882
232.41,21.0879
232.42,21.0877
232.43,21.0875
232.44,21.0872
232.45,21.087
232.46,21.0868
232.47,21.0866
232.48,21.0863
232.49,21.0861
232.5,21.0859
232.51,21.0856
232.52,21.0854
232.53,21.0852
232.54,21.085
232.55,21.0847
232.56,21.0845
232.57,21.0843
232.58,21.084
232.59,21.0838
232.6,21.0836
232.61,21.0834
232.62,21.0831
232.63,21.0829
232.64,21.0827
232.65,21.0824
232.66,21.0822
232.67,21.082
232.68,21.0818
232.69,21.0815
232.7,21.0813
232.71,21.0811
232.72,21.0808
232.73,21.0806
232.74,21.0804
232.75,21.0802
232.76,21.0799
232.77,21.0797
232.78,21.0795
232.79,21.0793
232.8,21.079
232.81,21.0788
232.82,21.0786
232.83,21.0783
232.84,21.0781
232.85,21.0779
232.86,21.0777
232.87,21.0774
232.88,21.0772
232.89,21.077
232.9,21.0768
232.91,21.0765
232.92,21.0763
232.93,21.0761
232.94,21.0758
232.95,21.0756
232.96,21.0754
232.97,21.0752
232.98,21.0749
232.99,21.0747
233,21.0745
233.01,21.0743
233.02,21.074
233.03,21.0738
233.04,21.0736
233.05,21.0734
233.06,21.0731
233.07,21.0729
233.08,21.0727
233.09,21.0724
233.1,21.0722
233.11,21.072
233.12,21.0718
233.13,21.0715
233.14,21.0713
233.15,21.0711
233.16,21.0709
233.17,21.0706
233.18,21.0704
233.19,21.0702
233.2,21.07
233.21,21.0697
233.22,21.0695
233.23,21.0693
233.24,21.0691
233.25,21.0688
233.26,21.0686
233.27,21.0684
233.28,21.0682
233.29,21.0679
233.3,21.0677
233.31,21.0675
233.32,21.0673
233.33,21.067
233.34,21.0668
233.35,21.0666
233.36,21.0664
233.37,21.0661
233.38,21.0659
233.39,21.0657
233.4,21.0655
233.41,21.0652
233.42,21.065
233.43,21.0648
233.44,21.0646
233.45,21.0643
233.46,21.0641
233.47,21.0639
233.48,21.0637
233.49,21.0634
233.5,21.0632
233.51,21.063
233.52,21.0628
233.53,21.0626
233.54,21.0623
233.55,21.0621
233.56,21.0619
233.57,21.0617
233.58,21.0614
233.59,21.0612
233.6,21.061
233.61,21.0608
233.62,21.0605
233.63,21.0603
233.64,21.0601
233.65,21.0599
233.66,21.0596
233.67,21.0594
233.68,21.0592
233.69,21.059
233.7,21.0588
233.71,21.0585
233.72,21.0583
233.73,21.0581
233.74,21.0579
233.75,21.0576
233.76,21.0574
233.77,21.0572
233.78,21.057
233.79,21.0568
233.8,21.0565
233.81,21.0563
233.82,21.0561
233.83,21.0559
233.84,21.0556
233.85,21.0554
233.86,21.0552
233.87,21.055
233.88,21.0547
233.89,21.0545
233.9,21.0543
233.91,21.0541
233.92,21.0539
233.93,21.0536
233.94,21.0534
233.95,21.0532
233.96,21.053
233.97,21.0528
233.98,21.0525
233.99,21.0523
234,21.0521
234.01,21.0519
234.02,21.0516
234.03,21.0514
234.04,21.0512
234.05,21.051
234.06,21.0508
234.07,21.0505
234.08,21.0503
234.09,21.0501
234.1,21.0499
234.11,21.0497
234.12,21.0494
234.13,21.0492
234.14,21.049
234.15,21.0488
234.16,21.0485
234.17,21.0483
234.18,21.0481
234.19,21.0479
234.2,21.0477
234.21,21.0474
234.22,21.0472
234.23,21.047
234.24,21.0468
234.25,21.0466
234.26,21.0463
234.27,21.0461
234.28,21.0459
234.29,21.0457
234.3,21.0455
234.31,21.0452
234.32,21.045
234.33,21.0448
234.34,21.0446
234.35,21.0444
234.36,21.0441
234.37,21.0439
234.38,21.0437
234.39,21.0435
234.4,21.0433
234.41,21.043
234.42,21.0428
234.43,21.0426
234.44,21.0424
234.45,21.0422
234.46,21.0419
234.47,21.0417
234.48,21.0415
234.49,21.0413
234.5,21.0411
234.51,21.0409
234.52,21.0406
234.53,21.0404
234.54,21.0402
234.55,21.04
234.56,21.0398
234.57,21.0395
234.58,21.0393
234.59,21.0391
234.6,21.0389
234.61,21.0387
234.62,21.0384
234.63,21.0382
234.64,21.038
234.65,21.0378
234.66,21.0376
234.67,21.0374
234.68,21.0371
234.69,21.0369
234.7,21.0367
234.71,21.0365
234.72,21.0363
234.73,21.036
234.74,21.0358
234.75,21.0356
234.76,21.0354
234.77,21.0352
234.78,21.035
234.79,21.0347
234.8,21.0345
234.81,21.0343
234.82,21.0341
234.83,21.0339
234.84,21.0337
234.85,21.0334
234.86,21.0332
234.87,21.033
234.88,21.0328
234.89,21.0326
234.9,21.0323
234.91,21.0321
234.92,21.0319
234.93,21.0317
234.94,21.0315
234.95,21.0313
234.96,21.031
234.97,21.0308
234.98,21.0306
234.99,21.0304
235,21.0302
235.01,21.03
235.02,21.0297
235.03,21.0295
235.04,21.0293
235.05,21.0291
235.06,21.0289
235.07,21.0287
235.08,21.0284
235.09,21.0282
235.1,21.028
235.11,21.0278
235.12,21.0276
235.13,21.0274
235.14,21.0272
235.15,21.0269
235.16,21.0267
235.17,21.0265
235.18,21.0263
235.19,21.0261
235.2,21.0259
235.21,21.0256
235.22,21.0254
235.23,21.0252
235.24,21.025
235.25,21.0248
235.26,21.0246
235.27,21.0243
235.28,21.0241
235.29,21.0239
235.3,21.0237
235.31,21.0235
235.32,21.0233
235.33,21.0231
235.34,21.0228
235.35,21.0226
235.36,21.0224
235.37,21.0222
235.38,21.022
235.39,21.0218
235.4,21.0216
235.41,21.0213
235.42,21.0211
235.43,21.0209
235.44,21.0207
235.45,21.0205
235.46,21.0203
235.47,21.02
235.48,21.0198
235.49,21.0196
235.5,21.0194
235.51,21.0192
235.52,21.019
235.53,21.0188
235.54,21.0185
235.55,21.0183
235.56,21.0181
235.57,21.0179
235.58,21.0177
235.59,21.0175
235.6,21.0173
235.61,21.0171
235.62,21.0168
235.63,21.0166
235.64,21.0164
235.65,21.0162
235.66,21.016
235.67,21.0158
235.68,21.0156
235.69,21.0153
235.7,21.0151
235.71,21.0149
235.72,21.0147
235.73,21.0145
235.74,21.0143
235.75,21.0141
235.76,21.0138
235.77,21.0136
235.78,21.0134
235.79,21.0132
235.8,21.013
235.81,21.0128
235.82,21.0126
235.83,21.0124
235.84,21.0121
235.85,21.0119
235.86,21.0117
235.87,21.0115
235.88,21.0113
235.89,21.0111
235.9,21.0109
235.91,21.0107
235.92,21.0104
235.93,21.0102
235.94,21.01
235.95,21.0098
235.96,21.0096
235.97,21.0094
235.98,21.0092
235.99,21.009
236,21.0087
236.01,21.0085
236.02,21.0083
236.03,21.0081
236.04,21.0079
236.05,21.0077
236.06,21.0075
236.07,21.0073
236.08,21.0071
236.09,21.0068
236.1,21.0066
236.11,21.0064
236.12,21.0062
236.13,21.006
236.14,21.0058
236.15,21.0056
236.16,21.0054
236.17,21.0052
236.18,21.0049
236.19,21.0047
236.2,21.0045
236.21,21.0043
236.22,21.0041
236.23,21.0039
236.24,21.0037
236.25,21.0035
236.26,21.0033
236.27,21.003
236.28,21.0028
236.29,21.0026
236.3,21.0024
236.31,21.0022
236.32,21.002
236.33,21.0018
236.34,21.0016
236.35,21.0014
236.36,21.0011
236.37,21.0009
236.38,21.0007
236.39,21.0005
236.4,21.0003
236.41,21.0001
236.42,20.9999
236.43,20.9997
236.44,20.9995
236.45,20.9993
236.46,20.999
236.47,20.9988
236.48,20.9986
236.49,20.9984
236.5,20.9982
236.51,20.998
236.52,20.9978
236.53,20.9976
236.54,20.9974
236.55,20.9972
236.56,20.997
236.57,20.9967
236.58,20.9965
236.59,20.9963
236.6,20.9961
236.61,20.9959
236.62,20.9957
236.63,20.9955
236.64,20.9953
236.65,20.9951
236.66,20.9949
236.67,20.9947
236.68,20.9944
236.69,20.9942
236.7,20.994
236.71,20.9938
236.72,20.9936
236.73,20.9934
236.74,20.9932
236.75,20.993
236.76,20.9928
236.77,20.9926
236.78,20.9924
236.79,20.9922
236.8,20.9919
236.81,20.9917
236.82,20.9915
236.83,20.9913
236.84,20.9911
236.85,20.9909
236.86,20.9907
236.87,20.9905
236.88,20.9903
236.89,20.9901
236.9,20.9899
236.91,20.9897
236.92,20.9894
236.93,20.9892
236.94,20.989
236.95,20.9888
236.96,20.9886
236.97,20.9884
236.98,20.9882
236.99,20.988
237,20.9878
237.01,20.9876
237.02,20.9874
237.03,20.9872
237.04,20.987
237.05,20.9867
237.06,20.9865
237.07,20.9863
237.08,20.9861
237.09,20.9859
237.1,20.9857
237.11,20.9855
237.12,20.9853
237.13,20.9851
237.14,20.9849
237.15,20.9847
237.16,20.9845
237.17,20.9843
237.18,20.9841
237.19,20.9839
237.2,20.9836
237.21,20.9834
237.22,20.9832
237.23,20.983
237.24,20.9828
237.25,20.9826
237.26,20.9824
237.27,20.9822
237.28,20.982
237.29,20.9818
237.3,20.9816
237.31,20.9814
237.32,20.9812
237.33,20.981
237.34,20.9808
237.35,20.9806
237.36,20.9804
237.37,20.9801
237.38,20.9799
237.39,20.9797
237.4,20.9795
237.41,20.9793
237.42,20.9791
237.43,20.9789
237.44,20.9787
237.45,20.9785
237.46,20.9783
237.47,20.9781
237.48,20.9779
237.49,20.9777
237.5,20.9775
237.51,20.9773
237.52,20.9771
237.53,20.9769
237.54,20.9767
237.55,20.9765
237.56,20.9762
237.57,20.976
237.58,20.9758
237.59,20.9756
237.6,20.9754
237.61,20.9752
237.62,20.975
237.63,20.9748
237.64,20.9746
237.65,20.9744
237.66,20.9742
237.67,20.974
237.68,20.9738
237.69,20.9736
237.7,20.9734
237.71,20.9732
237.72,20.973
237.73,20.9728
237.74,20.9726
237.75,20.9724
237.76,20.9722
237.77,20.972
237.78,20.9718
237.79,20.9715
237.8,20.9713
237.81,20.9711
237.82,20.9709
237.83,20.9707
237.84,20.9705
237.85,20.9703
237.86,20.9701
237.87,20.9699
237.88,20.9697
237.89,20.9695
237.9,20.9693
237.91,20.9691
237.92,20.9689
237.93,20.9687
237.94,20.9685
237.95,20.9683
237.96,20.9681
237.97,20.9679
237.98,20.9677
237.99,20.9675
238,20.9673
238.01,20.9671
238.02,20.9669
238.03,20.9667
238.04,20.9665
238.05,20.9663
238.06,20.9661
238.07,20.9659
238.08,20.9657
238.09,20.9655
238.1,20.9653
238.11,20.965
238.12,20.9648
238.13,20.9646
238.14,20.9644
238.15,20.9642
238.16,20.964
238.17,20.9638
238.18,20.9636
238.19,20.9634
238.2,20.9632
238.21,20.963
238.22,20.9628
238.23,20.9626
238.24,20.9624
238.25,20.9622
238.26,20.962
238.27,20.9618
238.28,20.9616
238.29,20.9614
238.3,20.9612
238.31,20.961
238.32,20.9608
238.33,20.9606
238.34,20.9604
238.35,20.9602
238.36,20.96
238.37,20.9598
238.38,20.9596
238.39,20.9594
238.4,20.9592
238.41,20.959
238.42,20.9588
238.43,20.9586
238.44,20.9584
238.45,20.9582
238.46,20.958
238.47,20.9578
238.48,20.9576
238.49,20.9574
238.5,20.9572
238.51,20.957
238.52,20.9568
238.53,20.9566
238.54,20.9564
238.55,20.9562
238.56,20.956
238.57,20.9558
238.58,20.9556
238.59,20.9554
238.6,20.9552
238.61,20.955
238.62,20.9548
238.63,20.9546
238.64,20.9544
238.65,20.9542
238.66,20.954
238.67,20.9538
238.68,20.9536
238.69,20.9534
238.7,20.9532
238.71,20.953
238.72,20.9528
238.73,20.9526
238.74,20.9524
238.75,20.9522
238.76,20.952
238.77,20.9518
238.78,20.9516
238.79,20.9514
238.8,20.9512
238.81,20.951
238.82,20.9508
238.83,20.9506
238.84,20.9504
238.85,20.9502
238.86,20.95
238.87,20.9498
238.88,20.9496
238.89,20.9494
238.9,20.9492
238.91,20.949
238.92,20.9488
238.93,20.9486
238.94,20.9484
238.95,20.9482
238.96,20.948
238.97,20.9478
238.98,20.9476
238.99,20.9474
239,20.9472
239.01,20.947
239.02,20.9468
239.03,20.9466
239.04,20.9464
239.05,20.9462
239.06,20.946
239.07,20.9458
239.08,20.9456
239.09,20.9454
239.1,20.9452
239.11,20.945
239.12,20.9448
239.13,20.9446
239.14,20.9444
239.15,20.9442
239.16,20.944
239.17,20.9438
239.18,20.9437
239.19,20.9435
239.2,20.9433
239.21,20.9431
239.22,20.9429
239.23,20.9427
239.24,20.9425
239.25,20.9423
239.26,20.9421
239.27,20.9419
239.28,20.9417
239.29,20.9415
239.3,20.9413
239.31,20.9411
239.32,20.9409
239.33,20.9407
239.34,20.9405
239.35,20.9403
239.36,20.9401
239.37,20.9399
239.38,20.9397
239.39,20.9395
239.4,20.9393
239.41,20.9391
239.42,20.9389
239.43,20.9387
239.44,20.9385
239.45,20.9383
239.46,20.9381
239.47,20.9379
239.48,20.9377
239.49,20.9375
239.5,20.9373
239.51,20.9372
239.52,20.937
239.53,20.9368
239.54,20.9366
239.55,20.9364
239.56,20.9362
239.57,20.936
239.58,20.9358
239.59,20.9356
239.6,20.9354
239.61,20.9352
239.62,20.935
239.63,20.9348
239.64,20.9346
239.65,20.9344
239.66,20.9342
239.67,20.934
239.68,20.9338
239.69,20.9336
239.7,20.9334
239.71,20.9332
239.72,20.933
239.73,20.9328
239.74,20.9326
239.75,20.9325
239.76,20.9323
239.77,20.9321
239.78,20.9319
239.79,20.9317
239.8,20.9315
239.81,20.9313
239.82,20.9311
239.83,20.9309
239.84,20.9307
239.85,20.9305
239.86,20.9303
239.87,20.9301
239.88,20.9299
239.89,20.9297
239.9,20.9295
239.91,20.9293
239.92,20.9291
239.93,20.9289
239.94,20.9288
239.95,20.9286
239.96,20.9284
239.97,20.9282
239.98,20.928
239.99,20.9278
240,20.9276
240.01,20.9274
240.02,20.9272
240.03,20.927
240.04,20.9268
240.05,20.9266
240.06,20.9264
240.07,20.9262
240.08,20.926
240.09,20.9258
240.1,20.9256
240.11,20.9255
240.12,20.9253
240.13,20.9251
240.14,20.9249
240.15,20.9247
240.16,20.9245
240.17,20.9243
240.18,20.9241
240.19,20.9239
240.2,20.9237
240.21,20.9235
240.22,20.9233
240.23,20.9231
240.24,20.9229
240.25,20.9227
240.26,20.9226
240.27,20.9224
240.28,20.9222
240.29,20.922
240.3,20.9218
240.31,20.9216
240.32,20.9214
240.33,20.9212
240.34,20.921
240.35,20.9208
240.36,20.9206
240.37,20.9204
240.38,20.9202
240.39,20.92
240.4,20.9199
240.41,20.9197
240.42,20.9195
240.43,20.9193
240.44,20.9191
240.45,20.9189
240.46,20.9187
240.47,20.9185
240.48,20.9183
240.49,20.9181
240.5,20.9179
240.51,20.9177
240.52,20.9175
240.53,20.9174
240.54,20.9172
240.55,20.917
240.56,20.9168
240.57,20.9166
240.58,20.9164
240.59,20.9162
240.6,20.916
240.61,20.9158
240.62,20.9156
240.63,20.9154
240.64,20.9152
240.65,20.9151
240.66,20.9149
240.67,20.9147
240.68,20.9145
240.69,20.9143
240.7,20.9141
240.71,20.9139
240.72,20.9137
240.73,20.9135
240.74,20.9133
240.75,20.9131
240.76,20.913
240.77,20.9128
240.78,20.9126
240.79,20.9124
240.8,20.9122
240.81,20.912
240.82,20.9118
240.83,20.9116
240.84,20.9114
240.85,20.9112
240.86,20.911
240.87,20.9109
240.88,20.9107
240.89,20.9105
240.9,20.9103
240.91,20.9101
240.92,20.9099
240.93,20.9097
240.94,20.9095
240.95,20.9093
240.96,20.9091
240.97,20.909
240.98,20.9088
240.99,20.9086
241,20.9084
241.01,20.9082
241.02,20.908
241.03,20.9078
241.04,20.9076
241.05,20.9074
241.06,20.9072
241.07,20.9071
241.08,20.9069
241.09,20.9067
241.1,20.9065
241.11,20.9063
241.12,20.9061
241.13,20.9059
241.14,20.9057
241.15,20.9055
241.16,20.9053
241.17,20.9052
241.18,20.905
241.19,20.9048
241.2,20.9046
241.21,20.9044
241.22,20.9042
241.23,20.904
241.24,20.9038
241.25,20.9036
241.26,20.9035
241.27,20.9033
241.28,20.9031
241.29,20.9029
241.3,20.9027
241.31,20.9025
241.32,20.9023
241.33,20.9021
241.34,20.9019
241.35,20.9018
241.36,20.9016
241.37,20.9014
241.38,20.9012
241.39,20.901
241.4,20.9008
241.41,20.9006
241.42,20.9004
241.43,20.9003
241.44,20.9001
241.45,20.8999
241.46,20.8997
241.47,20.8995
241.48,20.8993
241.49,20.8991
241.5,20.8989
241.51,20.8988
241.52,20.8986
241.53,20.8984
241.54,20.8982
241.55,20.898
241.56,20.8978
241.57,20.8976
241.58,20.8974
241.59,20.8972
241.6,20.8971
241.61,20.8969
241.62,20.8967
241.63,20.8965
241.64,20.8963
241.65,20.8961
241.66,20.8959
241.67,20.8957
241.68,20.8956
241.69,20.8954
241.7,20.8952
241.71,20.895
241.72,20.8948
241.73,20.8946
241.74,20.8944
241.75,20.8943
241.76,20.8941
241.77,20.8939
241.78,20.8937
241.79,20.8935
241.8,20.8933
241.81,20.8931
241.82,20.8929
241.83,20.8928
241.84,20.8926
241.85,20.8924
241.86,20.8922
241.87,20.892
241.88,20.8918
241.89,20.8916
241.9,20.8915
241.91,20.8913
241.92,20.8911
241.93,20.8909
241.94,20.8907
241.95,20.8905
241.96,20.8903
241.97,20.8902
241.98,20.89
241.99,20.8898
242,20.8896
242.01,20.8894
242.02,20.8892
242.03,20.889
242.04,20.8889
242.05,20.8887
242.06,20.8885
242.07,20.8883
242.08,20.8881
242.09,20.8879
242.1,20.8877
242.11,20.8876
242.12,20.8874
242.13,20.8872
242.14,20.887
242.15,20.8868
242.16,20.8866
242.17,20.8864
242.18,20.8863
242.19,20.8861
242.2,20.8859
242.21,20.8857
242.22,20.8855
242.23,20.8853
242.24,20.8851
242.25,20.885
242.26,20.8848
242.27,20.8846
242.28,20.8844
242.29,20.8842
242.3,20.884
242.31,20.8839
242.32,20.8837
242.33,20.8835
242.34,20.8833
242.35,20.8831
242.36,20.8829
242.37,20.8827
242.38,20.8826
242.39,20.8824
242.4,20.8822
242.41,20.882
242.42,20.8818
242.43,20.8816
242.44,20.8815
242.45,20.8813
242.46,20.8811
242.47,20.8809
242.48,20.8807
242.49,20.8805
242.5,20.8804
242.51,20.8802
242.52,20.88
242.53,20.8798
242.54,20.8796
242.55,20.8794
242.56,20.8792
242.57,20.8791
242.58,20.8789
242.59,20.8787
242.6,20.8785
242.61,20.8783
242.62,20.8781
242.63,20.878
242.64,20.8778
242.65,20.8776
242.66,20.8774
242.67,20.8772
242.68,20.877
242.69,20.8769
242.7,20.8767
242.71,20.8765
242.72,20.8763
242.73,20.8761
242.74,20.876
242.75,20.8758
242.76,20.8756
242.77,20.8754
242.78,20.8752
242.79,20.875
242.8,20.8749
242.81,20.8747
242.82,20.8745
242.83,20.8743
242.84,20.8741
242.85,20.8739
242.86,20.8738
242.87,20.8736
242.88,20.8734
242.89,20.8732
242.9,20.873
242.91,20.8728
242.92,20.8727
242.93,20.8725
242.94,20.8723
242.95,20.8721
242.96,20.8719
242.97,20.8718
242.98,20.8716
242.99,20.8714
243,20.8712
243.01,20.871
243.02,20.8708
243.03,20.8707
243.04,20.8705
243.05,20.8703
243.06,20.8701
243.07,20.8699
243.08,20.8698
243.09,20.8696
243.1,20.8694
243.11,20.8692
243.12,20.869
243.13,20.8688
243.14,20.8687
243.15,20.8685
243.16,20.8683
243.17,20.8681
243.18,20.8679
243.19,20.8678
243.2,20.8676
243.21,20.8674
243.22,20.8672
243.23,20.867
243.24,20.8669
243.25,20.8667
243.26,20.8665
243.27,20.8663
243.28,20.8661
243.29,20.866
243.3,20.8658
243.31,20.8656
243.32,20.8654
243.33,20.8652
243.34,20.865
243.35,20.8649
243.36,20.8647
243.37,20.8645
243.38,20.8643
243.39,20.8641
243.4,20.864
243.41,20.8638
243.42,20.8636
243.43,20.8634
243.44,20.8632
243.45,20.8631
243.46,20.8629
243.47,20.8627
243.48,20.8625
243.49,20.8623
243.5,20.8622
243.51,20.862
243.52,20.8618
243.53,20.8616
243.54,20.8614
243.55,20.8613
243.56,20.8611
243.57,20.8609
243.58,20.8607
243.59,20.8605
243.6,20.8604
243.61,20.8602
243.62,20.86
243.63,20.8598
243.64,20.8597
243.65,20.8595
243.66,20.8593
243.67,20.8591
243.68,20.8589
243.69,20.8588
243.7,20.8586
243.71,20.8584
243.72,20.8582
243.73,20.858
243.74,20.8579
243.75,20.8577
243.76,20.8575
243.77,20.8573
243.78,20.8571
243.79,20.857
243.8,20.8568
243.81,20.8566
243.82,20.8564
243.83,20.8563
243.84,20.8561
243.85,20.8559
243.86,20.8557
243.87,20.8555
243.88,20.8554
243.89,20.8552
243.9,20.855
243.91,20.8548
243.92,20.8546
243.93,20.8545
243.94,20.8543
243.95,20.8541
243.96,20.8539
243.97,20.8538
243.98,20.8536
243.99,20.8534
244,20.8532
244.01,20.853
244.02,20.8529
244.03,20.8527
244.04,20.8525
244.05,20.8523
244.06,20.8522
244.07,20.852
244.08,20.8518
244.09,20.8516
244.1,20.8514
244.11,20.8513
244.12,20.8511
244.13,20.8509
244.14,20.8507
244.15,20.8506
244.16,20.8504
244.17,20.8502
244.18,20.85
244.19,20.8498
244.2,20.8497
244.21,20.8495
244.22,20.8493
244.23,20.8491
244.24,20.849
244.25,20.8488
244.26,20.8486
244.27,20.8484
244.28,20.8483
244.29,20.8481
244.3,20.8479
244.31,20.8477
244.32,20.8475
244.33,20.8474
244.34,20.8472
244.35,20.847
244.36,20.8468
244.37,20.8467
244.38,20.8465
244.39,20.8463
244.4,20.8461
244.41,20.846
244.42,20.8458
244.43,20.8456
244.44,20.8454
244.45,20.8453
244.46,20.8451
244.47,20.8449
244.48,20.8447
244.49,20.8445
244.5,20.8444
244.51,20.8442
244.52,20.844
244.53,20.8438
244.54,20.8437
244.55,20.8435
244.56,20.8433
244.57,20.8431
244.58,20.843
244.59,20.8428
244.6,20.8426
244.61,20.8424
244.62,20.8423
244.63,20.8421
244.64,20.8419
244.65,20.8417
244.66,20.8416
244.67,20.8414
244.68,20.8412
244.69,20.841
244.7,20.8409
244.71,20.8407
244.72,20.8405
244.73,20.8403
244.74,20.8402
244.75,20.84
244.76,20.8398
244.77,20.8396
244.78,20.8395
244.79,20.8393
244.8,20.8391
244.81,20.8389
244.82,20.8388
244.83,20.8386
244.84,20.8384
244.85,20.8382
244.86,20.8381
244.87,20.8379
244.88,20.8377
244.89,20.8375
244.9,20.8374
244.91,20.8372
244.92,20.837
244.93,20.8368
244.94,20.8367
244.95,20.8365
244.96,20.8363
244.97,20.8361
244.98,20.836
244.99,20.8358
245,20.8356
245.01,20.8354
245.02,20.8353
245.03,20.8351
245.04,20.8349
245.05,20.8347
245.06,20.8346
245.07,20.8344
245.08,20.8342
245.09,20.8341
245.1,20.8339
245.11,20.8337
245.12,20.8335
245.13,20.8334
245.14,20.8332
245.15,20.833
245.16,20.8328
245.17,20.8327
245.18,20.8325
245.19,20.8323
245.2,20.8321
245.21,20.832
245.22,20.8318
245.23,20.8316
245.24,20.8315
245.25,20.8313
245.26,20.8311
245.27,20.8309
245.28,20.8308
245.29,20.8306
245.3,20.8304
245.31,20.8302
245.32,20.8301
245.33,20.8299
245.34,20.8297
245.35,20.8295
245.36,20.8294
245.37,20.8292
245.38,20.829
245.39,20.8289
245.4,20.8287
245.41,20.8285
245.42,20.8283
245.43,20.8282
245.44,20.828
245.45,20.8278
245.46,20.8276
245.47,20.8275
245.48,20.8273
245.49,20.8271
245.5,20.827
245.51,20.8268
245.52,20.8266
245.53,20.8264
245.54,20.8263
245.55,20.8261
245.56,20.8259
245.57,20.8258
245.58,20.8256
245.59,20.8254
245.6,20.8252
245.61,20.8251
245.62,20.8249
245.63,20.8247
245.64,20.8246
245.65,20.8244
245.66,20.8242
245.67,20.824
245.68,20.8239
245.69,20.8237
245.7,20.8235
245.71,20.8234
245.72,20.8232
245.73,20.823
245.74,20.8228
245.75,20.8227
245.76,20.8225
245.77,20.8223
245.78,20.8222
245.79,20.822
245.8,20.8218
245.81,20.8216
245.82,20.8215
245.83,20.8213
245.84,20.8211
245.85,20.821
245.86,20.8208
245.87,20.8206
245.88,20.8204
245.89,20.8203
245.9,20.8201
245.91,20.8199
245.92,20.8198
245.93,20.8196
245.94,20.8194
245.95,20.8192
245.96,20.8191
245.97,20.8189
245.98,20.8187
245.99,20.8186
246,20.8184
246.01,20.8182
246.02,20.8181
246.03,20.8179
246.04,20.8177
246.05,20.8175
246.06,20.8174
246.07,20.8172
246.08,20.817
246.09,20.8169
246.1,20.8167
246.11,20.8165
246.12,20.8164
246.13,20.8162
246.14,20.816
246.15,20.8158
246.16,20.8157
246.17,20.8155
246.18,20.8153
246.19,20.8152
246.2,20.815
246.21,20.8148
246.22,20.8147
246.23,20.8145
246.24,20.8143
246.25,20.8141
246.26,20.814
246.27,20.8138
246.28,20.8136
246.29,20.8135
246.3,20.8133
246.31,20.8131
246.32,20.813
246.33,20.8128
246.34,20.8126
246.35,20.8125
246.36,20.8123
246.37,20.8121
246.38,20.8119
246.39,20.8118
246.4,20.8116
246.41,20.8114
246.42,20.8113
246.43,20.8111
246.44,20.8109
246.45,20.8108
246.46,20.8106
246.47,20.8104
246.48,20.8103
246.49,20.8101
246.5,20.8099
246.51,20.8098
246.52,20.8096
246.53,20.8094
246.54,20.8092
246.55,20.8091
246.56,20.8089
246.57,20.8087
246.58,20.8086
246.59,20.8084
246.6,20.8082
246.61,20.8081
246.62,20.8079
246.63,20.8077
246.64,20.8076
246.65,20.8074
246.66,20.8072
246.67,20.8071
246.68,20.8069
246.69,20.8067
246.7,20.8066
246.71,20.8064
246.72,20.8062
246.73,20.8061
246.74,20.8059
246.75,20.8057
246.76,20.8055
246.77,20.8054
246.78,20.8052
246.79,20.805
246.8,20.8049
246.81,20.8047
246.82,20.8045
246.83,20.8044
246.84,20.8042
246.85,20.804
246.86,20.8039
246.87,20.8037
246.88,20.8035
246.89,20.8034
246.9,20.8032
246.91,20.803
246.92,20.8029
246.93,20.8027
246.94,20.8025
246.95,20.8024
246.96,20.8022
246.97,20.802
246.98,20.8019
246.99,20.8017
247,20.8015
247.01,20.8014
247.02,20.8012
247.03,20.801
247.04,20.8009
247.05,20.8007
247.06,20.8005
247.07,20.8004
247.08,20.8002
247.09,20.8
247.1,20.7999
247.11,20.7997
247.12,20.7995
247.13,20.7994
247.14,20.7992
247.15,20.799
247.16,20.7989
247.17,20.7987
247.18,20.7985
247.19,20.7984
247.2,20.7982
247.21,20.798
247.22,20.7979
247.23,20.7977
247.24,20.7975
247.25,20.7974
247.26,20.7972
247.27,20.797
247.28,20.7969
247.29,20.7967
247.3,20.7966
247.31,20.7964
247.32,20.7962
247.33,20.7961
247.34,20.7959
247.35,20.7957
247.36,20.7956
247.37,20.7954
247.38,20.7952
247.39,20.7951
247.4,20.7949
247.41,20.7947
247.42,20.7946
247.43,20.7944
247.44,20.7942
247.45,20.7941
247.46,20.7939
247.47,20.7937
247.48,20.7936
247.49,20.7934
247.5,20.7932
247.51,20.7931
247.52,20.7929
247.53,20.7927
247.54,20.7926
247.55,20.7924
247.56,20.7923
247.57,20.7921
247.58,20.7919
247.59,20.7918
247.6,20.7916
247.61,20.7914
247.62,20.7913
247.63,20.7911
247.64,20.7909
247.65,20.7908
247.66,20.7906
247.67,20.7904
247.68,20.7903
247.69,20.7901
247.7,20.79
247.71,20.7898
247.72,20.7896
247.73,20.7895
247.74,20.7893
247.75,20.7891
247.76,20.789
247.77,20.7888
247.78,20.7886
247.79,20.7885
247.8,20.7883
247.81,20.7881
247.82,20.788
247.83,20.7878
247.84,20.7877
247.85,20.7875
247.86,20.7873
247.87,20.7872
247.88,20.787
247.89,20.7868
247.9,20.7867
247.91,20.7865
247.92,20.7863
247.93,20.7862
247.94,20.786
247.95,20.7859
247.96,20.7857
247.97,20.7855
247.98,20.7854
247.99,20.7852
248,20.785
248.01,20.7849
248.02,20.7847
248.03,20.7846
248.04,20.7844
248.05,20.7842
248.06,20.7841
248.07,20.7839
248.08,20.7837
248.09,20.7836
248.1,20.7834
248.11,20.7832
248.12,20.7831
248.13,20.7829
248.14,20.7828
248.15,20.7826
248.16,20.7824
248.17,20.7823
248.18,20.7821
248.19,20.7819
248.2,20.7818
248.21,20.7816
248.22,20.7815
248.23,20.7813
248.24,20.7811
248.25,20.781
248.26,20.7808
248.27,20.7806
248.28,20.7805
248.29,20.7803
248.3,20.7802
248.31,20.78
248.32,20.7798
248.33,20.7797
248.34,20.7795
248.35,20.7794
248.36,20.7792
248.37,20.779
248.38,20.7789
248.39,20.7787
248.4,20.7785
248.41,20.7784
248.42,20.7782
248.43,20.7781
248.44,20.7779
248.45,20.7777
248.46,20.7776
248.47,20.7774
248.48,20.7772
248.49,20.7771
248.5,20.7769
248.51,20.7768
248.52,20.7766
248.53,20.7764
248.54,20.7763
248.55,20.7761
248.56,20.776
248.57,20.7758
248.58,20.7756
248.59,20.7755
248.6,20.7753
248.61,20.7752
248.62,20.775
248.63,20.7748
248.64,20.7747
248.65,20.7745
248.66,20.7743
248.67,20.7742
248.68,20.774
248.69,20.7739
248.7,20.7737
248.71,20.7735
248.72,20.7734
248.73,20.7732
248.74,20.7731
248.75,20.7729
248.76,20.7727
248.77,20.7726
248.78,20.7724
248.79,20.7723
248.8,20.7721
248.81,20.7719
248.82,20.7718
248.83,20.7716
248.84,20.7715
248.85,20.7713
248.86,20.7711
248.87,20.771
248.88,20.7708
248.89,20.7707
248.9,20.7705
248.91,20.7703
248.92,20.7702
248.93,20.77
248.94,20.7699
248.95,20.7697
248.96,20.7695
248.97,20.7694
248.98,20.7692
248.99,20.7691
249,20.7689
249.01,20.7687
249.02,20.7686
249.03,20.7684
249.04,20.7683
249.05,20.7681
249.06,20.7679
249.07,20.7678
249.08,20.7676
249.09,20.7675
249.1,20.7673
249.11,20.7671
249.12,20.767
249.13,20.7668
249.14,20.7667
249.15,20.7665
249.16,20.7663
249.17,20.7662
249.18,20.766
249.19,20.7659
249.2,20.7657
249.21,20.7655
249.22,20.7654
249.23,20.7652
249.24,20.7651
249.25,20.7649
249.26,20.7648
249.27,20.7646
249.28,20.7644
249.29,20.7643
249.3,20.7641
249.31,20.764
249.32,20.7638
249.33,20.7636
249.34,20.7635
249.35,20.7633
249.36,20.7632
249.37,20.763
249.38,20.7629
249.39,20.7627
249.4,20.7625
249.41,20.7624
249.42,20.7622
249.43,20.7621
249.44,20.7619
249.45,20.7617
249.46,20.7616
249.47,20.7614
249.48,20.7613
249.49,20.7611
249.5,20.761
249.51,20.7608
249.52,20.7606
249.53,20.7605
249.54,20.7603
249.55,20.7602
249.56,20.76
249.57,20.7598
249.58,20.7597
249.59,20.7595
249.6,20.7594
249.61,20.7592
249.62,20.7591
249.63,20.7589
249.64,20.7587
249.65,20.7586
249.66,20.7584
249.67,20.7583
249.68,20.7581
249.69,20.758
249.7,20.7578
249.71,20.7576
249.72,20.7575
249.73,20.7573
249.74,20.7572
249.75,20.757
249.76,20.7569
249.77,20.7567
249.78,20.7565
249.79,20.7564
249.8,20.7562
249.81,20.7561
249.82,20.7559
249.83,20.7558
249.84,20.7556
249.85,20.7554
249.86,20.7553
249.87,20.7551
249.88,20.755
249.89,20.7548
249.9,20.7547
249.91,20.7545
249.92,20.7543
249.93,20.7542
249.94,20.754
249.95,20.7539
249.96,20.7537
249.97,20.7536
249.98,20.7534
249.99,20.7533
250,20.7531
250.01,20.7529
250.02,20.7528
250.03,20.7526
250.04,20.7525
250.05,20.7523
250.06,20.7522
250.07,20.752
250.08,20.7518
250.09,20.7517
250.1,20.7515
250.11,20.7514
250.12,20.7512
250.13,20.7511
250.14,20.7509
250.15,20.7508
250.16,20.7506
250.17,20.7504
250.18,20.7503
250.19,20.7501
250.2,20.75
250.21,20.7498
250.22,20.7497
250.23,20.7495
250.24,20.7494
250.25,20.7492
250.26,20.749
250.27,20.7489
250.28,20.7487
250.29,20.7486
250.3,20.7484
250.31,20.7483
250.32,20.7481
250.33,20.748
250.34,20.7478
250.35,20.7476
250.36,20.7475
250.37,20.7473
250.38,20.7472
250.39,20.747
250.4,20.7469
250.41,20.7467
250.42,20.7466
250.43,20.7464
250.44,20.7463
250.45,20.7461
250.46,20.7459
250.47,20.7458
250.48,20.7456
250.49,20.7455
250.5,20.7453
250.51,20.7452
250.52,20.745
250.53,20.7449
250.54,20.7447
250.55,20.7445
250.56,20.7444
250.57,20.7442
250.58,20.7441
250.59,20.7439
250.6,20.7438
250.61,20.7436
250.62,20.7435
250.63,20.7433
250.64,20.7432
250.65,20.743
250.66,20.7429
250.67,20.7427
250.68,20.7425
250.69,20.7424
250.7,20.7422
250.71,20.7421
250.72,20.7419
250.73,20.7418
250.74,20.7416
250.75,20.7415
250.76,20.7413
250.77,20.7412
250.78,20.741
250.79,20.7409
250.8,20.7407
250.81,20.7405
250.82,20.7404
250.83,20.7402
250.84,20.7401
250.85,20.7399
250.86,20.7398
250.87,20.7396
250.88,20.7395
250.89,20.7393
250.9,20.7392
250.91,20.739
250.92,20.7389
250.93,20.7387
250.94,20.7386
250.95,20.7384
250.96,20.7382
250.97,20.7381
250.98,20.7379
250.99,20.7378
251,20.7376
251.01,20.7375
251.02,20.7373
251.03,20.7372
251.04,20.737
251.05,20.7369
251.06,20.7367
251.07,20.7366
251.08,20.7364
251.09,20.7363
251.1,20.7361
251.11,20.736
251.12,20.7358
251.13,20.7356
251.14,20.7355
251.15,20.7353
251.16,20.7352
251.17,20.735
251.18,20.7349
251.19,20.7347
251.2,20.7346
251.21,20.7344
251.22,20.7343
251.23,20.7341
251.24,20.734
251.25,20.7338
251.26,20.7337
251.27,20.7335
251.28,20.7334
251.29,20.7332
251.3,20.7331
251.31,20.7329
251.32,20.7328
251.33,20.7326
251.34,20.7324
251.35,20.7323
251.36,20.7321
251.37,20.732
251.38,20.7318
251.39,20.7317
251.4,20.7315
251.41,20.7314
251.42,20.7312
251.43,20.7311
251.44,20.7309
251.45,20.7308
251.46,20.7306
251.47,20.7305
251.48,20.7303
251.49,20.7302
251.5,20.73
251.51,20.7299
251.52,20.7297
251.53,20.7296
251.54,20.7294
251.55,20.7293
251.56,20.7291
251.57,20.729
251.58,20.7288
251.59,20.7287
251.6,20.7285
251.61,20.7284
251.62,20.7282
251.63,20.7281
251.64,20.7279
251.65,20.7278
251.66,20.7276
251.67,20.7275
251.68,20.7273
251.69,20.7272
251.7,20.727
251.71,20.7269
251.72,20.7267
251.73,20.7266
251.74,20.7264
251.75,20.7263
251.76,20.7261
251.77,20.7259
251.78,20.7258
251.79,20.7256
251.8,20.7255
251.81,20.7253
251.82,20.7252
251.83,20.725
251.84,20.7249
251.85,20.7247
251.86,20.7246
251.87,20.7244
251.88,20.7243
251.89,20.7241
251.9,20.724
251.91,20.7238
251.92,20.7237
251.93,20.7235
251.94,20.7234
251.95,20.7232
251.96,20.7231
251.97,20.7229
251.98,20.7228
251.99,20.7226
252,20.7225
252.01,20.7223
252.02,20.7222
252.03,20.722
252.04,20.7219
252.05,20.7217
252.06,20.7216
252.07,20.7214
252.08,20.7213
252.09,20.7212
252.1,20.721
252.11,20.7209
252.12,20.7207
252.13,20.7206
252.14,20.7204
252.15,20.7203
252.16,20.7201
252.17,20.72
252.18,20.7198
252.19,20.7197
252.2,20.7195
252.21,20.7194
252.22,20.7192
252.23,20.7191
252.24,20.7189
252.25,20.7188
252.26,20.7186
252.27,20.7185
252.28,20.7183
252.29,20.7182
252.3,20.718
252.31,20.7179
252.32,20.7177
252.33,20.7176
252.34,20.7174
252.35,20.7173
252.36,20.7171
252.37,20.717
252.38,20.7168
252.39,20.7167
252.4,20.7165
252.41,20.7164
252.42,20.7162
252.43,20.7161
252.44,20.7159
252.45,20.7158
252.46,20.7156
252.47,20.7155
252.48,20.7153
252.49,20.7152
252.5,20.715
252.51,20.7149
252.52,20.7148
252.53,20.7146
252.54,20.7145
252.55,20.7143
252.56,20.7142
252.57,20.714
252.58,20.7139
252.59,20.7137
252.6,20.7136
252.61,20.7134
252.62,20.7133
252.63,20.7131
252.64,20.713
252.65,20.7128
252.66,20.7127
252.67,20.7125
252.68,20.7124
252.69,20.7122
252.7,20.7121
252.71,20.7119
252.72,20.7118
252.73,20.7117
252.74,20.7115
252.75,20.7114
252.76,20.7112
252.77,20.7111
252.78,20.7109
252.79,20.7108
252.8,20.7106
252.81,20.7105
252.82,20.7103
252.83,20.7102
252.84,20.71
252.85,20.7099
252.86,20.7097
252.87,20.7096
252.88,20.7094
252.89,20.7093
252.9,20.7091
252.91,20.709
252.92,20.7089
252.93,20.7087
252.94,20.7086
252.95,20.7084
252.96,20.7083
252.97,20.7081
252.98,20.708
252.99,20.7078
253,20.7077
253.01,20.7075
253.02,20.7074
253.03,20.7072
253.04,20.7071
253.05,20.707
253.06,20.7068
253.07,20.7067
253.08,20.7065
253.09,20.7064
253.1,20.7062
253.11,20.7061
253.12,20.7059
253.13,20.7058
253.14,20.7056
253.15,20.7055
253.16,20.7053
253.17,20.7052
253.18,20.705
253.19,20.7049
253.2,20.7048
253.21,20.7046
253.22,20.7045
253.23,20.7043
253.24,20.7042
253.25,20.704
253.26,20.7039
253.27,20.7037
253.28,20.7036
253.29,20.7034
253.3,20.7033
253.31,20.7032
253.32,20.703
253.33,20.7029
253.34,20.7027
253.35,20.7026
253.36,20.7024
253.37,20.7023
253.38,20.7021
253.39,20.702
253.4,20.7018
253.41,20.7017
253.42,20.7016
253.43,20.7014
253.44,20.7013
253.45,20.7011
253.46,20.701
253.47,20.7008
253.48,20.7007
253.49,20.7005
253.5,20.7004
253.51,20.7002
253.52,20.7001
253.53,20.7
253.54,20.6998
253.55,20.6997
253.56,20.6995
253.57,20.6994
253.58,20.6992
253.59,20.6991
253.6,20.6989
253.61,20.6988
253.62,20.6987
253.63,20.6985
253.64,20.6984
253.65,20.6982
253.66,20.6981
253.67,20.6979
253.68,20.6978
253.69,20.6976
253.7,20.6975
253.71,20.6974
253.72,20.6972
253.73,20.6971
253.74,20.6969
253.75,20.6968
253.76,20.6966
253.77,20.6965
253.78,20.6963
253.79,20.6962
253.8,20.6961
253.81,20.6959
253.82,20.6958
253.83,20.6956
253.84,20.6955
253.85,20.6953
253.86,20.6952
253.87,20.695
253.88,20.6949
253.89,20.6948
253.9,20.6946
253.91,20.6945
253.92,20.6943
253.93,20.6942
253.94,20.694
253.95,20.6939
253.96,20.6938
253.97,20.6936
253.98,20.6935
253.99,20.6933
254,20.6932
254.01,20.693
254.02,20.6929
254.03,20.6928
254.04,20.6926
254.05,20.6925
254.06,20.6923
254.07,20.6922
254.08,20.692
254.09,20.6919
254.1,20.6917
254.11,20.6916
254.12,20.6915
254.13,20.6913
254.14,20.6912
254.15,20.691
254.16,20.6909
254.17,20.6907
254.18,20.6906
254.19,20.6905
254.2,20.6903
254.21,20.6902
254.22,20.69
254.23,20.6899
254.24,20.6897
254.25,20.6896
254.26,20.6895
254.27,20.6893
254.28,20.6892
254.29,20.689
254.3,20.6889
254.31,20.6887
254.32,20.6886
254.33,20.6885
254.34,20.6883
254.35,20.6882
254.36,20.688
254.37,20.6879
254.38,20.6878
254.39,20.6876
254.4,20.6875
254.41,20.6873
254.42,20.6872
254.43,20.687
254.44,20.6869
254.45,20.6868
254.46,20.6866
254.47,20.6865
254.48,20.6863
254.49,20.6862
254.5,20.686
254.51,20.6859
254.52,20.6858
254.53,20.6856
254.54,20.6855
254.55,20.6853
254.56,20.6852
254.57,20.6851
254.58,20.6849
254.59,20.6848
254.6,20.6846
254.61,20.6845
254.62,20.6843
254.63,20.6842
254.64,20.6841
254.65,20.6839
254.66,20.6838
254.67,20.6836
254.68,20.6835
254.69,20.6834
254.7,20.6832
254.71,20.6831
254.72,20.6829
254.73,20.6828
254.74,20.6826
254.75,20.6825
254.76,20.6824
254.77,20.6822
254.78,20.6821
254.79,20.6819
254.8,20.6818
254.81,20.6817
254.82,20.6815
254.83,20.6814
254.84,20.6812
254.85,20.6811
254.86,20.681
254.87,20.6808
254.88,20.6807
254.89,20.6805
254.9,20.6804
254.91,20.6803
254.92,20.6801
254.93,20.68
254.94,20.6798
254.95,20.6797
254.96,20.6796
254.97,20.6794
254.98,20.6793
254.99,20.6791
255,20.679
255.01,20.6788
255.02,20.6787
255.03,20.6786
255.04,20.6784
255.05,20.6783
255.06,20.6781
255.07,20.678
255.08,20.6779
255.09,20.6777
255.1,20.6776
255.11,20.6774
255.12,20.6773
255.13,20.6772
255.14,20.677
255.15,20.6769
255.16,20.6767
255.17,20.6766
255.18,20.6765
255.19,20.6763
255.2,20.6762
255.21,20.676
255.22,20.6759
255.23,20.6758
255.24,20.6756
255.25,20.6755
255.26,20.6753
255.27,20.6752
255.28,20.6751
255.29,20.6749
255.3,20.6748
255.31,20.6747
255.32,20.6745
255.33,20.6744
255.34,20.6742
255.35,20.6741
255.36,20.674
255.37,20.6738
255.38,20.6737
255.39,20.6735
255.4,20.6734
255.41,20.6733
255.42,20.6731
255.43,20.673
255.44,20.6728
255.45,20.6727
255.46,20.6726
255.47,20.6724
255.48,20.6723
255.49,20.6721
255.5,20.672
255.51,20.6719
255.52,20.6717
255.53,20.6716
255.54,20.6714
255.55,20.6713
255.56,20.6712
255.57,20.671
255.58,20.6709
255.59,20.6708
255.6,20.6706
255.61,20.6705
255.62,20.6703
255.63,20.6702
255.64,20.6701
255.65,20.6699
255.66,20.6698
255.67,20.6696
255.68,20.6695
255.69,20.6694
255.7,20.6692
255.71,20.6691
255.72,20.669
255.73,20.6688
255.74,20.6687
255.75,20.6685
255.76,20.6684
255.77,20.6683
255.78,20.6681
255.79,20.668
255.8,20.6679
255.81,20.6677
255.82,20.6676
255.83,20.6674
255.84,20.6673
255.85,20.6672
255.86,20.667
255.87,20.6669
255.88,20.6667
255.89,20.6666
255.9,20.6665
255.91,20.6663
255.92,20.6662
255.93,20.6661
255.94,20.6659
255.95,20.6658
255.96,20.6656
255.97,20.6655
255.98,20.6654
255.99,20.6652
256,20.6651
256.01,20.665
256.02,20.6648
256.03,20.6647
256.04,20.6645
256.05,20.6644
256.06,20.6643
256.07,20.6641
256.08,20.664
256.09,20.6639
256.1,20.6637
256.11,20.6636
256.12,20.6634
256.13,20.6633
256.14,20.6632
256.15,20.663
256.16,20.6629
256.17,20.6628
256.18,20.6626
256.19,20.6625
256.2,20.6624
256.21,20.6622
256.22,20.6621
256.23,20.6619
256.24,20.6618
256.25,20.6617
256.26,20.6615
256.27,20.6614
256.28,20.6613
256.29,20.6611
256.3,20.661
256.31,20.6608
256.32,20.6607
256.33,20.6606
256.34,20.6604
256.35,20.6603
256.36,20.6602
256.37,20.66
256.38,20.6599
256.39,20.6598
256.4,20.6596
256.41,20.6595
256.42,20.6593
256.43,20.6592
256.44,20.6591
256.45,20.6589
256.46,20.6588
256.47,20.6587
256.48,20.6585
256.49,20.6584
256.5,20.6583
256.51,20.6581
256.52,20.658
256.53,20.6579
256.54,20.6577
256.55,20.6576
256.56,20.6574
256.57,20.6573
256.58,20.6572
256.59,20.657
256.6,20.6569
256.61,20.6568
256.62,20.6566
256.63,20.6565
256.64,20.6564
256.65,20.6562
256.66,20.6561
256.67,20.656
256.68,20.6558
256.69,20.6557
256.7,20.6555
256.71,20.6554
256.72,20.6553
256.73,20.6551
256.74,20.655
256.75,20.6549
256.76,20.6547
256.77,20.6546
256.78,20.6545
256.79,20.6543
256.8,20.6542
256.81,20.6541
256.82,20.6539
256.83,20.6538
256.84,20.6537
256.85,20.6535
256.86,20.6534
256.87,20.6532
256.88,20.6531
256.89,20.653
256.9,20.6528
256.91,20.6527
256.92,20.6526
256.93,20.6524
256.94,20.6523
256.95,20.6522
256.96,20.652
256.97,20.6519
256.98,20.6518
256.99,20.6516
257,20.6515
257.01,20.6514
257.02,20.6512
257.03,20.6511
257.04,20.651
257.05,20.6508
257.06,20.6507
257.07,20.6506
257.08,20.6504
257.09,20.6503
257.1,20.6502
257.11,20.65
257.12,20.6499
257.13,20.6497
257.14,20.6496
257.15,20.6495
257.16,20.6493
257.17,20.6492
257.18,20.6491
257.19,20.6489
257.2,20.6488
257.21,20.6487
257.22,20.6485
257.23,20.6484
257.24,20.6483
257.25,20.6481
257.26,20.648
257.27,20.6479
257.28,20.6477
257.29,20.6476
257.3,20.6475
257.31,20.6473
257.32,20.6472
257.33,20.6471
257.34,20.6469
257.35,20.6468
257.36,20.6467
257.37,20.6465
257.38,20.6464
257.39,20.6463
257.4,20.6461
257.41,20.646
257.42,20.6459
257.43,20.6457
257.44,20.6456
257.45,20.6455
257.46,20.6453
257.47,20.6452
257.48,20.6451
257.49,20.6449
257.5,20.6448
257.51,20.6447
257.52,20.6445
257.53,20.6444
257.54,20.6443
257.55,20.6441
257.56,20.644
257.57,20.6439
257.58,20.6437
257.59,20.6436
257.6,20.6435
257.61,20.6433
257.62,20.6432
257.63,20.6431
257.64,20.6429
257.65,20.6428
257.66,20.6427
257.67,20.6425
257.68,20.6424
257.69,20.6423
257.7,20.6421
257.71,20.642
257.72,20.6419
257.73,20.6417
257.74,20.6416
257.75,20.6415
257.76,20.6414
257.77,20.6412
257.78,20.6411
257.79,20.641
257.8,20.6408
257.81,20.6407
257.82,20.6406
257.83,20.6404
257.84,20.6403
257.85,20.6402
257.86,20.64
257.87,20.6399
257.88,20.6398
257.89,20.6396
257.9,20.6395
257.91,20.6394
257.92,20.6392
257.93,20.6391
257.94,20.639
257.95,20.6388
257.96,20.6387
257.97,20.6386
257.98,20.6384
257.99,20.6383
258,20.6382
258.01,20.638
258.02,20.6379
258.03,20.6378
258.04,20.6377
258.05,20.6375
258.06,20.6374
258.07,20.6373
258.08,20.6371
258.09,20.637
258.1,20.6369
258.11,20.6367
258.12,20.6366
258.13,20.6365
258.14,20.6363
258.15,20.6362
258.16,20.6361
258.17,20.6359
258.18,20.6358
258.19,20.6357
258.2,20.6356
258.21,20.6354
258.22,20.6353
258.23,20.6352
258.24,20.635
258.25,20.6349
258.26,20.6348
258.27,20.6346
258.28,20.6345
258.29,20.6344
258.3,20.6342
258.31,20.6341
258.32,20.634
258.33,20.6339
258.34,20.6337
258.35,20.6336
258.36,20.6335
258.37,20.6333
258.38,20.6332
258.39,20.6331
258.4,20.6329
258.41,20.6328
258.42,20.6327
258.43,20.6325
258.44,20.6324
258.45,20.6323
258.46,20.6322
258.47,20.632
258.48,20.6319
258.49,20.6318
258.5,20.6316
258.51,20.6315
258.52,20.6314
258.53,20.6312
258.54,20.6311
258.55,20.631
258.56,20.6308
258.57,20.6307
258.58,20.6306
258.59,20.6305
258.6,20.6303
258.61,20.6302
258.62,20.6301
258.63,20.6299
258.64,20.6298
258.65,20.6297
258.66,20.6295
258.67,20.6294
258.68,20.6293
258.69,20.6292
258.7,20.629
258.71,20.6289
258.72,20.6288
258.73,20.6286
258.74,20.6285
258.75,20.6284
258.76,20.6283
258.77,20.6281
258.78,20.628
258.79,20.6279
258.8,20.6277
258.81,20.6276
258.82,20.6275
258.83,20.6273
258.84,20.6272
258.85,20.6271
258.86,20.627
258.87,20.6268
258.88,20.6267
258.89,20.6266
258.9,20.6264
258.91,20.6263
258.92,20.6262
258.93,20.6261
258.94,20.6259
258.95,20.6258
258.96,20.6257
258.97,20.6255
258.98,20.6254
258.99,20.6253
259,20.6251
259.01,20.625
259.02,20.6249
259.03,20.6248
259.04,20.6246
259.05,20.6245
259.06,20.6244
259.07,20.6242
259.08,20.6241
259.09,20.624
259.1,20.6239
259.11,20.6237
259.12,20.6236
259.13,20.6235
259.14,20.6233
259.15,20.6232
259.16,20.6231
259.17,20.623
259.18,20.6228
259.19,20.6227
259.2,20.6226
259.21,20.6224
259.22,20.6223
259.23,20.6222
259.24,20.6221
259.25,20.6219
259.26,20.6218
259.27,20.6217
259.28,20.6215
259.29,20.6214
259.3,20.6213
259.31,20.6212
259.32,20.621
259.33,20.6209
259.34,20.6208
259.35,20.6207
259.36,20.6205
259.37,20.6204
259.38,20.6203
259.39,20.6201
259.4,20.62
259.41,20.6199
259.42,20.6198
259.43,20.6196
259.44,20.6195
259.45,20.6194
259.46,20.6192
259.47,20.6191
259.48,20.619
259.49,20.6189
259.5,20.6187
259.51,20.6186
259.52,20.6185
259.53,20.6184
259.54,20.6182
259.55,20.6181
259.56,20.618
259.57,20.6178
259.58,20.6177
259.59,20.6176
259.6,20.6175
259.61,20.6173
259.62,20.6172
259.63,20.6171
259.64,20.617
259.65,20.6168
259.66,20.6167
259.67,20.6166
259.68,20.6164
259.69,20.6163
259.7,20.6162
259.71,20.6161
259.72,20.6159
259.73,20.6158
259.74,20.6157
259.75,20.6156
259.76,20.6154
259.77,20.6153
259.78,20.6152
259.79,20.615
259.8,20.6149
259.81,20.6148
259.82,20.6147
259.83,20.6145
259.84,20.6144
259.85,20.6143
259.86,20.6142
259.87,20.614
259.88,20.6139
259.89,20.6138
259.9,20.6137
259.91,20.6135
259.92,20.6134
259.93,20.6133
259.94,20.6131
259.95,20.613
259.96,20.6129
259.97,20.6128
259.98,20.6126
259.99,20.6125
260,20.6124
260.01,20.6123
260.02,20.6121
260.03,20.612
260.04,20.6119
260.05,20.6118
260.06,20.6116
260.07,20.6115
260.08,20.6114
260.09,20.6113
260.1,20.6111
260.11,20.611
260.12,20.6109
260.13,20.6108
260.14,20.6106
260.15,20.6105
260.16,20.6104
260.17,20.6102
260.18,20.6101
260.19,20.61
260.2,20.6099
260.21,20.6097
260.22,20.6096
260.23,20.6095
260.24,20.6094
260.25,20.6092
260.26,20.6091
260.27,20.609
260.28,20.6089
260.29,20.6087
260.3,20.6086
260.31,20.6085
260.32,20.6084
260.33,20.6082
260.34,20.6081
260.35,20.608
260.36,20.6079
260.37,20.6077
260.38,20.6076
260.39,20.6075
260.4,20.6074
260.41,20.6072
260.42,20.6071
260.43,20.607
260.44,20.6069
260.45,20.6067
260.46,20.6066
260.47,20.6065
260.48,20.6064
260.49,20.6062
260.5,20.6061
260.51,20.606
260.52,20.6059
260.53,20.6057
260.54,20.6056
260.55,20.6055
260.56,20.6054
260.57,20.6052
260.58,20.6051
260.59,20.605
260.6,20.6049
260.61,20.6047
260.62,20.6046
260.63,20.6045
260.64,20.6044
260.65,20.6042
260.66,20.6041
260.67,20.604
260.68,20.6039
260.69,20.6037
260.7,20.6036
260.71,20.6035
260.72,20.6034
260.73,20.6032
260.74,20.6031
260.75,20.603
260.76,20.6029
260.77,20.6027
260.78,20.6026
260.79,20.6025
260.8,20.6024
260.81,20.6023
260.82,20.6021
260.83,20.602
260.84,20.6019
260.85,20.6018
260.86,20.6016
260.87,20.6015
260.88,20.6014
260.89,20.6013
260.9,20.6011
260.91,20.601
260.92,20.6009
260.93,20.6008
260.94,20.6006
260.95,20.6005
260.96,20.6004
260.97,20.6003
260.98,20.6001
260.99,20.6
261,20.5999
261.01,20.5998
261.02,20.5997
261.03,20.5995
261.04,20.5994
261.05,20.5993
261.06,20.5992
261.07,20.599
261.08,20.5989
261.09,20.5988
261.1,20.5987
261.11,20.5985
261.12,20.5984
261.13,20.5983
261.14,20.5982
261.15,20.598
261.16,20.5979
261.17,20.5978
261.18,20.5977
261.19,20.5976
261.2,20.5974
261.21,20.5973
261.22,20.5972
261.23,20.5971
261.24,20.5969
261.25,20.5968
261.26,20.5967
261.27,20.5966
261.28,20.5964
261.29,20.5963
261.3,20.5962
261.31,20.5961
261.32,20.596
261.33,20.5958
261.34,20.5957
261.35,20.5956
261.36,20.5955
261.37,20.5953
261.38,20.5952
261.39,20.5951
261.4,20.595
261.41,20.5949
261.42,20.5947
261.43,20.5946
261.44,20.5945
261.45,20.5944
261.46,20.5942
261.47,20.5941
261.48,20.594
261.49,20.5939
261.5,20.5938
261.51,20.5936
261.52,20.5935
261.53,20.5934
261.54,20.5933
261.55,20.5931
261.56,20.593
261.57,20.5929
261.58,20.5928
261.59,20.5927
261.6,20.5925
261.61,20.5924
261.62,20.5923
261.63,20.5922
261.64,20.592
261.65,20.5919
261.66,20.5918
261.67,20.5917
261.68,20.5916
261.69,20.5914
261.7,20.5913
261.71,20.5912
261.72,20.5911
261.73,20.5909
261.74,20.5908
261.75,20.5907
261.76,20.5906
261.77,20.5905
261.78,20.5903
261.79,20.5902
261.8,20.5901
261.81,20.59
261.82,20.5899
261.83,20.5897
261.84,20.5896
261.85,20.5895
261.86,20.5894
261.87,20.5892
261.88,20.5891
261.89,20.589
261.9,20.5889
261.91,20.5888
261.92,20.5886
261.93,20.5885
261.94,20.5884
261.95,20.5883
261.96,20.5882
261.97,20.588
261.98,20.5879
261.99,20.5878
262,20.5877
262.01,20.5875
262.02,20.5874
262.03,20.5873
262.04,20.5872
262.05,20.5871
262.06,20.5869
262.07,20.5868
262.08,20.5867
262.09,20.5866
262.1,20.5865
262.11,20.5863
262.12,20.5862
262.13,20.5861
262.14,20.586
262.15,20.5859
262.16,20.5857
262.17,20.5856
262.18,20.5855
262.19,20.5854
262.2,20.5853
262.21,20.5851
262.22,20.585
262.23,20.5849
262.24,20.5848
262.25,20.5847
262.26,20.5845
262.27,20.5844
262.28,20.5843
262.29,20.5842
262.3,20.5841
262.31,20.5839
262.32,20.5838
262.33,20.5837
262.34,20.5836
262.35,20.5834
262.36,20.5833
262.37,20.5832
262.38,20.5831
262.39,20.583
262.4,20.5828
262.41,20.5827
262.42,20.5826
262.43,20.5825
262.44,20.5824
262.45,20.5822
262.46,20.5821
262.47,20.582
262.48,20.5819
262.49,20.5818
262.5,20.5817
262.51,20.5815
262.52,20.5814
262.53,20.5813
262.54,20.5812
262.55,20.5811
262.56,20.5809
262.57,20.5808
262.58,20.5807
262.59,20.5806
262.6,20.5805
262.61,20.5803
262.62,20.5802
262.63,20.5801
262.64,20.58
262.65,20.5799
262.66,20.5797
262.67,20.5796
262.68,20.5795
262.69,20.5794
262.7,20.5793
262.71,20.5791
262.72,20.579
262.73,20.5789
262.74,20.5788
262.75,20.5787
262.76,20.5785
262.77,20.5784
262.78,20.5783
262.79,20.5782
262.8,20.5781
262.81,20.578
262.82,20.5778
262.83,20.5777
262.84,20.5776
262.85,20.5775
262.86,20.5774
262.87,20.5772
262.88,20.5771
262.89,20.577
262.9,20.5769
262.91,20.5768
262.92,20.5766
262.93,20.5765
262.94,20.5764
262.95,20.5763
262.96,20.5762
262.97,20.5761
262.98,20.5759
262.99,20.5758
263,20.5757
263.01,20.5756
263.02,20.5755
263.03,20.5753
263.04,20.5752
263.05,20.5751
263.06,20.575
263.07,20.5749
263.08,20.5747
263.09,20.5746
263.1,20.5745
263.11,20.5744
263.12,20.5743
263.13,20.5742
263.14,20.574
263.15,20.5739
263.16,20.5738
263.17,20.5737
263.18,20.5736
263.19,20.5734
263.2,20.5733
263.21,20.5732
263.22,20.5731
263.23,20.573
263.24,20.5729
263.25,20.5727
263.26,20.5726
263.27,20.5725
263.28,20.5724
263.29,20.5723
263.3,20.5722
263.31,20.572
263.32,20.5719
263.33,20.5718
263.34,20.5717
263.35,20.5716
263.36,20.5714
263.37,20.5713
263.38,20.5712
263.39,20.5711
263.4,20.571
263.41,20.5709
263.42,20.5707
263.43,20.5706
263.44,20.5705
263.45,20.5704
263.46,20.5703
263.47,20.5702
263.48,20.57
263.49,20.5699
263.5,20.5698
263.51,20.5697
263.52,20.5696
263.53,20.5695
263.54,20.5693
263.55,20.5692
263.56,20.5691
263.57,20.569
263.58,20.5689
263.59,20.5688
263.6,20.5686
263.61,20.5685
263.62,20.5684
263.63,20.5683
263.64,20.5682
263.65,20.568
263.66,20.5679
263.67,20.5678
263.68,20.5677
263.69,20.5676
263.7,20.5675
263.71,20.5673
263.72,20.5672
263.73,20.5671
263.74,20.567
263.75,20.5669
263.76,20.5668
263.77,20.5666
263.78,20.5665
263.79,20.5664
263.8,20.5663
263.81,20.5662
263.82,20.5661
263.83,20.5659
263.84,20.5658
263.85,20.5657
263.86,20.5656
263.87,20.5655
263.88,20.5654
263.89,20.5653
263.9,20.5651
263.91,20.565
263.92,20.5649
263.93,20.5648
263.94,20.5647
263.95,20.5646
263.96,20.5644
263.97,20.5643
263.98,20.5642
263.99,20.5641
264,20.564
264.01,20.5639
264.02,20.5637
264.03,20.5636
264.04,20.5635
264.05,20.5634
264.06,20.5633
264.07,20.5632
264.08,20.563
264.09,20.5629
264.1,20.5628
264.11,20.5627
264.12,20.5626
264.13,20.5625
264.14,20.5624
264.15,20.5622
264.16,20.5621
264.17,20.562
264.18,20.5619
264.19,20.5618
264.2,20.5617
264.21,20.5615
264.22,20.5614
264.23,20.5613
264.24,20.5612
264.25,20.5611
264.26,20.561
264.27,20.5609
264.28,20.5607
264.29,20.5606
264.3,20.5605
264.31,20.5604
264.32,20.5603
264.33,20.5602
264.34,20.56
264.35,20.5599
264.36,20.5598
264.37,20.5597
264.38,20.5596
264.39,20.5595
264.4,20.5594
264.41,20.5592
264.42,20.5591
264.43,20.559
264.44,20.5589
264.45,20.5588
264.46,20.5587
264.47,20.5585
264.48,20.5584
264.49,20.5583
264.5,20.5582
264.51,20.5581
264.52,20.558
264.53,20.5579
264.54,20.5577
264.55,20.5576
264.56,20.5575
264.57,20.5574
264.58,20.5573
264.59,20.5572
264.6,20.5571
264.61,20.5569
264.62,20.5568
264.63,20.5567
264.64,20.5566
264.65,20.5565
264.66,20.5564
264.67,20.5563
264.68,20.5561
264.69,20.556
264.7,20.5559
264.71,20.5558
264.72,20.5557
264.73,20.5556
264.74,20.5555
264.75,20.5553
264.76,20.5552
264.77,20.5551
264.78,20.555
264.79,20.5549
264.8,20.5548
264.81,20.5547
264.82,20.5545
264.83,20.5544
264.84,20.5543
264.85,20.5542
264.86,20.5541
264.87,20.554
264.88,20.5539
264.89,20.5537
264.9,20.5536
264.91,20.5535
264.92,20.5534
264.93,20.5533
264.94,20.5532
264.95,20.5531
264.96,20.553
264.97,20.5528
264.98,20.5527
264.99,20.5526
265,20.5525
265.01,20.5524
265.02,20.5523
265.03,20.5522
265.04,20.552
265.05,20.5519
265.06,20.5518
265.07,20.5517
265.08,20.5516
265.09,20.5515
265.1,20.5514
265.11,20.5512
265.12,20.5511
265.13,20.551
265.14,20.5509
265.15,20.5508
265.16,20.5507
265.17,20.5506
265.18,20.5505
265.19,20.5503
265.2,20.5502
265.21,20.5501
265.22,20.55
265.23,20.5499
265.24,20.5498
265.25,20.5497
265.26,20.5496
265.27,20.5494
265.28,20.5493
265.29,20.5492
265.3,20.5491
265.31,20.549
265.32,20.5489
265.33,20.5488
265.34,20.5486
265.35,20.5485
265.36,20.5484
265.37,20.5483
265.38,20.5482
265.39,20.5481
265.4,20.548
265.41,20.5479
265.42,20.5477
265.43,20.5476
265.44,20.5475
265.45,20.5474
265.46,20.5473
265.47,20.5472
265.48,20.5471
265.49,20.547
265.5,20.5468
265.51,20.5467
265.52,20.5466
265.53,20.5465
265.54,20.5464
265.55,20.5463
265.56,20.5462
265.57,20.5461
265.58,20.546
265.59,20.5458
265.6,20.5457
265.61,20.5456
265.62,20.5455
265.63,20.5454
265.64,20.5453
265.65,20.5452
265.66,20.5451
265.67,20.5449
265.68,20.5448
265.69,20.5447
265.7,20.5446
265.71,20.5445
265.72,20.5444
265.73,20.5443
265.74,20.5442
265.75,20.544
265.76,20.5439
265.77,20.5438
265.78,20.5437
265.79,20.5436
265.8,20.5435
265.81,20.5434
265.82,20.5433
265.83,20.5432
265.84,20.543
265.85,20.5429
265.86,20.5428
265.87,20.5427
265.88,20.5426
265.89,20.5425
265.9,20.5424
265.91,20.5423
265.92,20.5421
265.93,20.542
265.94,20.5419
265.95,20.5418
265.96,20.5417
265.97,20.5416
265.98,20.5415
265.99,20.5414
266,20.5413
266.01,20.5411
266.02,20.541
266.03,20.5409
266.04,20.5408
266.05,20.5407
266.06,20.5406
266.07,20.5405
266.08,20.5404
266.09,20.5403
266.1,20.5401
266.11,20.54
266.12,20.5399
266.13,20.5398
266.14,20.5397
266.15,20.5396
266.16,20.5395
266.17,20.5394
266.18,20.5393
266.19,20.5392
266.2,20.539
266.21,20.5389
266.22,20.5388
266.23,20.5387
266.24,20.5386
266.25,20.5385
266.26,20.5384
266.27,20.5383
266.28,20.5382
266.29,20.538
266.3,20.5379
266.31,20.5378
266.32,20.5377
266.33,20.5376
266.34,20.5375
266.35,20.5374
266.36,20.5373
266.37,20.5372
266.38,20.5371
266.39,20.5369
266.4,20.5368
266.41,20.5367
266.42,20.5366
266.43,20.5365
266.44,20.5364
266.45,20.5363
266.46,20.5362
266.47,20.5361
266.48,20.5359
266.49,20.5358
266.5,20.5357
266.51,20.5356
266.52,20.5355
266.53,20.5354
266.54,20.5353
266.55,20.5352
266.56,20.5351
266.57,20.535
266.58,20.5348
266.59,20.5347
266.6,20.5346
266.61,20.5345
266.62,20.5344
266.63,20.5343
266.64,20.5342
266.65,20.5341
266.66,20.534
266.67,20.5339
266.68,20.5338
266.69,20.5336
266.7,20.5335
266.71,20.5334
266.72,20.5333
266.73,20.5332
266.74,20.5331
266.75,20.533
266.76,20.5329
266.77,20.5328
266.78,20.5327
266.79,20.5325
266.8,20.5324
266.81,20.5323
266.82,20.5322
266.83,20.5321
266.84,20.532
266.85,20.5319
266.86,20.5318
266.87,20.5317
266.88,20.5316
266.89,20.5315
266.9,20.5313
266.91,20.5312
266.92,20.5311
266.93,20.531
266.94,20.5309
266.95,20.5308
266.96,20.5307
266.97,20.5306
266.98,20.5305
266.99,20.5304
267,20.5303
267.01,20.5301
267.02,20.53
267.03,20.5299
267.04,20.5298
267.05,20.5297
267.06,20.5296
267.07,20.5295
267.08,20.5294
267.09,20.5293
267.1,20.5292
267.11,20.5291
267.12,20.529
267.13,20.5288
267.14,20.5287
267.15,20.5286
267.16,20.5285
267.17,20.5284
267.18,20.5283
267.19,20.5282
267.2,20.5281
267.21,20.528
267.22,20.5279
267.23,20.5278
267.24,20.5277
267.25,20.5275
267.26,20.5274
267.27,20.5273
267.28,20.5272
267.29,20.5271
267.3,20.527
267.31,20.5269
267.32,20.5268
267.33,20.5267
267.34,20.5266
267.35,20.5265
267.36,20.5264
267.37,20.5262
267.38,20.5261
267.39,20.526
267.4,20.5259
267.41,20.5258
267.42,20.5257
267.43,20.5256
267.44,20.5255
267.45,20.5254
267.46,20.5253
267.47,20.5252
267.48,20.5251
267.49,20.5249
267.5,20.5248
267.51,20.5247
267.52,20.5246
267.53,20.5245
267.54,20.5244
267.55,20.5243
267.56,20.5242
267.57,20.5241
267.58,20.524
267.59,20.5239
267.6,20.5238
267.61,20.5237
267.62,20.5236
267.63,20.5234
267.64,20.5233
267.65,20.5232
267.66,20.5231
267.67,20.523
267.68,20.5229
267.69,20.5228
267.7,20.5227
267.71,20.5226
267.72,20.5225
267.73,20.5224
267.74,20.5223
267.75,20.5222
267.76,20.522
267.77,20.5219
267.78,20.5218
267.79,20.5217
267.8,20.5216
267.81,20.5215
267.82,20.5214
267.83,20.5213
267.84,20.5212
267.85,20.5211
267.86,20.521
267.87,20.5209
267.88,20.5208
267.89,20.5207
267.9,20.5206
267.91,20.5204
267.92,20.5203
267.93,20.5202
267.94,20.5201
267.95,20.52
267.96,20.5199
267.97,20.5198
267.98,20.5197
267.99,20.5196
268,20.5195
268.01,20.5194
268.02,20.5193
268.03,20.5192
268.04,20.5191
268.05,20.519
268.06,20.5188
268.07,20.5187
268.08,20.5186
268.09,20.5185
268.1,20.5184
268.11,20.5183
268.12,20.5182
268.13,20.5181
268.14,20.518
268.15,20.5179
268.16,20.5178
268.17,20.5177
268.18,20.5176
268.19,20.5175
268.2,20.5174
268.21,20.5172
268.22,20.5171
268.23,20.517
268.24,20.5169
268.25,20.5168
268.26,20.5167
268.27,20.5166
268.28,20.5165
268.29,20.5164
268.3,20.5163
268.31,20.5162
268.32,20.5161
268.33,20.516
268.34,20.5159
268.35,20.5158
268.36,20.5157
268.37,20.5156
268.38,20.5154
268.39,20.5153
268.4,20.5152
268.41,20.5151
268.42,20.515
268.43,20.5149
268.44,20.5148
268.45,20.5147
268.46,20.5146
268.47,20.5145
268.48,20.5144
268.49,20.5143
268.5,20.5142
268.51,20.5141
268.52,20.514
268.53,20.5139
268.54,20.5138
268.55,20.5137
268.56,20.5135
268.57,20.5134
268.58,20.5133
268.59,20.5132
268.6,20.5131
268.61,20.513
268.62,20.5129
268.63,20.5128
268.64,20.5127
268.65,20.5126
268.66,20.5125
268.67,20.5124
268.68,20.5123
268.69,20.5122
268.7,20.5121
268.71,20.512
268.72,20.5119
268.73,20.5118
268.74,20.5117
268.75,20.5116
268.76,20.5114
268.77,20.5113
268.78,20.5112
268.79,20.5111
268.8,20.511
268.81,20.5109
268.82,20.5108
268.83,20.5107
268.84,20.5106
268.85,20.5105
268.86,20.5104
268.87,20.5103
268.88,20.5102
268.89,20.5101
268.9,20.51
268.91,20.5099
268.92,20.5098
268.93,20.5097
268.94,20.5096
268.95,20.5095
268.96,20.5094
268.97,20.5092
268.98,20.5091
268.99,20.509
269,20.5089
269.01,20.5088
269.02,20.5087
269.03,20.5086
269.04,20.5085
269.05,20.5084
269.06,20.5083
269.07,20.5082
269.08,20.5081
269.09,20.508
269.1,20.5079
269.11,20.5078
269.12,20.5077
269.13,20.5076
269.14,20.5075
269.15,20.5074
269.16,20.5073
269.17,20.5072
269.18,20.5071
269.19,20.507
269.2,20.5069
269.21,20.5067
269.22,20.5066
269.23,20.5065
269.24,20.5064
269.25,20.5063
269.26,20.5062
269.27,20.5061
269.28,20.506
269.29,20.5059
269.3,20.5058
269.31,20.5057
269.32,20.5056
269.33,20.5055
269.34,20.5054
269.35,20.5053
269.36,20.5052
269.37,20.5051
269.38,20.505
269.39,20.5049
269.4,20.5048
269.41,20.5047
269.42,20.5046
269.43,20.5045
269.44,20.5044
269.45,20.5043
269.46,20.5042
269.47,20.5041
269.48,20.5039
269.49,20.5038
269.5,20.5037
269.51,20.5036
269.52,20.5035
269.53,20.5034
269.54,20.5033
269.55,20.5032
269.56,20.5031
269.57,20.503
269.58,20.5029
269.59,20.5028
269.6,20.5027
269.61,20.5026
269.62,20.5025
269.63,20.5024
269.64,20.5023
269.65,20.5022
269.66,20.5021
269.67,20.502
269.68,20.5019
269.69,20.5018
269.7,20.5017
269.71,20.5016
269.72,20.5015
269.73,20.5014
269.74,20.5013
269.75,20.5012
269.76,20.5011
269.77,20.501
269.78,20.5009
269.79,20.5008
269.8,20.5007
269.81,20.5005
269.82,20.5004
269.83,20.5003
269.84,20.5002
269.85,20.5001
269.86,20.5
269.87,20.4999
269.88,20.4998
269.89,20.4997
269.9,20.4996
269.91,20.4995
269.92,20.4994
269.93,20.4993
269.94,20.4992
269.95,20.4991
269.96,20.499
269.97,20.4989
269.98,20.4988
269.99,20.4987
270,20.4986
270.01,20.4985
270.02,20.4984
270.03,20.4983
270.04,20.4982
270.05,20.4981
270.06,20.498
270.07,20.4979
270.08,20.4978
270.09,20.4977
270.1,20.4976
270.11,20.4975
270.12,20.4974
270.13,20.4973
270.14,20.4972
270.15,20.4971
270.16,20.497
270.17,20.4969
270.18,20.4968
270.19,20.4967
270.2,20.4966
270.21,20.4965
270.22,20.4964
270.23,20.4963
270.24,20.4962
270.25,20.4961
270.26,20.496
270.27,20.4959
270.28,20.4957
270.29,20.4956
270.3,20.4955
270.31,20.4954
270.32,20.4953
270.33,20.4952
270.34,20.4951
270.35,20.495
270.36,20.4949
270.37,20.4948
270.38,20.4947
270.39,20.4946
270.4,20.4945
270.41,20.4944
270.42,20.4943
270.43,20.4942
270.44,20.4941
270.45,20.494
270.46,20.4939
270.47,20.4938
270.48,20.4937
270.49,20.4936
270.5,20.4935
270.51,20.4934
270.52,20.4933
270.53,20.4932
270.54,20.4931
270.55,20.493
270.56,20.4929
270.57,20.4928
270.58,20.4927
270.59,20.4926
270.6,20.4925
270.61,20.4924
270.62,20.4923
270.63,20.4922
270.64,20.4921
270.65,20.492
270.66,20.4919
270.67,20.4918
270.68,20.4917
270.69,20.4916
270.7,20.4915
270.71,20.4914
270.72,20.4913
270.73,20.4912
270.74,20.4911
270.75,20.491
270.76,20.4909
270.77,20.4908
270.78,20.4907
270.79,20.4906
270.8,20.4905
270.81,20.4904
270.82,20.4903
270.83,20.4902
270.84,20.4901
270.85,20.49
270.86,20.4899
270.87,20.4898
270.88,20.4897
270.89,20.4896
270.9,20.4895
270.91,20.4894
270.92,20.4893
270.93,20.4892
270.94,20.4891
270.95,20.489
270.96,20.4889
270.97,20.4888
270.98,20.4887
270.99,20.4886
271,20.4885
271.01,20.4884
271.02,20.4883
271.03,20.4882
271.04,20.4881
271.05,20.488
271.06,20.4879
271.07,20.4878
271.08,20.4877
271.09,20.4876
271.1,20.4875
271.11,20.4874
271.12,20.4873
271.13,20.4872
271.14,20.4871
271.15,20.487
271.16,20.4869
271.17,20.4868
271.18,20.4867
271.19,20.4866
271.2,20.4865
271.21,20.4864
271.22,20.4863
271.23,20.4862
271.24,20.4861
271.25,20.486
271.26,20.4859
271.27,20.4858
271.28,20.4857
271.29,20.4856
271.3,20.4855
271.31,20.4854
271.32,20.4853
271.33,20.4852
271.34,20.4851
271.35,20.485
271.36,20.4849
271.37,20.4848
271.38,20.4847
271.39,20.4846
271.4,20.4845
271.41,20.4844
271.42,20.4843
271.43,20.4842
271.44,20.4841
271.45,20.484
271.46,20.4839
271.47,20.4838
271.48,20.4837
271.49,20.4836
271.5,20.4835
271.51,20.4834
271.52,20.4833
271.53,20.4832
271.54,20.4831
271.55,20.483
271.56,20.4829
271.57,20.4828
271.58,20.4827
271.59,20.4826
271.6,20.4825
271.61,20.4824
271.62,20.4823
271.63,20.4822
271.64,20.4821
271.65,20.482
271.66,20.4819
271.67,20.4818
271.68,20.4817
271.69,20.4816
271.7,20.4815
271.71,20.4814
271.72,20.4813
271.73,20.4812
271.74,20.4811
271.75,20.481
271.76,20.4809
271.77,20.4808
271.78,20.4807
271.79,20.4806
271.8,20.4805
271.81,20.4804
271.82,20.4804
271.83,20.4803
271.84,20.4802
271.85,20.4801
271.86,20.48
271.87,20.4799
271.88,20.4798
271.89,20.4797
271.9,20.4796
271.91,20.4795
271.92,20.4794
271.93,20.4793
271.94,20.4792
271.95,20.4791
271.96,20.479
271.97,20.4789
271.98,20.4788
271.99,20.4787
272,20.4786
272.01,20.4785
272.02,20.4784
272.03,20.4783
272.04,20.4782
272.05,20.4781
272.06,20.478
272.07,20.4779
272.08,20.4778
272.09,20.4777
272.1,20.4776
272.11,20.4775
272.12,20.4774
272.13,20.4773
272.14,20.4772
272.15,20.4771
272.16,20.477
272.17,20.4769
272.18,20.4768
272.19,20.4767
272.2,20.4766
272.21,20.4765
272.22,20.4764
272.23,20.4763
272.24,20.4762
272.25,20.4761
272.26,20.476
272.27,20.4759
272.28,20.4758
272.29,20.4757
272.3,20.4757
272.31,20.4756
272.32,20.4755
272.33,20.4754
272.34,20.4753
272.35,20.4752
272.36,20.4751
272.37,20.475
272.38,20.4749
272.39,20.4748
272.4,20.4747
272.41,20.4746
272.42,20.4745
272.43,20.4744
272.44,20.4743
272.45,20.4742
272.46,20.4741
272.47,20.474
272.48,20.4739
272.49,20.4738
272.5,20.4737
272.51,20.4736
272.52,20.4735
272.53,20.4734
272.54,20.4733
272.55,20.4732
272.56,20.4731
272.57,20.473
272.58,20.4729
272.59,20.4728
272.6,20.4727
272.61,20.4726
272.62,20.4725
272.63,20.4724
272.64,20.4724
272.65,20.4723
272.66,20.4722
272.67,20.4721
272.68,20.472
272.69,20.4719
272.7,20.4718
272.71,20.4717
272.72,20.4716
272.73,20.4715
272.74,20.4714
272.75,20.4713
272.76,20.4712
272.77,20.4711
272.78,20.471
272.79,20.4709
272.8,20.4708
272.81,20.4707
272.82,20.4706
272.83,20.4705
272.84,20.4704
272.85,20.4703
272.86,20.4702
272.87,20.4701
272.88,20.47
272.89,20.4699
272.9,20.4698
272.91,20.4697
272.92,20.4697
272.93,20.4696
272.94,20.4695
272.95,20.4694
272.96,20.4693
272.97,20.4692
272.98,20.4691
272.99,20.469
273,20.4689
273.01,20.4688
273.02,20.4687
273.03,20.4686
273.04,20.4685
273.05,20.4684
273.06,20.4683
273.07,20.4682
273.08,20.4681
273.09,20.468
273.1,20.4679
273.11,20.4678
273.12,20.4677
273.13,20.4676
273.14,20.4675
273.15,20.4674
273.16,20.4674
273.17,20.4673
273.18,20.4672
273.19,20.4671
273.2,20.467
273.21,20.4669
273.22,20.4668
273.23,20.4667
273.24,20.4666
273.25,20.4665
273.26,20.4664
273.27,20.4663
273.28,20.4662
273.29,20.4661
273.3,20.466
273.31,20.4659
273.32,20.4658
273.33,20.4657
273.34,20.4656
273.35,20.4655
273.36,20.4654
273.37,20.4653
273.38,20.4653
273.39,20.4652
273.4,20.4651
273.41,20.465
273.42,20.4649
273.43,20.4648
273.44,20.4647
273.45,20.4646
273.46,20.4645
273.47,20.4644
273.48,20.4643
273.49,20.4642
273.5,20.4641
273.51,20.464
273.52,20.4639
273.53,20.4638
273.54,20.4637
273.55,20.4636
273.56,20.4635
273.57,20.4634
273.58,20.4634
273.59,20.4633
273.6,20.4632
273.61,20.4631
273.62,20.463
273.63,20.4629
273.64,20.4628
273.65,20.4627
273.66,20.4626
273.67,20.4625
273.68,20.4624
273.69,20.4623
273.7,20.4622
273.71,20.4621
273.72,20.462
273.73,20.4619
273.74,20.4618
273.75,20.4617
273.76,20.4616
273.77,20.4616
273.78,20.4615
273.79,20.4614
273.8,20.4613
273.81,20.4612
273.82,20.4611
273.83,20.461
273.84,20.4609
273.85,20.4608
273.86,20.4607
273.87,20.4606
273.88,20.4605
273.89,20.4604
273.9,20.4603
273.91,20.4602
273.92,20.4601
273.93,20.46
273.94,20.4599
273.95,20.4599
273.96,20.4598
273.97,20.4597
273.98,20.4596
273.99,20.4595
274,20.4594
274.01,20.4593
274.02,20.4592
274.03,20.4591
274.04,20.459
274.05,20.4589
274.06,20.4588
274.07,20.4587
274.08,20.4586
274.09,20.4585
274.1,20.4584
274.11,20.4584
274.12,20.4583
274.13,20.4582
274.14,20.4581
274.15,20.458
274.16,20.4579
274.17,20.4578
274.18,20.4577
274.19,20.4576
274.2,20.4575
274.21,20.4574
274.22,20.4573
274.23,20.4572
274.24,20.4571
274.25,20.457
274.26,20.4569
274.27,20.4569
274.28,20.4568
274.29,20.4567
274.3,20.4566
274.31,20.4565
274.32,20.4564
274.33,20.4563
274.34,20.4562
274.35,20.4561
274.36,20.456
274.37,20.4559
274.38,20.4558
274.39,20.4557
274.4,20.4556
274.41,20.4555
274.42,20.4555
274.43,20.4554
274.44,20.4553
274.45,20.4552
274.46,20.4551
274.47,20.455
274.48,20.4549
274.49,20.4548
274.5,20.4547
274.51,20.4546
274.52,20.4545
274.53,20.4544
274.54,20.4543
274.55,20.4542
274.56,20.4542
274.57,20.4541
274.58,20.454
274.59,20.4539
274.6,20.4538
274.61,20.4537
274.62,20.4536
274.63,20.4535
274.64,20.4534
274.65,20.4533
274.66,20.4532
274.67,20.4531
274.68,20.453
274.69,20.4529
274.7,20.4529
274.71,20.4528
274.72,20.4527
274.73,20.4526
274.74,20.4525
274.75,20.4524
274.76,20.4523
274.77,20.4522
274.78,20.4521
274.79,20.452
274.8,20.4519
274.81,20.4518
274.82,20.4517
274.83,20.4517
274.84,20.4516
274.85,20.4515
274.86,20.4514
274.87,20.4513
274.88,20.4512
274.89,20.4511
274.9,20.451
274.91,20.4509
274.92,20.4508
274.93,20.4507
274.94,20.4506
274.95,20.4505
274.96,20.4505
274.97,20.4504
274.98,20.4503
274.99,20.4502
275,20.4501
275.01,20.45
275.02,20.4499
275.03,20.4498
275.04,20.4497
275.05,20.4496
275.06,20.4495
275.07,20.4494
275.08,20.4493
275.09,20.4493
275.1,20.4492
275.11,20.4491
275.12,20.449
275.13,20.4489
275.14,20.4488
275.15,20.4487
275.16,20.4486
275.17,20.4485
275.18,20.4484
275.19,20.4483
275.2,20.4482
275.21,20.4482
275.22,20.4481
275.23,20.448
275.24,20.4479
275.25,20.4478
275.26,20.4477
275.27,20.4476
275.28,20.4475
275.29,20.4474
275.3,20.4473
275.31,20.4472
275.32,20.4471
275.33,20.4471
275.34,20.447
275.35,20.4469
275.36,20.4468
275.37,20.4467
275.38,20.4466
275.39,20.4465
275.4,20.4464
275.41,20.4463
275.42,20.4462
275.43,20.4461
275.44,20.4461
275.45,20.446
275.46,20.4459
275.47,20.4458
275.48,20.4457
275.49,20.4456
275.5,20.4455
275.51,20.4454
275.52,20.4453
275.53,20.4452
275.54,20.4451
275.55,20.445
275.56,20.445
275.57,20.4449
275.58,20.4448
275.59,20.4447
275.6,20.4446
275.61,20.4445
275.62,20.4444
275.63,20.4443
275.64,20.4442
275.65,20.4441
275.66,20.444
275.67,20.444
275.68,20.4439
275.69,20.4438
275.7,20.4437
275.71,20.4436
275.72,20.4435
275.73,20.4434
275.74,20.4433
275.75,20.4432
275.76,20.4431
275.77,20.4431
275.78,20.443
275.79,20.4429
275.8,20.4428
275.81,20.4427
275.82,20.4426
275.83,20.4425
275.84,20.4424
275.85,20.4423
275.86,20.4422
275.87,20.4421
275.88,20.4421
275.89,20.442
275.9,20.4419
275.91,20.4418
275.92,20.4417
275.93,20.4416
275.94,20.4415
275.95,20.4414
275.96,20.4413
275.97,20.4412
275.98,20.4412
275.99,20.4411
276,20.441
276.01,20.4409
276.02,20.4408
276.03,20.4407
276.04,20.4406
276.05,20.4405
276.06,20.4404
276.07,20.4403
276.08,20.4403
276.09,20.4402
276.1,20.4401
276.11,20.44
276.12,20.4399
276.13,20.4398
276.14,20.4397
276.15,20.4396
276.16,20.4395
276.17,20.4394
276.18,20.4394
276.19,20.4393
276.2,20.4392
276.21,20.4391
276.22,20.439
276.23,20.4389
276.24,20.4388
276.25,20.4387
276.26,20.4386
276.27,20.4385
276.28,20.4385
276.29,20.4384
276.3,20.4383
276.31,20.4382
276.32,20.4381
276.33,20.438
276.34,20.4379
276.35,20.4378
276.36,20.4377
276.37,20.4377
276.38,20.4376
276.39,20.4375
276.4,20.4374
276.41,20.4373
276.42,20.4372
276.43,20.4371
276.44,20.437
276.45,20.4369
276.46,20.4368
276.47,20.4368
276.48,20.4367
276.49,20.4366
276.5,20.4365
276.51,20.4364
276.52,20.4363
276.53,20.4362
276.54,20.4361
276.55,20.436
276.56,20.436
276.57,20.4359
276.58,20.4358
276.59,20.4357
276.6,20.4356
276.61,20.4355
276.62,20.4354
276.63,20.4353
276.64,20.4352
276.65,20.4352
276.66,20.4351
276.67,20.435
276.68,20.4349
276.69,20.4348
276.7,20.4347
276.71,20.4346
276.72,20.4345
276.73,20.4344
276.74,20.4344
276.75,20.4343
276.76,20.4342
276.77,20.4341
276.78,20.434
276.79,20.4339
276.8,20.4338
276.81,20.4337
276.82,20.4336
276.83,20.4336
276.84,20.4335
276.85,20.4334
276.86,20.4333
276.87,20.4332
276.88,20.4331
276.89,20.433
276.9,20.4329
276.91,20.4328
276.92,20.4328
276.93,20.4327
276.94,20.4326
276.95,20.4325
276.96,20.4324
276.97,20.4323
276.98,20.4322
276.99,20.4321
277,20.4321
277.01,20.432
277.02,20.4319
277.03,20.4318
277.04,20.4317
277.05,20.4316
277.06,20.4315
277.07,20.4314
277.08,20.4313
277.09,20.4313
277.1,20.4312
277.11,20.4311
277.12,20.431
277.13,20.4309
277.14,20.4308
277.15,20.4307
277.16,20.4306
277.17,20.4306
277.18,20.4305
277.19,20.4304
277.2,20.4303
277.21,20.4302
277.22,20.4301
277.23,20.43
277.24,20.4299
277.25,20.4299
277.26,20.4298
277.27,20.4297
277.28,20.4296
277.29,20.4295
277.3,20.4294
277.31,20.4293
277.32,20.4292
277.33,20.4291
277.34,20.4291
277.35,20.429
277.36,20.4289
277.37,20.4288
277.38,20.4287
277.39,20.4286
277.4,20.4285
277.41,20.4284
277.42,20.4284
277.43,20.4283
277.44,20.4282
277.45,20.4281
277.46,20.428
277.47,20.4279
277.48,20.4278
277.49,20.4277
277.5,20.4277
277.51,20.4276
277.52,20.4275
277.53,20.4274
277.54,20.4273
277.55,20.4272
277.56,20.4271
277.57,20.427
277.58,20.427
277.59,20.4269
277.6,20.4268
277.61,20.4267
277.62,20.4266
277.63,20.4265
277.64,20.4264
277.65,20.4264
277.66,20.4263
277.67,20.4262
277.68,20.4261
277.69,20.426
277.7,20.4259
277.71,20.4258
277.72,20.4257
277.73,20.4257
277.74,20.4256
277.75,20.4255
277.76,20.4254
277.77,20.4253
277.78,20.4252
277.79,20.4251
277.8,20.425
277.81,20.425
277.82,20.4249
277.83,20.4248
277.84,20.4247
277.85,20.4246
277.86,20.4245
277.87,20.4244
277.88,20.4244
277.89,20.4243
277.9,20.4242
277.91,20.4241
277.92,20.424
277.93,20.4239
277.94,20.4238
277.95,20.4237
277.96,20.4237
277.97,20.4236
277.98,20.4235
277.99,20.4234
278,20.4233
278.01,20.4232
278.02,20.4231
278.03,20.4231
278.04,20.423
278.05,20.4229
278.06,20.4228
278.07,20.4227
278.08,20.4226
278.09,20.4225
278.1,20.4225
278.11,20.4224
278.12,20.4223
278.13,20.4222
278.14,20.4221
278.15,20.422
278.16,20.4219
278.17,20.4218
278.18,20.4218
278.19,20.4217
278.2,20.4216
278.21,20.4215
278.22,20.4214
278.23,20.4213
278.24,20.4212
278.25,20.4212
278.26,20.4211
278.27,20.421
278.28,20.4209
278.29,20.4208
278.3,20.4207
278.31,20.4206
278.32,20.4206
278.33,20.4205
278.34,20.4204
278.35,20.4203
278.36,20.4202
278.37,20.4201
278.38,20.42
278.39,20.42
278.4,20.4199
278.41,20.4198
278.42,20.4197
278.43,20.4196
278.44,20.4195
278.45,20.4194
278.46,20.4194
278.47,20.4193
278.48,20.4192
278.49,20.4191
278.5,20.419
278.51,20.4189
278.52,20.4188
278.53,20.4188
278.54,20.4187
278.55,20.4186
278.56,20.4185
278.57,20.4184
278.58,20.4183
278.59,20.4182
278.6,20.4182
278.61,20.4181
278.62,20.418
278.63,20.4179
278.64,20.4178
278.65,20.4177
278.66,20.4176
278.67,20.4176
278.68,20.4175
278.69,20.4174
278.7,20.4173
278.71,20.4172
278.72,20.4171
278.73,20.4171
278.74,20.417
278.75,20.4169
278.76,20.4168
278.77,20.4167
278.78,20.4166
278.79,20.4165
278.8,20.4165
278.81,20.4164
278.82,20.4163
278.83,20.4162
278.84,20.4161
278.85,20.416
278.86,20.4159
278.87,20.4159
278.88,20.4158
278.89,20.4157
278.9,20.4156
278.91,20.4155
278.92,20.4154
278.93,20.4154
278.94,20.4153
278.95,20.4152
278.96,20.4151
278.97,20.415
278.98,20.4149
278.99,20.4148
279,20.4148
279.01,20.4147
279.02,20.4146
279.03,20.4145
279.04,20.4144
279.05,20.4143
279.06,20.4142
279.07,20.4142
279.08,20.4141
279.09,20.414
279.1,20.4139
279.11,20.4138
279.12,20.4137
279.13,20.4137
279.14,20.4136
279.15,20.4135
279.16,20.4134
279.17,20.4133
279.18,20.4132
279.19,20.4132
279.2,20.4131
279.21,20.413
279.22,20.4129
279.23,20.4128
279.24,20.4127
279.25,20.4126
279.26,20.4126
279.27,20.4125
279.28,20.4124
279.29,20.4123
279.3,20.4122
279.31,20.4121
279.32,20.4121
279.33,20.412
279.34,20.4119
279.35,20.4118
279.36,20.4117
279.37,20.4116
279.38,20.4116
279.39,20.4115
279.4,20.4114
279.41,20.4113
279.42,20.4112
279.43,20.4111
279.44,20.411
279.45,20.411
279.46,20.4109
279.47,20.4108
279.48,20.4107
279.49,20.4106
279.5,20.4105
279.51,20.4105
279.52,20.4104
279.53,20.4103
279.54,20.4102
279.55,20.4101
279.56,20.41
279.57,20.41
279.58,20.4099
279.59,20.4098
279.6,20.4097
279.61,20.4096
279.62,20.4095
279.63,20.4095
279.64,20.4094
279.65,20.4093
279.66,20.4092
279.67,20.4091
279.68,20.409
279.69,20.409
279.7,20.4089
279.71,20.4088
279.72,20.4087
279.73,20.4086
279.74,20.4085
279.75,20.4085
279.76,20.4084
279.77,20.4083
279.78,20.4082
279.79,20.4081
279.8,20.408
279.81,20.408
279.82,20.4079
279.83,20.4078
279.84,20.4077
279.85,20.4076
279.86,20.4075
279.87,20.4075
279.88,20.4074
279.89,20.4073
279.9,20.4072
279.91,20.4071
279.92,20.407
279.93,20.407
279.94,20.4069
279.95,20.4068
279.96,20.4067
279.97,20.4066
279.98,20.4065
279.99,20.4065
280,20.4064
280.01,20.4063
280.02,20.4062
280.03,20.4061
280.04,20.406
280.05,20.406
280.06,20.4059
280.07,20.4058
280.08,20.4057
280.09,20.4056
280.1,20.4055
280.11,20.4055
280.12,20.4054
280.13,20.4053
280.14,20.4052
280.15,20.4051
280.16,20.4051
280.17,20.405
280.18,20.4049
280.19,20.4048
280.2,20.4047
280.21,20.4046
280.22,20.4046
280.23,20.4045
280.24,20.4044
280.25,20.4043
280.26,20.4042
280.27,20.4041
280.28,20.4041
280.29,20.404
280.3,20.4039
280.31,20.4038
280.32,20.4037
280.33,20.4036
280.34,20.4036
280.35,20.4035
280.36,20.4034
280.37,20.4033
280.38,20.4032
280.39,20.4032
280.4,20.4031
280.41,20.403
280.42,20.4029
280.43,20.4028
280.44,20.4027
280.45,20.4027
280.46,20.4026
280.47,20.4025
280.48,20.4024
280.49,20.4023
280.5,20.4023
280.51,20.4022
280.52,20.4021
280.53,20.402
280.54,20.4019
280.55,20.4018
280.56,20.4018
280.57,20.4017
280.58,20.4016
280.59,20.4015
280.6,20.4014
280.61,20.4013
280.62,20.4013
280.63,20.4012
280.64,20.4011
280.65,20.401
280.66,20.4009
280.67,20.4009
280.68,20.4008
280.69,20.4007
280.7,20.4006
280.71,20.4005
280.72,20.4005
280.73,20.4004
280.74,20.4003
280.75,20.4002
280.76,20.4001
280.77,20.4
280.78,20.4
280.79,20.3999
280.8,20.3998
280.81,20.3997
280.82,20.3996
280.83,20.3996
280.84,20.3995
280.85,20.3994
280.86,20.3993
280.87,20.3992
280.88,20.3991
280.89,20.3991
280.9,20.399
280.91,20.3989
280.92,20.3988
280.93,20.3987
280.94,20.3987
280.95,20.3986
280.96,20.3985
280.97,20.3984
280.98,20.3983
280.99,20.3983
281,20.3982
281.01,20.3981
281.02,20.398
281.03,20.3979
281.04,20.3978
281.05,20.3978
281.06,20.3977
281.07,20.3976
281.08,20.3975
281.09,20.3974
281.1,20.3974
281.11,20.3973
281.12,20.3972
281.13,20.3971
281.14,20.397
281.15,20.397
281.16,20.3969
281.17,20.3968
281.18,20.3967
281.19,20.3966
281.2,20.3965
281.21,20.3965
281.22,20.3964
281.23,20.3963
281.24,20.3962
281.25,20.3961
281.26,20.3961
281.27,20.396
281.28,20.3959
281.29,20.3958
281.3,20.3957
281.31,20.3957
281.32,20.3956
281.33,20.3955
281.34,20.3954
281.35,20.3953
281.36,20.3953
281.37,20.3952
281.38,20.3951
281.39,20.395
281.4,20.3949
281.41,20.3949
281.42,20.3948
281.43,20.3947
281.44,20.3946
281.45,20.3945
281.46,20.3945
281.47,20.3944
281.48,20.3943
281.49,20.3942
281.5,20.3941
281.51,20.394
281.52,20.394
281.53,20.3939
281.54,20.3938
281.55,20.3937
281.56,20.3936
281.57,20.3936
281.58,20.3935
281.59,20.3934
281.6,20.3933
281.61,20.3932
281.62,20.3932
281.63,20.3931
281.64,20.393
281.65,20.3929
281.66,20.3928
281.67,20.3928
281.68,20.3927
281.69,20.3926
281.7,20.3925
281.71,20.3924
281.72,20.3924
281.73,20.3923
281.74,20.3922
281.75,20.3921
281.76,20.392
281.77,20.392
281.78,20.3919
281.79,20.3918
281.8,20.3917
281.81,20.3916
281.82,20.3916
281.83,20.3915
281.84,20.3914
281.85,20.3913
281.86,20.3912
281.87,20.3912
281.88,20.3911
281.89,20.391
281.9,20.3909
281.91,20.3908
281.92,20.3908
281.93,20.3907
281.94,20.3906
281.95,20.3905
281.96,20.3904
281.97,20.3904
281.98,20.3903
281.99,20.3902
282,20.3901
282.01,20.3901
282.02,20.39
282.03,20.3899
282.04,20.3898
282.05,20.3897
282.06,20.3897
282.07,20.3896
282.08,20.3895
282.09,20.3894
282.1,20.3893
282.11,20.3893
282.12,20.3892
282.13,20.3891
282.14,20.389
282.15,20.3889
282.16,20.3889
282.17,20.3888
282.18,20.3887
282.19,20.3886
282.2,20.3885
282.21,20.3885
282.22,20.3884
282.23,20.3883
282.24,20.3882
282.25,20.3881
282.26,20.3881
282.27,20.388
282.28,20.3879
282.29,20.3878
282.3,20.3878
282.31,20.3877
282.32,20.3876
282.33,20.3875
282.34,20.3874
282.35,20.3874
282.36,20.3873
282.37,20.3872
282.38,20.3871
282.39,20.387
282.4,20.387
282.41,20.3869
282.42,20.3868
282.43,20.3867
282.44,20.3866
282.45,20.3866
282.46,20.3865
282.47,20.3864
282.48,20.3863
282.49,20.3863
282.5,20.3862
282.51,20.3861
282.52,20.386
282.53,20.3859
282.54,20.3859
282.55,20.3858
282.56,20.3857
282.57,20.3856
282.58,20.3855
282.59,20.3855
282.6,20.3854
282.61,20.3853
282.62,20.3852
282.63,20.3852
282.64,20.3851
282.65,20.385
282.66,20.3849
282.67,20.3848
282.68,20.3848
282.69,20.3847
282.7,20.3846
282.71,20.3845
282.72,20.3844
282.73,20.3844
282.74,20.3843
282.75,20.3842
282.76,20.3841
282.77,20.3841
282.78,20.384
282.79,20.3839
282.8,20.3838
282.81,20.3837
282.82,20.3837
282.83,20.3836
282.84,20.3835
282.85,20.3834
282.86,20.3833
282.87,20.3833
282.88,20.3832
282.89,20.3831
282.9,20.383
282.91,20.383
282.92,20.3829
282.93,20.3828
282.94,20.3827
282.95,20.3826
282.96,20.3826
282.97,20.3825
282.98,20.3824
282.99,20.3823
283,20.3823
283.01,20.3822
283.02,20.3821
283.03,20.382
283.04,20.3819
283.05,20.3819
283.06,20.3818
283.07,20.3817
283.08,20.3816
283.09,20.3816
283.1,20.3815
283.11,20.3814
283.12,20.3813
283.13,20.3812
283.14,20.3812
283.15,20.3811
283.16,20.381
283.17,20.3809
283.18,20.3809
283.19,20.3808
283.2,20.3807
283.21,20.3806
283.22,20.3805
283.23,20.3805
283.24,20.3804
283.25,20.3803
283.26,20.3802
283.27,20.3802
283.28,20.3801
283.29,20.38
283.3,20.3799
283.31,20.3798
283.32,20.3798
283.33,20.3797
283.34,20.3796
283.35,20.3795
283.36,20.3795
283.37,20.3794
283.38,20.3793
283.39,20.3792
283.4,20.3792
283.41,20.3791
283.42,20.379
283.43,20.3789
283.44,20.3788
283.45,20.3788
283.46,20.3787
283.47,20.3786
283.48,20.3785
283.49,20.3785
283.5,20.3784
283.51,20.3783
283.52,20.3782
283.53,20.3781
283.54,20.3781
283.55,20.378
283.56,20.3779
283.57,20.3778
283.58,20.3778
283.59,20.3777
283.6,20.3776
283.61,20.3775
283.62,20.3775
283.63,20.3774
283.64,20.3773
283.65,20.3772
283.66,20.3771
283.67,20.3771
283.68,20.377
283.69,20.3769
283.7,20.3768
283.71,20.3768
283.72,20.3767
283.73,20.3766
283.74,20.3765
283.75,20.3765
283.76,20.3764
283.77,20.3763
283.78,20.3762
283.79,20.3762
283.8,20.3761
283.81,20.376
283.82,20.3759
283.83,20.3758
283.84,20.3758
283.85,20.3757
283.86,20.3756
283.87,20.3755
283.88,20.3755
283.89,20.3754
283.9,20.3753
283.91,20.3752
283.92,20.3752
283.93,20.3751
283.94,20.375
283.95,20.3749
283.96,20.3749
283.97,20.3748
283.98,20.3747
283.99,20.3746
284,20.3745
284.01,20.3745
284.02,20.3744
284.03,20.3743
284.04,20.3742
284.05,20.3742
284.06,20.3741
284.07,20.374
284.08,20.3739
284.09,20.3739
284.1,20.3738
284.11,20.3737
284.12,20.3736
284.13,20.3736
284.14,20.3735
284.15,20.3734
284.16,20.3733
284.17,20.3732
284.18,20.3732
284.19,20.3731
284.2,20.373
284.21,20.3729
284.22,20.3729
284.23,20.3728
284.24,20.3727
284.25,20.3726
284.26,20.3726
284.27,20.3725
284.28,20.3724
284.29,20.3723
284.3,20.3723
284.31,20.3722
284.32,20.3721
284.33,20.372
284.34,20.372
284.35,20.3719
284.36,20.3718
284.37,20.3717
284.38,20.3717
284.39,20.3716
284.4,20.3715
284.41,20.3714
284.42,20.3714
284.43,20.3713
284.44,20.3712
284.45,20.3711
284.46,20.3711
284.47,20.371
284.48,20.3709
284.49,20.3708
284.5,20.3707
284.51,20.3707
284.52,20.3706
284.53,20.3705
284.54,20.3704
284.55,20.3704
284.56,20.3703
284.57,20.3702
284.58,20.3701
284.59,20.3701
284.6,20.37
284.61,20.3699
284.62,20.3698
284.63,20.3698
284.64,20.3697
284.65,20.3696
284.66,20.3695
284.67,20.3695
284.68,20.3694
284.69,20.3693
284.7,20.3692
284.71,20.3692
284.72,20.3691
284.73,20.369
284.74,20.3689
284.75,20.3689
284.76,20.3688
284.77,20.3687
284.78,20.3686
284.79,20.3686
284.8,20.3685
284.81,20.3684
284.82,20.3683
284.83,20.3683
284.84,20.3682
284.85,20.3681
284.86,20.368
284.87,20.368
284.88,20.3679
284.89,20.3678
284.9,20.3677
284.91,20.3677
284.92,20.3676
284.93,20.3675
284.94,20.3674
284.95,20.3674
284.96,20.3673
284.97,20.3672
284.98,20.3671
284.99,20.3671
285,20.367
285.01,20.3669
285.02,20.3668
285.03,20.3668
285.04,20.3667
285.05,20.3666
285.06,20.3665
285.07,20.3665
285.08,20.3664
285.09,20.3663
285.1,20.3662
285.11,20.3662
285.12,20.3661
285.13,20.366
285.14,20.3659
285.15,20.3659
285.16,20.3658
285.17,20.3657
285.18,20.3656
285.19,20.3656
285.2,20.3655
285.21,20.3654
285.22,20.3654
285.23,20.3653
285.24,20.3652
285.25,20.3651
285.26,20.3651
285.27,20.365
285.28,20.3649
285.29,20.3648
285.3,20.3648
285.31,20.3647
285.32,20.3646
285.33,20.3645
285.34,20.3645
285.35,20.3644
285.36,20.3643
285.37,20.3642
285.38,20.3642
285.39,20.3641
285.4,20.364
285.41,20.3639
285.42,20.3639
285.43,20.3638
285.44,20.3637
285.45,20.3636
285.46,20.3636
285.47,20.3635
285.48,20.3634
285.49,20.3633
285.5,20.3633
285.51,20.3632
285.52,20.3631
285.53,20.3631
285.54,20.363
285.55,20.3629
285.56,20.3628
285.57,20.3628
285.58,20.3627
285.59,20.3626
285.6,20.3625
285.61,20.3625
285.62,20.3624
285.63,20.3623
285.64,20.3622
285.65,20.3622
285.66,20.3621
285.67,20.362
285.68,20.3619
285.69,20.3619
285.7,20.3618
285.71,20.3617
285.72,20.3616
285.73,20.3616
285.74,20.3615
285.75,20.3614
285.76,20.3614
285.77,20.3613
285.78,20.3612
285.79,20.3611
285.8,20.3611
285.81,20.361
285.82,20.3609
285.83,20.3608
285.84,20.3608
285.85,20.3607
285.86,20.3606
285.87,20.3605
285.88,20.3605
285.89,20.3604
285.9,20.3603
285.91,20.3603
285.92,20.3602
285.93,20.3601
285.94,20.36
285.95,20.36
285.96,20.3599
285.97,20.3598
285.98,20.3597
285.99,20.3597
286,20.3596
286.01,20.3595
286.02,20.3594
286.03,20.3594
286.04,20.3593
286.05,20.3592
286.06,20.3592
286.07,20.3591
286.08,20.359
286.09,20.3589
286.1,20.3589
286.11,20.3588
286.12,20.3587
286.13,20.3586
286.14,20.3586
286.15,20.3585
286.16,20.3584
286.17,20.3584
286.18,20.3583
286.19,20.3582
286.2,20.3581
286.21,20.3581
286.22,20.358
286.23,20.3579
286.24,20.3578
286.25,20.3578
286.26,20.3577
286.27,20.3576
286.28,20.3575
286.29,20.3575
286.3,20.3574
286.31,20.3573
286.32,20.3573
286.33,20.3572
286.34,20.3571
286.35,20.357
286.36,20.357
286.37,20.3569
286.38,20.3568
286.39,20.3567
286.4,20.3567
286.41,20.3566
286.42,20.3565
286.43,20.3565
286.44,20.3564
286.45,20.3563
286.46,20.3562
286.47,20.3562
286.48,20.3561
286.49,20.356
286.5,20.356
286.51,20.3559
286.52,20.3558
286.53,20.3557
286.54,20.3557
286.55,20.3556
286.56,20.3555
286.57,20.3554
286.58,20.3554
286.59,20.3553
286.6,20.3552
286.61,20.3552
286.62,20.3551
286.63,20.355
286.64,20.3549
286.65,20.3549
286.66,20.3548
286.67,20.3547
286.68,20.3546
286.69,20.3546
286.7,20.3545
286.71,20.3544
286.72,20.3544
286.73,20.3543
286.74,20.3542
286.75,20.3541
286.76,20.3541
286.77,20.354
286.78,20.3539
286.79,20.3539
286.8,20.3538
286.81,20.3537
286.82,20.3536
286.83,20.3536
286.84,20.3535
286.85,20.3534
286.86,20.3534
286.87,20.3533
286.88,20.3532
286.89,20.3531
286.9,20.3531
286.91,20.353
286.92,20.3529
286.93,20.3528
286.94,20.3528
286.95,20.3527
286.96,20.3526
286.97,20.3526
286.98,20.3525
286.99,20.3524
287,20.3523
287.01,20.3523
287.02,20.3522
287.03,20.3521
287.04,20.3521
287.05,20.352
287.06,20.3519
287.07,20.3518
287.08,20.3518
287.09,20.3517
287.1,20.3516
287.11,20.3516
287.12,20.3515
287.13,20.3514
287.14,20.3513
287.15,20.3513
287.16,20.3512
287.17,20.3511
287.18,20.3511
287.19,20.351
287.2,20.3509
287.21,20.3508
287.22,20.3508
287.23,20.3507
287.24,20.3506
287.25,20.3506
287.26,20.3505
287.27,20.3504
287.28,20.3503
287.29,20.3503
287.3,20.3502
287.31,20.3501
287.32,20.3501
287.33,20.35
287.34,20.3499
287.35,20.3498
287.36,20.3498
287.37,20.3497
287.38,20.3496
287.39,20.3496
287.4,20.3495
287.41,20.3494
287.42,20.3493
287.43,20.3493
287.44,20.3492
287.45,20.3491
287.46,20.3491
287.47,20.349
287.48,20.3489
287.49,20.3489
287.5,20.3488
287.51,20.3487
287.52,20.3486
287.53,20.3486
287.54,20.3485
287.55,20.3484
287.56,20.3484
287.57,20.3483
287.58,20.3482
287.59,20.3481
287.6,20.3481
287.61,20.348
287.62,20.3479
287.63,20.3479
287.64,20.3478
287.65,20.3477
287.66,20.3476
287.67,20.3476
287.68,20.3475
287.69,20.3474
287.7,20.3474
287.71,20.3473
287.72,20.3472
287.73,20.3472
287.74,20.3471
287.75,20.347
287.76,20.3469
287.77,20.3469
287.78,20.3468
287.79,20.3467
287.8,20.3467
287.81,20.3466
287.82,20.3465
287.83,20.3464
287.84,20.3464
287.85,20.3463
287.86,20.3462
287.87,20.3462
287.88,20.3461
287.89,20.346
287.9,20.346
287.91,20.3459
287.92,20.3458
287.93,20.3457
287.94,20.3457
287.95,20.3456
287.96,20.3455
287.97,20.3455
287.98,20.3454
287.99,20.3453
288,20.3452
288.01,20.3452
288.02,20.3451
288.03,20.345
288.04,20.345
288.05,20.3449
288.06,20.3448
288.07,20.3448
288.08,20.3447
288.09,20.3446
288.1,20.3445
288.11,20.3445
288.12,20.3444
288.13,20.3443
288.14,20.3443
288.15,20.3442
288.16,20.3441
288.17,20.3441
288.18,20.344
288.19,20.3439
288.2,20.3438
288.21,20.3438
288.22,20.3437
288.23,20.3436
288.24,20.3436
288.25,20.3435
288.26,20.3434
288.27,20.3434
288.28,20.3433
288.29,20.3432
288.3,20.3431
288.31,20.3431
288.32,20.343
288.33,20.3429
288.34,20.3429
288.35,20.3428
288.36,20.3427
288.37,20.3427
288.38,20.3426
288.39,20.3425
288.4,20.3425
288.41,20.3424
288.42,20.3423
288.43,20.3422
288.44,20.3422
288.45,20.3421
288.46,20.342
288.47,20.342
288.48,20.3419
288.49,20.3418
288.5,20.3418
288.51,20.3417
288.52,20.3416
288.53,20.3415
288.54,20.3415
288.55,20.3414
288.56,20.3413
288.57,20.3413
288.58,20.3412
288.59,20.3411
288.6,20.3411
288.61,20.341
288.62,20.3409
288.63,20.3409
288.64,20.3408
288.65,20.3407
288.66,20.3406
288.67,20.3406
288.68,20.3405
288.69,20.3404
288.7,20.3404
288.71,20.3403
288.72,20.3402
288.73,20.3402
288.74,20.3401
288.75,20.34
288.76,20.34
288.77,20.3399
288.78,20.3398
288.79,20.3397
288.8,20.3397
288.81,20.3396
288.82,20.3395
288.83,20.3395
288.84,20.3394
288.85,20.3393
288.86,20.3393
288.87,20.3392
288.88,20.3391
288.89,20.3391
288.9,20.339
288.91,20.3389
288.92,20.3388
288.93,20.3388
288.94,20.3387
288.95,20.3386
288.96,20.3386
288.97,20.3385
288.98,20.3384
288.99,20.3384
289,20.3383
289.01,20.3382
289.02,20.3382
289.03,20.3381
289.04,20.338
289.05,20.338
289.06,20.3379
289.07,20.3378
289.08,20.3377
289.09,20.3377
289.1,20.3376
289.11,20.3375
289.12,20.3375
289.13,20.3374
289.14,20.3373
289.15,20.3373
289.16,20.3372
289.17,20.3371
289.18,20.3371
289.19,20.337
289.2,20.3369
289.21,20.3369
289.22,20.3368
289.23,20.3367
289.24,20.3366
289.25,20.3366
289.26,20.3365
289.27,20.3364
289.28,20.3364
289.29,20.3363
289.3,20.3362
289.31,20.3362
289.32,20.3361
289.33,20.336
289.34,20.336
289.35,20.3359
289.36,20.3358
289.37,20.3358
289.38,20.3357
289.39,20.3356
289.4,20.3356
289.41,20.3355
289.42,20.3354
289.43,20.3354
289.44,20.3353
289.45,20.3352
289.46,20.3351
289.47,20.3351
289.48,20.335
289.49,20.3349
289.5,20.3349
289.51,20.3348
289.52,20.3347
289.53,20.3347
289.54,20.3346
289.55,20.3345
289.56,20.3345
289.57,20.3344
289.58,20.3343
289.59,20.3343
289.6,20.3342
289.61,20.3341
289.62,20.3341
289.63,20.334
289.64,20.3339
289.65,20.3339
289.66,20.3338
289.67,20.3337
289.68,20.3336
289.69,20.3336
289.7,20.3335
289.71,20.3334
289.72,20.3334
289.73,20.3333
289.74,20.3332
289.75,20.3332
289.76,20.3331
289.77,20.333
289.78,20.333
289.79,20.3329
289.8,20.3328
289.81,20.3328
289.82,20.3327
289.83,20.3326
289.84,20.3326
289.85,20.3325
289.86,20.3324
289.87,20.3324
289.88,20.3323
289.89,20.3322
289.9,20.3322
289.91,20.3321
289.92,20.332
289.93,20.332
289.94,20.3319
289.95,20.3318
289.96,20.3318
289.97,20.3317
289.98,20.3316
289.99,20.3316
290,20.3315
290.01,20.3314
290.02,20.3314
290.03,20.3313
290.04,20.3312
290.05,20.3311
290.06,20.3311
290.07,20.331
290.08,20.3309
290.09,20.3309
290.1,20.3308
290.11,20.3307
290.12,20.3307
290.13,20.3306
290.14,20.3305
290.15,20.3305
290.16,20.3304
290.17,20.3303
290.18,20.3303
290.19,20.3302
290.2,20.3301
290.21,20.3301
290.22,20.33
290.23,20.3299
290.24,20.3299
290.25,20.3298
290.26,20.3297
290.27,20.3297
290.28,20.3296
290.29,20.3295
290.3,20.3295
290.31,20.3294
290.32,20.3293
290.33,20.3293
290.34,20.3292
290.35,20.3291
290.36,20.3291
290.37,20.329
290.38,20.3289
290.39,20.3289
290.4,20.3288
290.41,20.3287
290.42,20.3287
290.43,20.3286
290.44,20.3285
290.45,20.3285
290.46,20.3284
290.47,20.3283
290.48,20.3283
290.49,20.3282
290.5,20.3281
290.51,20.3281
290.52,20.328
290.53,20.3279
290.54,20.3279
290.55,20.3278
290.56,20.3277
290.57,20.3277
290.58,20.3276
290.59,20.3275
290.6,20.3275
290.61,20.3274
290.62,20.3273
290.63,20.3273
290.64,20.3272
290.65,20.3271
290.66,20.3271
290.67,20.327
290.68,20.3269
290.69,20.3269
290.7,20.3268
290.71,20.3267
290.72,20.3267
290.73,20.3266
290.74,20.3265
290.75,20.3265
290.76,20.3264
290.77,20.3263
290.78,20.3263
290.79,20.3262
290.8,20.3261
290.81,20.3261
290.82,20.326
290.83,20.3259
290.84,20.3259
290.85,20.3258
290.86,20.3257
290.87,20.3257
290.88,20.3256
290.89,20.3255
290.9,20.3255
290.91,20.3254
290.92,20.3253
290.93,20.3253
290.94,20.3252
290.95,20.3251
290.96,20.3251
290.97,20.325
290.98,20.3249
290.99,20.3249
291,20.3248
291.01,20.3247
291.02,20.3247
291.03,20.3246
291.04,20.3246
291.05,20.3245
291.06,20.3244
291.07,20.3244
291.08,20.3243
291.09,20.3242
291.1,20.3242
291.11,20.3241
291.12,20.324
291.13,20.324
291.14,20.3239
291.15,20.3238
291.16,20.3238
291.17,20.3237
291.18,20.3236
291.19,20.3236
291.2,20.3235
291.21,20.3234
291.22,20.3234
291.23,20.3233
291.24,20.3232
291.25,20.3232
291.26,20.3231
291.27,20.323
291.28,20.323
291.29,20.3229
291.3,20.3228
291.31,20.3228
291.32,20.3227
291.33,20.3226
291.34,20.3226
291.35,20.3225
291.36,20.3224
291.37,20.3224
291.38,20.3223
291.39,20.3222
291.4,20.3222
291.41,20.3221
291.42,20.3221
291.43,20.322
291.44,20.3219
291.45,20.3219
291.46,20.3218
291.47,20.3217
291.48,20.3217
291.49,20.3216
291.5,20.3215
291.51,20.3215
291.52,20.3214
291.53,20.3213
291.54,20.3213
291.55,20.3212
291.56,20.3211
291.57,20.3211
291.58,20.321
291.59,20.3209
291.6,20.3209
291.61,20.3208
291.62,20.3207
291.63,20.3207
291.64,20.3206
291.65,20.3206
291.66,20.3205
291.67,20.3204
291.68,20.3204
291.69,20.3203
291.7,20.3202
291.71,20.3202
291.72,20.3201
291.73,20.32
291.74,20.32
291.75,20.3199
291.76,20.3198
291.77,20.3198
291.78,20.3197
291.79,20.3196
291.8,20.3196
291.81,20.3195
291.82,20.3194
291.83,20.3194
291.84,20.3193
291.85,20.3193
291.86,20.3192
291.87,20.3191
291.88,20.3191
291.89,20.319
291.9,20.3189
291.91,20.3189
291.92,20.3188
291.93,20.3187
291.94,20.3187
291.95,20.3186
291.96,20.3185
291.97,20.3185
291.98,20.3184
291.99,20.3183
292,20.3183
292.01,20.3182
292.02,20.3182
292.03,20.3181
292.04,20.318
292.05,20.318
292.06,20.3179
292.07,20.3178
292.08,20.3178
292.09,20.3177
292.1,20.3176
292.11,20.3176
292.12,20.3175
292.13,20.3174
292.14,20.3174
292.15,20.3173
292.16,20.3172
292.17,20.3172
292.18,20.3171
292.19,20.3171
292.2,20.317
292.21,20.3169
292.22,20.3169
292.23,20.3168
292.24,20.3167
292.25,20.3167
292.26,20.3166
292.27,20.3165
292.28,20.3165
292.29,20.3164
292.3,20.3163
292.31,20.3163
292.32,20.3162
292.33,20.3162
292.34,20.3161
292.35,20.316
292.36,20.316
292.37,20.3159
292.38,20.3158
292.39,20.3158
292.4,20.3157
292.41,20.3156
292.42,20.3156
292.43,20.3155
292.44,20.3154
292.45,20.3154
292.46,20.3153
292.47,20.3153
292.48,20.3152
292.49,20.3151
292.5,20.3151
292.51,20.315
292.52,20.3149
292.53,20.3149
292.54,20.3148
292.55,20.3147
292.56,20.3147
292.57,20.3146
292.58,20.3146
292.59,20.3145
292.6,20.3144
292.61,20.3144
292.62,20.3143
292.63,20.3142
292.64,20.3142
292.65,20.3141
292.66,20.314
292.67,20.314
292.68,20.3139
292.69,20.3138
292.7,20.3138
292.71,20.3137
292.72,20.3137
292.73,20.3136
292.74,20.3135
292.75,20.3135
292.76,20.3134
292.77,20.3133
292.78,20.3133
292.79,20.3132
292.8,20.3131
292.81,20.3131
292.82,20.313
292.83,20.313
292.84,20.3129
292.85,20.3128
292.86,20.3128
292.87,20.3127
292.88,20.3126
292.89,20.3126
292.9,20.3125
292.91,20.3124
292.92,20.3124
292.93,20.3123
292.94,20.3123
292.95,20.3122
292.96,20.3121
292.97,20.3121
292.98,20.312
292.99,20.3119
293,20.3119
293.01,20.3118
293.02,20.3118
293.03,20.3117
293.04,20.3116
293.05,20.3116
293.06,20.3115
293.07,20.3114
293.08,20.3114
293.09,20.3113
293.1,20.3112
293.11,20.3112
293.12,20.3111
293.13,20.3111
293.14,20.311
293.15,20.3109
293.16,20.3109
293.17,20.3108
293.18,20.3107
293.19,20.3107
293.2,20.3106
293.21,20.3106
293.22,20.3105
293.23,20.3104
293.24,20.3104
293.25,20.3103
293.26,20.3102
293.27,20.3102
293.28,20.3101
293.29,20.31
293.3,20.31
293.31,20.3099
293.32,20.3099
293.33,20.3098
293.34,20.3097
293.35,20.3097
293.36,20.3096
293.37,20.3095
293.38,20.3095
293.39,20.3094
293.4,20.3094
293.41,20.3093
293.42,20.3092
293.43,20.3092
293.44,20.3091
293.45,20.309
293.46,20.309
293.47,20.3089
293.48,20.3089
293.49,20.3088
293.5,20.3087
293.51,20.3087
293.52,20.3086
293.53,20.3085
293.54,20.3085
293.55,20.3084
293.56,20.3084
293.57,20.3083
293.58,20.3082
293.59,20.3082
293.6,20.3081
293.61,20.308
293.62,20.308
293.63,20.3079
293.64,20.3079
293.65,20.3078
293.66,20.3077
293.67,20.3077
293.68,20.3076
293.69,20.3075
293.7,20.3075
293.71,20.3074
293.72,20.3074
293.73,20.3073
293.74,20.3072
293.75,20.3072
293.76,20.3071
293.77,20.307
293.78,20.307
293.79,20.3069
293.8,20.3069
293.81,20.3068
293.82,20.3067
293.83,20.3067
293.84,20.3066
293.85,20.3065
293.86,20.3065
293.87,20.3064
293.88,20.3064
293.89,20.3063
293.9,20.3062
293.91,20.3062
293.92,20.3061
293.93,20.306
293.94,20.306
293.95,20.3059
293.96,20.3059
293.97,20.3058
293.98,20.3057
293.99,20.3057
294,20.3056
294.01,20.3055
294.02,20.3055
294.03,20.3054
294.04,20.3054
294.05,20.3053
294.06,20.3052
294.07,20.3052
294.08,20.3051
294.09,20.305
294.1,20.305
294.11,20.3049
294.12,20.3049
294.13,20.3048
294.14,20.3047
294.15,20.3047
294.16,20.3046
294.17,20.3046
294.18,20.3045
294.19,20.3044
294.2,20.3044
294.21,20.3043
294.22,20.3042
294.23,20.3042
294.24,20.3041
294.25,20.3041
294.26,20.304
294.27,20.3039
294.28,20.3039
294.29,20.3038
294.3,20.3038
294.31,20.3037
294.32,20.3036
294.33,20.3036
294.34,20.3035
294.35,20.3034
294.36,20.3034
294.37,20.3033
294.38,20.3033
294.39,20.3032
294.4,20.3031
294.41,20.3031
294.42,20.303
294.43,20.303
294.44,20.3029
294.45,20.3028
294.46,20.3028
294.47,20.3027
294.48,20.3026
294.49,20.3026
294.5,20.3025
294.51,20.3025
294.52,20.3024
294.53,20.3023
294.54,20.3023
294.55,20.3022
294.56,20.3022
294.57,20.3021
294.58,20.302
294.59,20.302
294.6,20.3019
294.61,20.3018
294.62,20.3018
294.63,20.3017
294.64,20.3017
294.65,20.3016
294.66,20.3015
294.67,20.3015
294.68,20.3014
294.69,20.3014
294.7,20.3013
294.71,20.3012
294.72,20.3012
294.73,20.3011
294.74,20.301
294.75,20.301
294.76,20.3009
294.77,20.3009
294.78,20.3008
294.79,20.3007
294.8,20.3007
294.81,20.3006
294.82,20.3006
294.83,20.3005
294.84,20.3004
294.85,20.3004
294.86,20.3003
294.87,20.3003
294.88,20.3002
294.89,20.3001
294.9,20.3001
294.91,20.3
294.92,20.3
294.93,20.2999
294.94,20.2998
294.95,20.2998
294.96,20.2997
294.97,20.2996
294.98,20.2996
294.99,20.2995
295,20.2995
295.01,20.2994
295.02,20.2993
295.03,20.2993
295.04,20.2992
295.05,20.2992
295.06,20.2991
295.07,20.299
295.08,20.299
295.09,20.2989
295.1,20.2989
295.11,20.2988
295.12,20.2987
295.13,20.2987
295.14,20.2986
295.15,20.2986
295.16,20.2985
295.17,20.2984
295.18,20.2984
295.19,20.2983
295.2,20.2983
295.21,20.2982
295.22,20.2981
295.23,20.2981
295.24,20.298
295.25,20.2979
295.26,20.2979
295.27,20.2978
295.28,20.2978
295.29,20.2977
295.3,20.2976
295.31,20.2976
295.32,20.2975
295.33,20.2975
295.34,20.2974
295.35,20.2973
295.36,20.2973
295.37,20.2972
295.38,20.2972
295.39,20.2971
295.4,20.297
295.41,20.297
295.42,20.2969
295.43,20.2969
295.44,20.2968
295.45,20.2967
295.46,20.2967
295.47,20.2966
295.48,20.2966
295.49,20.2965
295.5,20.2964
295.51,20.2964
295.52,20.2963
295.53,20.2963
295.54,20.2962
295.55,20.2961
295.56,20.2961
295.57,20.296
295.58,20.296
295.59,20.2959
295.6,20.2958
295.61,20.2958
295.62,20.2957
295.63,20.2957
295.64,20.2956
295.65,20.2955
295.66,20.2955
295.67,20.2954
295.68,20.2954
295.69,20.2953
295.7,20.2952
295.71,20.2952
295.72,20.2951
295.73,20.2951
295.74,20.295
295.75,20.2949
295.76,20.2949
295.77,20.2948
295.78,20.2948
295.79,20.2947
295.8,20.2946
295.81,20.2946
295.82,20.2945
295.83,20.2945
295.84,20.2944
295.85,20.2943
295.86,20.2943
295.87,20.2942
295.88,20.2942
295.89,20.2941
295.9,20.294
295.91,20.294
295.92,20.2939
295.93,20.2939
295.94,20.2938
295.95,20.2937
295.96,20.2937
295.97,20.2936
295.98,20.2936
295.99,20.2935
296,20.2934
296.01,20.2934
296.02,20.2933
296.03,20.2933
296.04,20.2932
296.05,20.2931
296.06,20.2931
296.07,20.293
296.08,20.293
296.09,20.2929
296.1,20.2929
296.11,20.2928
296.12,20.2927
296.13,20.2927
296.14,20.2926
296.15,20.2926
296.16,20.2925
296.17,20.2924
296.18,20.2924
296.19,20.2923
296.2,20.2923
296.21,20.2922
296.22,20.2921
296.23,20.2921
296.24,20.292
296.25,20.292
296.26,20.2919
296.27,20.2918
296.28,20.2918
296.29,20.2917
296.3,20.2917
296.31,20.2916
296.32,20.2915
296.33,20.2915
296.34,20.2914
296.35,20.2914
296.36,20.2913
296.37,20.2913
296.38,20.2912
296.39,20.2911
296.4,20.2911
296.41,20.291
296.42,20.291
296.43,20.2909
296.44,20.2908
296.45,20.2908
296.46,20.2907
296.47,20.2907
296.48,20.2906
296.49,20.2905
296.5,20.2905
296.51,20.2904
296.52,20.2904
296.53,20.2903
296.54,20.2902
296.55,20.2902
296.56,20.2901
296.57,20.2901
296.58,20.29
296.59,20.29
296.6,20.2899
296.61,20.2898
296.62,20.2898
296.63,20.2897
296.64,20.2897
296.65,20.2896
296.66,20.2895
296.67,20.2895
296.68,20.2894
296.69,20.2894
296.7,20.2893
296.71,20.2892
296.72,20.2892
296.73,20.2891
296.74,20.2891
296.75,20.289
296.76,20.289
296.77,20.2889
296.78,20.2888
296.79,20.2888
296.8,20.2887
296.81,20.2887
296.82,20.2886
296.83,20.2885
296.84,20.2885
296.85,20.2884
296.86,20.2884
296.87,20.2883
296.88,20.2883
296.89,20.2882
296.9,20.2881
296.91,20.2881
296.92,20.288
296.93,20.288
296.94,20.2879
296.95,20.2878
296.96,20.2878
296.97,20.2877
296.98,20.2877
296.99,20.2876
297,20.2876
297.01,20.2875
297.02,20.2874
297.03,20.2874
297.04,20.2873
297.05,20.2873
297.06,20.2872
297.07,20.2871
297.08,20.2871
297.09,20.287
297.1,20.287
297.11,20.2869
297.12,20.2869
297.13,20.2868
297.14,20.2867
297.15,20.2867
297.16,20.2866
297.17,20.2866
297.18,20.2865
297.19,20.2864
297.2,20.2864
297.21,20.2863
297.22,20.2863
297.23,20.2862
297.24,20.2862
297.25,20.2861
297.26,20.286
297.27,20.286
297.28,20.2859
297.29,20.2859
297.3,20.2858
297.31,20.2857
297.32,20.2857
297.33,20.2856
297.34,20.2856
297.35,20.2855
297.36,20.2855
297.37,20.2854
297.38,20.2853
297.39,20.2853
297.4,20.2852
297.41,20.2852
297.42,20.2851
297.43,20.2851
297.44,20.285
297.45,20.2849
297.46,20.2849
297.47,20.2848
297.48,20.2848
297.49,20.2847
297.5,20.2847
297.51,20.2846
297.52,20.2845
297.53,20.2845
297.54,20.2844
297.55,20.2844
297.56,20.2843
297.57,20.2842
297.58,20.2842
297.59,20.2841
297.6,20.2841
297.61,20.284
297.62,20.284
297.63,20.2839
297.64,20.2838
297.65,20.2838
297.66,20.2837
297.67,20.2837
297.68,20.2836
297.69,20.2836
297.7,20.2835
297.71,20.2834
297.72,20.2834
297.73,20.2833
297.74,20.2833
297.75,20.2832
297.76,20.2832
297.77,20.2831
297.78,20.283
297.79,20.283
297.8,20.2829
297.81,20.2829
297.82,20.2828
297.83,20.2828
297.84,20.2827
297.85,20.2826
297.86,20.2826
297.87,20.2825
297.88,20.2825
297.89,20.2824
297.9,20.2824
297.91,20.2823
297.92,20.2822
297.93,20.2822
297.94,20.2821
297.95,20.2821
297.96,20.282
297.97,20.2819
297.98,20.2819
297.99,20.2818
298,20.2818
298.01,20.2817
298.02,20.2817
298.03,20.2816
298.04,20.2815
298.05,20.2815
298.06,20.2814
298.07,20.2814
298.08,20.2813
298.09,20.2813
298.1,20.2812
298.11,20.2811
298.12,20.2811
298.13,20.281
298.14,20.281
298.15,20.2809
298.16,20.2809
298.17,20.2808
298.18,20.2808
298.19,20.2807
298.2,20.2806
298.21,20.2806
298.22,20.2805
298.23,20.2805
298.24,20.2804
298.25,20.2804
298.26,20.2803
298.27,20.2802
298.28,20.2802
298.29,20.2801
298.3,20.2801
298.31,20.28
298.32,20.28
298.33,20.2799
298.34,20.2798
298.35,20.2798
298.36,20.2797
298.37,20.2797
298.38,20.2796
298.39,20.2796
298.4,20.2795
298.41,20.2794
298.42,20.2794
298.43,20.2793
298.44,20.2793
298.45,20.2792
298.46,20.2792
298.47,20.2791
298.48,20.279
298.49,20.279
298.5,20.2789
298.51,20.2789
298.52,20.2788
298.53,20.2788
298.54,20.2787
298.55,20.2787
298.56,20.2786
298.57,20.2785
298.58,20.2785
298.59,20.2784
298.6,20.2784
298.61,20.2783
298.62,20.2783
298.63,20.2782
298.64,20.2781
298.65,20.2781
298.66,20.278
298.67,20.278
298.68,20.2779
298.69,20.2779
298.7,20.2778
298.71,20.2777
298.72,20.2777
298.73,20.2776
298.74,20.2776
298.75,20.2775
298.76,20.2775
298.77,20.2774
298.78,20.2774
298.79,20.2773
298.8,20.2772
298.81,20.2772
298.82,20.2771
298.83,20.2771
298.84,20.277
298.85,20.277
298.86,20.2769
298.87,20.2768
298.88,20.2768
298.89,20.2767
298.9,20.2767
298.91,20.2766
298.92,20.2766
298.93,20.2765
298.94,20.2765
298.95,20.2764
298.96,20.2763
298.97,20.2763
298.98,20.2762
298.99,20.2762
299,20.2761
299.01,20.2761
299.02,20.276
299.03,20.276
299.04,20.2759
299.05,20.2758
299.06,20.2758
299.07,20.2757
299.08,20.2757
299.09,20.2756
299.1,20.2756
299.11,20.2755
299.12,20.2754
299.13,20.2754
299.14,20.2753
299.15,20.2753
299.16,20.2752
299.17,20.2752
299.18,20.2751
299.19,20.2751
299.2,20.275
299.21,20.2749
299.22,20.2749
299.23,20.2748
299.24,20.2748
299.25,20.2747
299.26,20.2747
299.27,20.2746
299.28,20.2746
299.29,20.2745
299.3,20.2744
299.31,20.2744
299.32,20.2743
299.33,20.2743
299.34,20.2742
299.35,20.2742
299.36,20.2741
299.37,20.2741
299.38,20.274
299.39,20.2739
299.4,20.2739
299.41,20.2738
299.42,20.2738
299.43,20.2737
299.44,20.2737
299.45,20.2736
299.46,20.2736
299.47,20.2735
299.48,20.2734
299.49,20.2734
299.5,20.2733
299.51,20.2733
299.52,20.2732
299.53,20.2732
299.54,20.2731
299.55,20.2731
299.56,20.273
299.57,20.2729
299.58,20.2729
299.59,20.2728
299.6,20.2728
299.61,20.2727
299.62,20.2727
299.63,20.2726
299.64,20.2726
299.65,20.2725
299.66,20.2725
299.67,20.2724
299.68,20.2723
299.69,20.2723
299.7,20.2722
299.71,20.2722
299.72,20.2721
299.73,20.2721
299.74,20.272
299.75,20.272
299.76,20.2719
299.77,20.2718
299.78,20.2718
299.79,20.2717
299.8,20.2717
299.81,20.2716
299.82,20.2716
299.83,20.2715
299.84,20.2715
299.85,20.2714
299.86,20.2713
299.87,20.2713
299.88,20.2712
299.89,20.2712
299.9,20.2711
299.91,20.2711
299.92,20.271
299.93,20.271
299.94,20.2709
299.95,20.2709
299.96,20.2708
299.97,20.2707
299.98,20.2707
299.99,20.2706
300,20.2706
