x, 0, 0.000396825, 0.000793651, 0.00119048, 0.0015873, 0.00198413, 0.00238095, 0.00277778, 0.0031746, 0.00357143, 0.00396825, 0.00436508, 0.0047619, 0.00515873, 0.00555556, 0.00595238, 0.00634921, 0.00674603, 0.00714286, 0.00753968, 0.00793651, 0.00833333, 0.00873016, 0.00912698, 0.00952381, 0.00992063, 0.0103175, 0.0107143, 0.0111111, 0.0115079, 0.0119048, 0.0123016, 0.0126984, 0.0130952, 0.0134921, 0.0138889, 0.0142857, 0.0146825, 0.0150794, 0.0154762, 0.015873, 0.0162698, 0.0166667, 0.0170635, 0.0174603, 0.0178571, 0.018254, 0.0186508, 0.0190476, 0.0194444, 0.0198413, 0.0202381, 0.0206349, 0.0210317, 0.0214286, 0.0218254, 0.0222222, 0.022619, 0.0230159, 0.0234127, 0.0238095, 0.0242063, 0.0246032, 0.025, 0.0253968, 0.0257937, 0.0261905, 0.0265873, 0.0269841, 0.027381, 0.0277778, 0.0281746, 0.0285714, 0.0289683, 0.0293651, 0.0297619, 0.0301587, 0.0305556, 0.0309524, 0.0313492
0, 4.63651e-69, 0, 0, 0, 0, 0, 0, 0, 0, 0, 0, 0, 0, 0, 0, 0, 0, 0, 0, 0, 0, 0, 0, 0, 0, 0, 0, 0, 0, 0, 0, 0, 0, 0, 0, 0, 0, 0, 0, 0, 0, 0, 0, 0, 0, 0, 0, 0, 0, 0, 0, 0, 0, 0, 0, 0, 0, 0, 0, 0, 0, 0, 0, 0, 0, 0, 0, 0, 0, 0, 0, 0, 0, 0, 0, 0, 0, 0, 0, 0
0.00666667, 1.8489e-68, 8.86985e-65, 1.17419e-60, 1.08621e-56, 7.06138e-53, 3.2433e-49, 1.05781e-45, 2.46169e-42, 4.10596e-39, 4.92932e-36, 4.27621e-33, 2.69039e-30, 1.23173e-27, 4.11618e-25, 1.00684e-22, 1.80712e-20, 2.38517e-18, 2.31931e-16, 1.66403e-14, 8.81909e-13, 3.45517e-11, 1.00098e-09, 2.14383e-08, 3.39141e-07, 3.95598e-06, 3.39296e-05, 0.000213012, 0.000971915, 0.00318501, 0.0073374, 0.0113565, 0.0103782, 0.00219447, -0.00779324, -0.011942, -0.00929414, -0.00463169, -0.00157182, -0.000371919, -6.19706e-05, -7.29718e-06, -6.07258e-07, -3.57724e-08, -9.06063e-09, -1.26241e-07, -1.59989e-06, -1.5032e-05, -0.000104715, -0.000536768, -0.0020032, -0.00534818, -0.00988235, -0.0116807, -0.00646773, 0.00377995, 0.0111413, 0.0110553, 0.00659095, 0.00260992, 0.000709519, 0.000134062, 1.76662e-05, 1.62169e-06, 1.03466e-07, 4.76236e-09, 3.71091e-10, 2.537e-10, 2.64984e-10, 2.54251e-10, 1.96133e-10, 8.21138e-11, -6.45925e-11, -1.82955e-10, -1.99116e-10, -8.49278e-11, 8.97384e-11, 1.80938e-10, 9.5236e-11, -8.67039e-11, -1.59391e-10
0.0133333, 7.32756e-68, 3.59362e-64, 4.56762e-60, 4.06103e-56, 2.53991e-52, 1.12348e-48, 3.53251e-45, 7.93333e-42, 1.27833e-38, 1.48417e-35, 1.2465e-32, 7.60089e-30, 3.3765e-27, 1.09608e-24, 2.60741e-22, 4.55673e-20, 5.86312e-18, 5.56481e-16, 3.90199e-14, 2.0237e-12, 7.76908e-11, 2.2085e-09, 4.64772e-08, 7.23493e-07, 8.31674e-06, 7.04014e-05, 0.000436902, 0.00197369, 0.00641421, 0.0146785, 0.0226068, 0.0205932, 0.00434713, -0.0154528, -0.0237341, -0.0185509, -0.00930284, -0.00318329, -0.000761053, -0.000128398, -1.53413e-05, -1.29827e-06, -7.79841e-08, -1.98583e-08, -2.70466e-07, -3.37621e-06, -3.13165e-05, -0.000215623, -0.001094, -0.0040471, -0.0107273, -0.0197109, -0.0232059, -0.0128197, 0.00749368, 0.0221147, 0.0220189, 0.0131991, 0.00526636, 0.00144574, 0.000276478, 3.69613e-05, 3.44987e-06, 2.23712e-07, 9.84338e-09, 1.00947e-10, -2.24452e-10, -2.52759e-10, -2.50513e-10, -1.98255e-10, -8.30186e-11, 7.4185e-11, 2.07026e-10, 2.28111e-10, 9.70595e-11, -1.10676e-10, -2.22409e-10, -1.16915e-10, 1.12669e-10, 2.06115e-10
0.02, 2.88622e-67, 1.3605e-63, 1.65142e-59, 1.40309e-55, 8.39152e-52, 3.5518e-48, 1.06935e-44, 2.30113e-41, 3.55536e-38, 3.9609e-35, 3.19449e-32, 1.87202e-29, 7.99855e-27, 2.49957e-24, 5.72945e-22, 9.65764e-20, 1.19984e-17, 1.10083e-15, 7.47088e-14, 3.75516e-12, 1.39919e-10, 3.8664e-09, 7.92297e-08, 1.20312e-06, 1.35179e-05, 0.000112079, 0.000682798, 0.00303519, 0.00973064, 0.0220255, 0.0336457, 0.0304863, 0.0064175, -0.0228489, -0.0352291, -0.0277317, -0.0140512, -0.00487367, -0.00118487, -0.000203924, -2.49337e-05, -2.16588e-06, -1.34044e-07, -3.43478e-08, -4.52816e-07, -5.52112e-06, -5.0179e-05, -0.000339117, -0.00169234, -0.00617184, -0.0161665, -0.0294313, -0.0344233, -0.0189436, 0.0110769, 0.0327563, 0.0327995, 0.0198396, 0.00801487, 0.00223547, 0.000435863, 5.96169e-05, 5.71343e-06, 3.81972e-07, 1.76409e-08, 5.09261e-10, -2.85866e-11, -2.44616e-11, -6.88762e-12, 6.19529e-12, 4.47487e-12, -1.77048e-11, -4.98968e-11, -6.27073e-11, -2.77513e-11, 4.49656e-11, 9.22612e-11, 4.95471e-11, -5.83646e-11, -1.07295e-10
0.0266667, 1.12986e-66, 5.0985e-63, 5.90578e-59, 4.79088e-55, 2.73716e-51, 1.10727e-47, 3.18774e-44, 6.56253e-41, 9.70476e-38, 1.03531e-34, 7.99941e-32, 4.49323e-29, 1.84105e-26, 5.5202e-24, 1.21474e-21, 1.96693e-19, 2.34901e-17, 2.07327e-15, 1.35473e-13, 6.56274e-12, 2.35939e-10, 6.2989e-09, 1.24891e-07, 1.83819e-06, 2.00578e-05, 0.000161873, 0.000962314, 0.0041862, 0.013175, 0.0293768, 0.04437, 0.0399067, 0.00836769, -0.029859, -0.0462856, -0.0367962, -0.0189109, -0.00668144, -0.00166135, -0.000293567, -3.69865e-05, -3.32175e-06, -2.13411e-07, -5.49669e-08, -6.97858e-07, -8.25869e-06, -7.30923e-05, -0.000481989, -0.00235278, -0.00841642, -0.0216917, -0.0389878, -0.0451867, -0.0247339, 0.014469, 0.0429105, 0.043307, 0.026524, 0.0108989, 0.00310577, 0.000621343, 8.75652e-05, 8.68104e-06, 6.02992e-07, 2.93812e-08, 1.23273e-09, 2.94501e-10, 2.7828e-10, 2.55977e-10, 1.87811e-10, 7.26581e-11, -5.9975e-11, -1.53566e-10, -1.54982e-10, -6.10816e-11, 5.94246e-11, 1.09348e-10, 5.28617e-11, -4.01609e-11, -6.68929e-11
0.0333333, 4.39585e-66, 1.89846e-62, 2.09842e-58, 1.62519e-54, 8.86893e-51, 3.42853e-47, 9.43649e-44, 1.85803e-40, 2.62903e-37, 2.68456e-34, 1.98616e-31, 1.06861e-28, 4.1955e-26, 1.20581e-23, 2.54431e-21, 3.9518e-19, 4.52881e-17, 3.83744e-15, 2.40852e-13, 1.12139e-11, 3.87761e-10, 9.96578e-09, 1.90434e-07, 2.70497e-06, 2.8533e-05, 0.000223063, 0.00128778, 0.00545641, 0.0167847, 0.0367265, 0.0546796, 0.0487158, 0.0101635, -0.0363718, -0.0567708, -0.0457011, -0.0239114, -0.00864381, -0.00220918, -0.000402903, -5.25828e-05, -4.90751e-06, -3.28916e-07, -8.50024e-08, -1.03713e-06, -1.18623e-05, -0.000101753, -0.00065162, -0.00309682, -0.0108181, -0.0273237, -0.0483235, -0.0553596, -0.0300946, 0.0176151, 0.0524336, 0.0534532, 0.0332583, 0.0139591, 0.00408391, 0.0008428, 0.000123046, 1.26854e-05, 9.18969e-07, 4.63271e-08, 1.45042e-09, -1.71173e-10, -2.39956e-10, -2.44144e-10, -1.93232e-10, -7.36846e-11, 9.04724e-11, 2.25681e-10, 2.3882e-10, 9.33527e-11, -1.22081e-10, -2.26771e-10, -1.10749e-10, 1.14109e-10, 1.93045e-10
0.04, 1.69975e-65, 7.02568e-62, 7.41045e-58, 5.47948e-54, 2.85625e-50, 1.05516e-46, 2.77645e-43, 5.22853e-40, 7.07835e-37, 6.91795e-34, 4.90037e-31, 2.52513e-28, 9.49782e-26, 2.61588e-23, 5.29076e-21, 7.87895e-19, 8.65952e-17, 7.03893e-15, 4.23935e-13, 1.89471e-11, 6.29178e-10, 1.55376e-08, 2.85491e-07, 3.90303e-06, 3.96766e-05, 0.000299429, 0.00167243, 0.00687522, 0.0205924, 0.0440621, 0.064479, 0.0567903, 0.0117755, -0.0422895, -0.0665624, -0.0543998, -0.0290754, -0.0107962, -0.00284793, -0.000538254, -7.30433e-05, -7.10805e-06, -4.98446e-07, -1.29114e-07, -1.5123e-06, -1.66745e-05, -0.000138162, -0.00085617, -0.00394655, -0.0134117, -0.0330769, -0.0573795, -0.0648171, -0.0349422, 0.020467, 0.0611973, 0.0631522, 0.0400415, 0.0172318, 0.00519747, 0.0011111, 0.000168725, 1.81547e-05, 1.37666e-06, 7.291e-08, 2.57292e-09, -1.68155e-11, -4.94959e-11, -1.44731e-11, 1.07846e-11, 5.5031e-12, -3.92332e-11, -9.9842e-11, -1.18588e-10, -4.60223e-11, 9.01758e-11, 1.68953e-10, 8.22402e-11, -1.08509e-10, -1.82177e-10
0.0466667, 6.53211e-65, 2.58411e-61, 2.60104e-57, 1.83627e-53, 9.14312e-50, 3.22784e-46, 8.12016e-43, 1.46254e-39, 1.89442e-36, 1.77211e-33, 1.20186e-30, 5.93128e-28, 2.13723e-25, 5.6405e-23, 1.09344e-20, 1.56103e-18, 1.6451e-16, 1.28246e-14, 7.40901e-13, 3.17699e-11, 1.01243e-09, 2.40012e-08, 4.23529e-07, 5.56417e-06, 5.44029e-05, 0.000395388, 0.00213062, 0.00847156, 0.0246253, 0.0513643, 0.0736777, 0.0640249, 0.0131799, -0.0475305, -0.0755517, -0.0628422, -0.0344177, -0.0131719, -0.00359814, -0.000706867, -9.99994e-05, -1.01676e-05, -7.47175e-07, -1.94076e-07, -2.17921e-06, -2.31304e-05, -0.000184715, -0.00110475, -0.00492463, -0.016229, -0.038958, -0.0660952, -0.0734491, -0.0392077, 0.0229849, 0.0690914, 0.0723214, 0.0468646, 0.0207483, 0.00647414, 0.00143831, 0.000227807, 2.56416e-05, 2.03936e-06, 1.13973e-07, 4.69042e-09, 4.11576e-10, 2.92943e-10, 2.54805e-10, 1.73379e-10, 5.6578e-11, -5.73448e-11, -1.1807e-10, -1.00462e-10, -3.36713e-11, 1.79018e-11, 1.96739e-11, 5.48144e-12, 2.22633e-11, 4.29014e-11
0.0533333, 2.49485e-64, 9.44645e-61, 9.07402e-57, 6.11644e-53, 2.90917e-49, 9.81509e-46, 2.36068e-42, 4.06671e-39, 5.04008e-36, 4.51261e-33, 2.93026e-30, 1.38499e-27, 4.78094e-25, 1.20907e-22, 2.24644e-20, 3.07445e-18, 3.10656e-16, 2.32237e-14, 1.2868e-12, 5.29287e-11, 1.61819e-09, 3.68093e-08, 6.2341e-07, 7.86346e-06, 7.38587e-05, 0.000516126, 0.00267789, 0.0102736, 0.0289039, 0.058606, 0.0821922, 0.0703348, 0.0143586, -0.0520314, -0.0836449, -0.0709745, -0.0399443, -0.0158009, -0.00448142, -0.000917094, -0.000135477, -1.44101e-05, -1.11054e-06, -2.89797e-07, -3.11334e-06, -3.17865e-05, -0.000244299, -0.0014076, -0.00605433, -0.019298, -0.0449652, -0.0744087, -0.0811618, -0.042838, 0.0251378, 0.076026, 0.0808828, 0.0537095, 0.0245343, 0.00794156, 0.00183784, 0.000304169, 3.58614e-05, 2.99295e-06, 1.7535e-07, 7.02193e-09, 1.64643e-11, -2.21624e-10, -2.33102e-10, -1.7924e-10, -5.2732e-11, 1.13537e-10, 2.37427e-10, 2.2973e-10, 7.47608e-11, -1.20702e-10, -1.92955e-10, -8.1047e-11, 8.69391e-11, 1.25025e-10
0.06, 9.47022e-64, 3.43212e-60, 3.14632e-56, 2.025e-52, 9.20069e-49, 2.96664e-45, 6.82196e-42, 1.12406e-38, 1.33296e-35, 1.14233e-32, 7.10219e-30, 3.21503e-27, 1.06321e-24, 2.5765e-22, 4.5882e-20, 6.01959e-18, 5.83184e-16, 4.18067e-14, 2.22161e-12, 8.76465e-11, 2.57041e-09, 5.60924e-08, 9.11483e-07, 1.10332e-05, 9.94821e-05, 0.00066774, 0.00333111, 0.0123083, 0.0334414, 0.0657522, 0.0899467, 0.075657, 0.0153002, -0.0557476, -0.0907646, -0.0787398, -0.0456513, -0.0187099, -0.00552031, -0.00117855, -0.000181986, -2.02632e-05, -1.6382e-06, -4.30669e-07, -4.41683e-06, -4.33549e-05, -0.000320396, -0.00177619, -0.00735932, -0.0226421, -0.0510872, -0.0822572, -0.0878795, -0.045797, 0.0269045, 0.0819333, 0.0887637, 0.060549, 0.028608, 0.00962701, 0.00232462, 0.000402493, 4.97425e-05, 4.35855e-06, 2.68407e-07, 1.13559e-08, 2.08852e-10, -7.17005e-11, -2.31794e-11, 1.20694e-11, -2.62059e-13, -6.7618e-11, -1.48709e-10, -1.60788e-10, -4.76639e-11, 1.3319e-10, 2.16299e-10, 8.80067e-11, -1.39736e-10, -2.02295e-10
0.0666667, 3.57273e-63, 1.23935e-59, 1.08431e-55, 6.66366e-52, 2.89233e-48, 8.91297e-45, 1.95966e-41, 3.08846e-38, 3.5044e-35, 2.87462e-32, 1.71124e-29, 7.41928e-27, 2.35054e-24, 5.45829e-22, 9.31623e-20, 1.17171e-17, 1.08838e-15, 7.48179e-14, 3.81295e-12, 1.44279e-10, 4.05858e-09, 8.49584e-08, 1.32437e-06, 1.53802e-05, 0.00013307, 0.000857377, 0.00410849, 0.0146008, 0.0382423, 0.0727598, 0.0968747, 0.0799512, 0.0159997, -0.0586543, -0.0968517, -0.0860788, -0.0515247, -0.0219208, -0.00673819, -0.00150226, -0.00024263, -2.82897e-05, -2.39937e-06, -6.37328e-07, -6.22737e-06, -5.87442e-05, -0.000417192, -0.00222341, -0.00886347, -0.0262794, -0.0573029, -0.089578, -0.093546, -0.0480659, 0.0282735, 0.086768, 0.095898, 0.0673463, 0.0329802, 0.011557, 0.00291515, 0.000528414, 6.84811e-05, 6.30168e-06, 4.08636e-07, 1.87668e-08, 8.88736e-10, 3.12477e-10, 2.48373e-10, 1.52253e-10, 3.61132e-11, -5.29569e-11, -7.58208e-11, -4.22363e-11, -1.30947e-11, -3.59773e-11, -7.18676e-11, -2.86847e-11, 9.1759e-11, 1.35492e-10
0.0733333, 1.33956e-62, 4.44794e-59, 3.71414e-55, 2.17954e-51, 9.03754e-48, 2.66175e-44, 5.59562e-41, 8.43537e-38, 9.15858e-35, 7.1911e-32, 4.09887e-29, 1.70207e-26, 5.16608e-24, 1.14956e-21, 1.88057e-19, 2.26737e-17, 2.01934e-15, 1.33112e-13, 6.50582e-12, 2.36107e-10, 6.37051e-09, 1.27914e-07, 1.91268e-06, 2.13074e-05, 0.000176857, 0.00109337, 0.00502949, 0.0171742, 0.0433023, 0.0795788, 0.10292, 0.0832, 0.0164583, -0.060746, -0.101866, -0.092931, -0.0575396, -0.0254505, -0.00815901, -0.00190081, -0.000321214, -3.92246e-05, -3.48978e-06, -9.38962e-07, -8.7292e-06, -7.91073e-05, -0.000539699, -0.00276357, -0.0105905, -0.0302218, -0.0635811, -0.0963099, -0.0981248, -0.0496429, 0.029243, 0.0905082, 0.102227, 0.0740556, 0.0376527, 0.0137565, 0.00362756, 0.000688664, 9.36037e-05, 9.04478e-06, 6.16258e-07, 2.92612e-08, 8.1672e-10, -1.81993e-10, -2.14015e-10, -1.53763e-10, -1.9384e-11, 1.41561e-10, 2.39524e-10, 2.01569e-10, 4.75536e-11, -1.01192e-10, -1.27064e-10, -4.25387e-11, 2.98121e-11, 2.52417e-11
0.08, 4.99174e-62, 1.58657e-58, 1.26448e-54, 7.08565e-51, 2.80691e-47, 7.90134e-44, 1.58824e-40, 2.2902e-37, 2.37935e-34, 1.78828e-31, 9.75995e-29, 3.88177e-26, 1.12875e-23, 2.40687e-21, 3.77387e-19, 4.36191e-17, 3.72468e-15, 2.3544e-13, 1.10355e-11, 3.84116e-10, 9.9406e-09, 1.91449e-07, 2.74588e-06, 2.93408e-05, 0.0002336, 0.00138536, 0.00611478, 0.0200485, 0.0486076, 0.0861525, 0.108037, 0.0854079, 0.016683, -0.0620355, -0.105784, -0.0992358, -0.0636606, -0.0293097, -0.00980688, -0.00238838, -0.000422369, -5.40204e-05, -5.04101e-06, -1.37642e-06, -1.21668e-05, -0.000105897, -0.000693875, -0.00341249, -0.0125636, -0.0344745, -0.0698812, -0.102394, -0.1016, -0.0505425, 0.0298203, 0.0931543, 0.107702, 0.080623, 0.0426185, 0.0162488, 0.00448151, 0.000891215, 0.000127048, 1.28903e-05, 9.23009e-07, 4.60164e-08, 1.42241e-09, -6.91143e-11, -3.26095e-11, 8.27771e-12, -1.57918e-11, -1.04233e-10, -1.93303e-10, -1.82884e-10, -3.00681e-11, 1.67453e-10, 2.2497e-10, 6.83887e-11, -1.39556e-10, -1.6354e-10
0.0866667, 1.84869e-61, 5.62469e-58, 4.27871e-54, 2.28959e-50, 8.66529e-47, 2.33142e-43, 4.48105e-40, 6.1809e-37, 6.14479e-34, 4.42078e-31, 2.31027e-28, 8.80076e-26, 2.45175e-23, 5.00981e-21, 7.52895e-19, 8.34224e-17, 6.83001e-15, 4.13993e-13, 1.86094e-11, 6.21244e-10, 1.54203e-08, 2.84854e-07, 3.91868e-06, 4.01618e-05, 0.00030668, 0.00174443, 0.00738594, 0.0232398, 0.0541346, 0.0924192, 0.112195, 0.0866005, 0.0166862, -0.0625526, -0.108605, -0.104934, -0.0698424, -0.0335022, -0.0117057, -0.00298087, -0.000551691, -7.3902e-05, -7.23249e-06, -2.00651e-06, -1.68618e-05, -0.00014093, -0.000886748, -0.00418747, -0.0148048, -0.0390349, -0.0761531, -0.107775, -0.103975, -0.0507936, 0.0300213, 0.0947281, 0.112284, 0.0869876, 0.0478605, 0.0190542, 0.00549811, 0.00114543, 0.000171255, 1.82435e-05, 1.37376e-06, 7.27265e-08, 2.96649e-09, 3.66532e-10, 2.33385e-10, 1.2348e-10, 1.39073e-11, -4.30532e-11, -2.76744e-11, 1.0879e-11, -9.43213e-12, -9.95044e-11, -1.46767e-10, -3.65026e-11, 1.52833e-10, 1.81791e-10
0.0933333, 6.80456e-61, 1.98186e-57, 1.43902e-53, 7.35358e-50, 2.65897e-46, 6.83797e-43, 1.25673e-39, 1.6582e-36, 1.5775e-33, 1.08639e-30, 5.43637e-28, 1.98357e-25, 5.29414e-23, 1.03665e-20, 1.49324e-18, 1.58613e-16, 1.2451e-14, 7.23698e-13, 3.11976e-11, 9.98864e-10, 2.378e-08, 4.21334e-07, 5.55936e-06, 5.46468e-05, 0.000400207, 0.00218317, 0.00886521, 0.0267598, 0.0598496, 0.0983136, 0.115373, 0.0868228, 0.0164848, -0.0623424, -0.110344, -0.109971, -0.07603, -0.0380242, -0.0138783, -0.00369583, -0.000715868, -0.000100432, -1.03072e-05, -2.90792e-06, -2.32353e-05, -0.000186464, -0.00112654, -0.0051072, -0.0173343, -0.0438923, -0.082339, -0.112405, -0.105272, -0.0504383, 0.0298689, 0.0952711, 0.115944, 0.093083, 0.0533519, 0.0221892, 0.00669967, 0.0014622, 0.000229261, 2.5639e-05, 2.02883e-06, 1.12574e-07, 4.23715e-09, -5.67641e-11, -1.81835e-10, -1.14077e-10, 2.59917e-11, 1.70756e-10, 2.28857e-10, 1.58322e-10, 2.24201e-11, -5.9133e-11, -4.32101e-11, -1.51118e-11, -5.0697e-11, -7.13598e-11
0.1, 2.48921e-60, 6.94035e-57, 4.81025e-53, 2.34748e-49, 8.10993e-46, 1.99352e-42, 3.50349e-39, 4.4221e-36, 4.02578e-33, 2.65398e-30, 1.2717e-27, 4.44437e-25, 1.13647e-22, 2.13252e-20, 2.94424e-18, 2.99808e-16, 2.2565e-14, 1.25768e-12, 5.19944e-11, 1.5966e-09, 3.64563e-08, 6.19534e-07, 7.84035e-06, 7.39148e-05, 0.000519137, 0.00271574, 0.0105751, 0.0306148, 0.0657096, 0.103769, 0.117566, 0.0861362, 0.0160991, -0.0614625, -0.111033, -0.114295, -0.0821604, -0.0428635, -0.0163461, -0.00455243, -0.00092283, -0.000135584, -1.45914e-05, -4.1894e-06, -3.18344e-05, -0.000245284, -0.0014228, -0.00619165, -0.02017, -0.0490273, -0.0883738, -0.116241, -0.105533, -0.0495295, 0.0293929, 0.0948424, 0.118666, 0.0988393, 0.0590557, 0.025666, 0.00810938, 0.00185404, 0.000304821, 3.57816e-05, 2.97485e-06, 1.73388e-07, 6.82273e-09, 6.4082e-11, -3.9691e-11, -2.1771e-12, -4.30802e-11, -1.47868e-10, -2.28074e-10, -1.80162e-10, 3.15163e-12, 1.83152e-10, 1.93652e-10, 3.74369e-11, -9.88727e-11, -8.34752e-11
0.106667, 9.04994e-60, 2.41561e-56, 1.59816e-52, 7.44851e-49, 2.45865e-45, 5.77697e-42, 9.70862e-39, 1.17227e-35, 1.02128e-32, 6.44513e-30, 2.95727e-27, 9.89941e-25, 2.42526e-22, 4.36108e-20, 5.77116e-18, 5.63374e-16, 4.06552e-14, 2.17285e-12, 8.61467e-11, 2.53704e-09, 5.55612e-08, 9.056e-07, 1.09919e-05, 9.93836e-05, 0.000669395, 0.00335791, 0.0125377, 0.0348048, 0.0716621, 0.108719, 0.118782, 0.0846168, 0.0155525, -0.059981, -0.110721, -0.117864, -0.0881637, -0.0479993, -0.019128, -0.00557128, -0.00118187, -0.000181835, -2.05201e-05, -6.00051e-06, -4.33669e-05, -0.000320794, -0.00178647, -0.0074618, -0.0233262, -0.0544116, -0.0941873, -0.11925, -0.104814, -0.0481286, 0.0286274, 0.093516, 0.120448, 0.104185, 0.0649253, 0.0294914, 0.00975086, 0.00233516, 0.000402532, 4.95921e-05, 4.33258e-06, 2.66315e-07, 1.16764e-08, 6.17568e-10, 2.08592e-10, 8.6225e-11, -7.04012e-12, -2.49372e-11, 2.26528e-11, 4.84772e-11, -2.91997e-11, -1.63938e-10, -1.88171e-10, -1.67977e-11, 1.85086e-10, 1.6999e-10
0.113333, 3.27005e-59, 8.35617e-56, 5.27741e-52, 2.34908e-48, 7.40886e-45, 1.66405e-41, 2.6743e-38, 3.08909e-35, 2.57545e-32, 1.55592e-29, 6.83638e-27, 2.19201e-24, 5.14515e-22, 8.86623e-20, 1.1246e-17, 1.05244e-15, 7.28189e-14, 3.73197e-12, 1.41894e-10, 4.00774e-09, 8.41797e-08, 1.31595e-06, 1.53191e-05, 0.000132835, 0.000857999, 0.00412703, 0.0147744, 0.0393228, 0.0776465, 0.113099, 0.119044, 0.0823517, 0.0148701, -0.0579734, -0.109472, -0.120641, -0.093965, -0.0534014, -0.0222396, -0.00677424, -0.0015038, -0.000242262, -2.86679e-05, -8.54559e-06, -5.87407e-05, -0.000417129, -0.00223001, -0.00893931, -0.0268132, -0.0600078, -0.0997057, -0.12141, -0.103186, -0.046303, 0.0276105, 0.091378, 0.121297, 0.10905, 0.0709048, 0.0336655, 0.0116476, 0.00292156, 0.000527964, 6.82581e-05, 6.26454e-06, 4.04694e-07, 1.81783e-08, 4.39311e-10, -1.26263e-10, -5.80993e-11, 8.1153e-11, 1.95665e-10, 2.03498e-10, 1.08102e-10, 1.20112e-11, 4.80339e-12, 3.7657e-11, -1.52233e-11, -1.36462e-10, -1.30747e-10
0.12, 1.17432e-58, 2.87292e-55, 1.73209e-51, 7.3636e-48, 2.21912e-44, 4.76451e-41, 7.32251e-38, 8.09172e-35, 6.45621e-32, 3.73394e-29, 1.57105e-26, 4.82515e-24, 1.08512e-21, 1.79195e-19, 2.1786e-17, 1.95453e-15, 1.29664e-13, 6.37222e-12, 2.32346e-10, 6.29381e-09, 1.26788e-07, 1.90096e-06, 2.12235e-05, 0.000176493, 0.00109319, 0.00504191, 0.0173048, 0.044154, 0.0835947, 0.116851, 0.118386, 0.0794366, 0.0140777, -0.0555202, -0.107359, -0.122604, -0.0994863, -0.0590305, -0.0256923, -0.00818406, -0.001901, -0.000320652, -3.97883e-05, -1.21014e-05, -7.91118e-05, -0.000539257, -0.00276742, -0.0106462, -0.0306364, -0.0657694, -0.104854, -0.122708, -0.100732, -0.0441236, 0.0263824, 0.088524, 0.121238, 0.113365, 0.07693, 0.0381814, 0.0138224, 0.00363095, 0.000687802, 9.33015e-05, 8.99366e-06, 6.10558e-07, 2.87078e-08, 8.0058e-10, -3.04757e-11, -2.00119e-11, -8.21559e-11, -1.9391e-10, -2.45768e-10, -1.51615e-10, 4.17958e-11, 1.70788e-10, 1.32206e-10, 1.71536e-11, -1.98341e-11, 3.31869e-12
0.126667, 4.19126e-58, 9.81693e-55, 5.6503e-51, 2.29427e-47, 6.60669e-44, 1.35599e-40, 1.99299e-37, 2.10696e-34, 1.60885e-31, 8.90773e-29, 3.58907e-26, 1.05587e-23, 2.27507e-21, 3.60043e-19, 4.19567e-17, 3.60856e-15, 2.29529e-13, 1.08165e-11, 3.78221e-10, 9.82575e-09, 1.89839e-07, 2.72982e-06, 2.92296e-05, 0.000233106, 0.00138454, 0.0061227, 0.0201463, 0.0492757, 0.0894327, 0.119922, 0.116857, 0.0759722, 0.0132012, -0.052704, -0.104469, -0.123736, -0.104648, -0.064838, -0.0294923, -0.00982394, -0.00238756, -0.000421627, -5.48602e-05, -1.70397e-05, -0.000105941, -0.000693109, -0.0034143, -0.0126041, -0.0347951, -0.0716416, -0.109557, -0.123146, -0.097544, -0.0416629, 0.0249841, 0.0850554, 0.120304, 0.117069, 0.0829297, 0.0430243, 0.0162964, 0.00448273, 0.000889993, 0.000126658, 1.28226e-05, 9.15896e-07, 4.59564e-08, 1.8168e-09, 1.89062e-10, 4.06149e-11, -2.37095e-11, 1.65003e-12, 6.77519e-11, 6.0379e-11, -7.20404e-11, -2.14937e-10, -1.8681e-10, 1.66925e-11, 1.70942e-10, 1.12946e-10
0.133333, 1.48671e-57, 3.33399e-54, 1.83198e-50, 7.10494e-47, 1.95507e-43, 3.836e-40, 5.39195e-37, 5.45353e-34, 3.98535e-31, 2.11246e-28, 8.15081e-26, 2.29692e-23, 4.74186e-21, 7.19157e-19, 8.03282e-17, 6.62322e-15, 4.03925e-13, 1.82527e-11, 6.12067e-10, 1.52495e-08, 2.82569e-07, 3.89693e-06, 4.00174e-05, 0.000306049, 0.00174308, 0.00739059, 0.0233129, 0.0546562, 0.0950823, 0.122268, 0.114517, 0.0720616, 0.0122658, -0.0496072, -0.100894, -0.124038, -0.109373, -0.0707668, -0.0336398, -0.011717, -0.00297927, -0.000550775, -7.51459e-05, -2.38556e-05, -0.000141059, -0.000885693, -0.00418776, -0.0148341, -0.039282, -0.0775616, -0.113743, -0.122734, -0.0937208, -0.0389922, 0.0234565, 0.0810772, 0.118542, 0.120107, 0.0888266, 0.0481708, 0.0190884, 0.00549778, 0.00114388, 0.000170762, 1.81534e-05, 1.36301e-06, 7.16222e-08, 2.5357e-09, -1.0722e-11, 1.46538e-11, 1.4125e-10, 2.10062e-10, 1.64638e-10, 6.30254e-11, 2.67988e-11, 8.13741e-11, 9.24509e-11, -4.67252e-11, -2.00195e-10, -1.35383e-10
0.14, 5.24122e-57, 1.12535e-53, 5.90363e-50, 2.18695e-46, 5.7506e-43, 1.07867e-39, 1.45005e-36, 1.40315e-33, 9.81366e-31, 4.98001e-28, 1.84012e-25, 4.9672e-23, 9.82517e-21, 1.42801e-18, 1.52889e-16, 1.2085e-14, 7.06655e-13, 3.06203e-11, 9.8467e-10, 2.35278e-08, 4.18114e-07, 5.53014e-06, 5.44619e-05, 0.000399429, 0.00218138, 0.00886755, 0.0268145, 0.0602553, 0.100463, 0.123856, 0.111435, 0.0678075, 0.0112953, -0.0463099, -0.0967336, -0.123519, -0.113587, -0.0767518, -0.0381279, -0.0138856, -0.00369364, -0.000714786, -0.000102259, -3.32048e-05, -0.000186744, -0.00112522, -0.00510638, -0.0173554, -0.0440823, -0.0834598, -0.117346, -0.1215, -0.0893657, -0.0361799, 0.0218387, 0.0766944, 0.116011, 0.122432, 0.0945396, 0.0535884, 0.0222139, 0.00669827, 0.00146034, 0.00022865, 2.55201e-05, 2.01357e-06, 1.11099e-07, 4.1276e-09, 5.80673e-11, -4.33841e-11, -1.29799e-10, -2.34032e-10, -2.39258e-10, -1.02037e-10, 7.10133e-11, 1.26763e-10, 6.19674e-11, 2.76744e-11, 7.85883e-11, 5.93053e-11
0.146667, 1.83638e-56, 3.77525e-53, 1.89089e-49, 6.69082e-46, 1.68128e-42, 3.01495e-39, 3.87627e-36, 3.58867e-33, 2.40219e-30, 1.16706e-27, 4.1297e-25, 1.06785e-22, 2.0238e-20, 2.8189e-18, 2.89285e-16, 2.19214e-14, 1.22901e-12, 5.1066e-11, 1.57478e-09, 3.60862e-08, 6.15029e-07, 7.80143e-06, 7.36807e-05, 0.000518197, 0.00271357, 0.0105758, 0.0306559, 0.0660241, 0.105493, 0.124664, 0.107689, 0.0633093, 0.0103112, -0.0428877, -0.0920876, -0.122204, -0.117222, -0.0827211, -0.042942, -0.0163508, -0.00454978, -0.000921592, -0.000138246, -4.59494e-05, -0.000245813, -0.00142123, -0.00619002, -0.0201852, -0.0491734, -0.089261, -0.120307, -0.119481, -0.0845834, -0.0332902, 0.0201679, 0.0720103, 0.112777, 0.12401, 0.0999856, 0.0592357, 0.0256841, 0.00810728, 0.00185187, 0.000304074, 3.56279e-05, 2.9548e-06, 1.72063e-07, 7.10848e-09, 2.71268e-10, -1.00767e-11, -3.3763e-11, 3.31321e-11, 9.68954e-11, 3.98395e-11, -1.28653e-10, -2.36692e-10, -1.46991e-10, 3.92555e-11, 1.0694e-10, 4.52148e-11
0.153333, 6.39464e-56, 1.25875e-52, 6.01955e-49, 2.03461e-45, 4.88583e-42, 8.37641e-39, 1.03001e-35, 9.12362e-33, 5.84517e-30, 2.71877e-27, 9.21333e-25, 2.28212e-22, 4.14408e-20, 5.53179e-18, 5.44146e-16, 3.95302e-14, 2.12493e-12, 8.46629e-11, 2.50374e-09, 5.50218e-08, 8.99341e-07, 1.09404e-05, 9.90898e-05, 0.000668276, 0.00335541, 0.0125374, 0.0348361, 0.0719053, 0.110093, 0.124684, 0.103366, 0.0586613, 0.00933305, -0.0394102, -0.087058, -0.120128, -0.120216, -0.0885971, -0.0480592, -0.019131, -0.00556831, -0.0011805, -0.000185681, -6.32154e-05, -0.000321718, -0.00178467, -0.00745961, -0.0233373, -0.0545242, -0.0948859, -0.122576, -0.116726, -0.0794778, -0.0303813, 0.0184777, 0.0671235, 0.108916, 0.124818, 0.105081, 0.0650624, 0.029505, 0.00974835, 0.0023327, 0.000401629, 4.9394e-05, 4.3046e-06, 2.63526e-07, 1.12063e-08, 3.30039e-10, 1.0381e-10, 1.98431e-10, 2.08543e-10, 1.18222e-10, 3.71586e-11, 6.99599e-11, 1.52339e-10, 1.0425e-10, -9.56639e-11, -2.15964e-10, -9.54391e-11
0.16, 2.21306e-55, 4.17129e-52, 1.90463e-48, 6.14958e-45, 1.41127e-41, 2.31324e-38, 2.72058e-35, 2.30571e-32, 1.41383e-29, 6.29611e-27, 2.04333e-24, 4.84838e-22, 8.43576e-20, 1.07917e-17, 1.01752e-15, 7.08647e-14, 3.65237e-12, 1.39538e-10, 3.95723e-09, 8.3399e-08, 1.30731e-06, 1.52516e-05, 0.00013247, 0.000856685, 0.00412425, 0.0147736, 0.0393472, 0.0778344, 0.114188, 0.123919, 0.0985549, 0.0539509, 0.00837739, -0.0359402, -0.0817445, -0.117339, -0.122519, -0.0942984, -0.0534478, -0.0222418, -0.00677106, -0.00150233, -0.000247774, -8.6463e-05, -0.000418657, -0.00222799, -0.00893679, -0.0268217, -0.0600949, -0.100253, -0.124113, -0.113294, -0.0741494, -0.0275049, 0.0167984, 0.0621262, 0.104509, 0.124847, 0.109746, 0.0710095, 0.0336763, 0.011645, 0.00291883, 0.000526883, 6.80043e-05, 6.22611e-06, 4.00674e-07, 1.78675e-08, 5.09038e-10, -6.2426e-11, -1.78278e-10, -2.5691e-10, -2.04394e-10, -4.29998e-11, 7.61071e-11, 5.87678e-11, 1.07306e-11, 7.53804e-11, 1.63257e-10, 6.34861e-11
0.166667, 7.61196e-55, 1.37384e-51, 5.98969e-48, 1.84744e-44, 4.05189e-41, 6.3499e-38, 7.14294e-35, 5.79223e-32, 3.39946e-29, 1.44941e-26, 4.50492e-24, 1.02396e-21, 1.70708e-19, 2.0929e-17, 1.89152e-15, 1.2629e-13, 6.24082e-12, 2.28629e-10, 6.21769e-09, 1.25666e-07, 1.88912e-06, 2.11356e-05, 0.000176042, 0.00109166, 0.00503891, 0.0173038, 0.0441737, 0.0837398, 0.117709, 0.122388, 0.0933483, 0.0492566, 0.00745813, -0.0325323, -0.0762433, -0.113895, -0.124091, -0.0997415, -0.0590671, -0.0256942, -0.00818078, -0.0018995, -0.000328492, -0.00011757, -0.000541692, -0.00276523, -0.0106435, -0.0306433, -0.0658374, -0.10528, -0.124891, -0.109256, -0.0686938, -0.0247053, 0.0151562, 0.057103, 0.0996421, 0.1241, 0.113902, 0.0770105, 0.0381907, 0.0138198, 0.00362797, 0.000686523, 9.29809e-05, 8.94283e-06, 6.05594e-07, 2.86456e-08, 9.14185e-10, -5.09689e-11, -3.64319e-11, 6.13035e-11, 9.82506e-11, -1.25651e-11, -1.81709e-10, -2.19314e-10, -8.897e-11, 2.66765e-11, 1.19665e-11, 7.04441e-12
0.173333, 2.60209e-54, 4.49714e-51, 1.87218e-47, 5.51642e-44, 1.15632e-40, 1.7326e-37, 1.86417e-34, 1.4464e-31, 8.12519e-29, 3.31685e-26, 9.8732e-24, 2.14982e-21, 3.43412e-19, 4.035e-17, 3.49555e-15, 2.23742e-13, 1.0601e-11, 3.72395e-10, 9.7118e-09, 1.88236e-07, 2.71372e-06, 2.9116e-05, 0.000232555, 0.00138279, 0.00611953, 0.0201454, 0.0492923, 0.0895448, 0.120593, 0.120121, 0.0878394, 0.0446478, 0.00658632, -0.0292329, -0.0706448, -0.109861, -0.124907, -0.104843, -0.0648678, -0.0294945, -0.00982068, -0.00238612, -0.000432696, -0.000158932, -0.00069688, -0.00341198, -0.0126014, -0.0348012, -0.0716953, -0.109887, -0.124897, -0.104686, -0.0631995, -0.022019, 0.0135728, 0.0521293, 0.0944043, 0.122595, 0.11748, 0.082992, 0.043033, 0.016294, 0.00447952, 0.000888495, 0.000126256, 1.27545e-05, 9.0823e-07, 4.51924e-08, 1.63598e-09, 2.19424e-10, 2.42391e-10, 1.88623e-10, 7.522e-11, 4.21292e-11, 1.33177e-10, 1.95077e-10, 7.15612e-11, -1.3377e-10, -1.74636e-10, -4.68616e-11
0.18, 8.84043e-54, 1.46309e-50, 5.81621e-47, 1.63721e-43, 3.27997e-40, 4.69907e-37, 4.83603e-34, 3.59034e-31, 1.93049e-28, 7.54536e-26, 2.15106e-23, 4.4869e-21, 6.86768e-19, 7.73345e-17, 6.42179e-15, 3.94061e-13, 1.79015e-11, 6.02992e-10, 1.508e-08, 2.80294e-07, 3.87518e-06, 3.98716e-05, 0.000305381, 0.0017411, 0.00738732, 0.0233124, 0.0546709, 0.0951691, 0.122789, 0.117161, 0.0821201, 0.0401835, 0.00577028, -0.0260799, -0.0650326, -0.105313, -0.124952, -0.109521, -0.0707918, -0.0336425, -0.0117139, -0.00297804, -0.000566289, -0.000213582, -0.000891403, -0.00418538, -0.0148316, -0.0392879, -0.0776047, -0.113998, -0.124131, -0.0996689, -0.0577468, -0.0194752, 0.012066, 0.0472707, 0.0888841, 0.120364, 0.120419, 0.0888754, 0.0481794, 0.0190865, 0.0054944, 0.00114215, 0.000170263, 1.80628e-05, 1.35216e-06, 7.07413e-08, 2.54028e-09, -3.63188e-11, -2.14505e-10, -2.50456e-10, -1.43151e-10, 8.76983e-12, 4.95446e-11, -1.24716e-11, 1.99064e-12, 1.4522e-10, 2.00582e-10, 2.61507e-11
0.186667, 2.98503e-53, 4.7309e-50, 1.7959e-46, 4.82964e-43, 9.24773e-40, 1.26681e-36, 1.24705e-33, 8.85898e-31, 4.55943e-28, 1.70628e-25, 4.65875e-23, 9.30935e-21, 1.36532e-18, 1.47346e-16, 1.17282e-14, 6.89945e-13, 3.00514e-11, 9.70628e-10, 2.32774e-08, 4.14909e-07, 5.50097e-06, 5.42763e-05, 0.000398625, 0.00217915, 0.00886426, 0.0268146, 0.0602689, 0.10053, 0.124258, 0.113563, 0.0762787, 0.0359124, 0.00501573, -0.0231028, -0.059482, -0.10033, -0.124228, -0.113699, -0.0767734, -0.0381314, -0.0138829, -0.00369281, -0.000736373, -0.000285332, -0.00113371, -0.00510406, -0.0173532, -0.0440886, -0.0834949, -0.117542, -0.122606, -0.0942886, -0.0524068, -0.0170956, 0.0106493, 0.0425825, 0.083169, 0.117448, 0.122667, 0.0945783, 0.0535973, 0.0222127, 0.00669478, 0.00145835, 0.000228035, 2.54019e-05, 1.99904e-06, 1.10051e-07, 4.07677e-09, -1.75483e-11, -3.26747e-11, 7.40598e-11, 6.31013e-11, -8.60569e-11, -2.11067e-10, -1.66724e-10, -4.38918e-11, -2.95987e-11, -7.56538e-11, 2.05391e-11
0.193333, 1.00172e-52, 1.52037e-49, 5.51151e-46, 1.41607e-42, 2.59163e-39, 3.39462e-36, 3.19649e-33, 2.17287e-30, 1.07044e-27, 3.83563e-25, 1.00302e-22, 1.92008e-20, 2.6983e-18, 2.79083e-16, 2.12933e-14, 1.20088e-12, 5.01506e-11, 1.5532e-09, 3.57187e-08, 6.10543e-07, 7.76258e-06, 7.34461e-05, 0.00051724, 0.0027111, 0.0105726, 0.0306569, 0.0660372, 0.105545, 0.124971, 0.109392, 0.0703987, 0.0318731, 0.00432607, -0.0203231, -0.0540594, -0.0949954, -0.122749, -0.117305, -0.0827403, -0.0429466, -0.0163485, -0.00454966, -0.000951416, -0.000378932, -0.00143365, -0.00618792, -0.0201835, -0.0491803, -0.0892902, -0.120456, -0.12035, -0.0886328, -0.0472406, -0.0148949, 0.00933207, 0.0381098, 0.0773432, 0.113902, 0.124185, 0.100017, 0.0592453, 0.0256837, 0.00810375, 0.00184962, 0.000303324, 3.54742e-05, 2.93435e-06, 1.70179e-07, 7.0013e-09, 4.43281e-10, 2.63227e-10, 1.52675e-10, 4.94124e-11, 8.11441e-11, 1.96143e-10, 1.92194e-10, 1.32388e-11, -1.32217e-10, -9.5142e-11, -3.23228e-11
0.2, 3.34096e-52, 4.85615e-49, 1.68116e-45, 4.12682e-42, 7.2191e-39, 9.0418e-36, 8.14433e-33, 5.29767e-30, 2.49819e-27, 8.57114e-25, 2.14669e-22, 3.93681e-20, 5.30122e-18, 5.25488e-16, 3.84315e-14, 2.07788e-12, 8.31993e-11, 2.47076e-09, 5.4486e-08, 8.93107e-07, 1.08891e-05, 9.87958e-05, 0.000667147, 0.00335272, 0.0125344, 0.034838, 0.0719184, 0.110134, 0.124916, 0.104719, 0.0645573, 0.0280939, 0.0037026, -0.0177551, -0.0488214, -0.089393, -0.120543, -0.120277, -0.0886146, -0.0480649, -0.0191294, -0.0055693, -0.00122142, -0.000500257, -0.00180261, -0.00745793, -0.0233364, -0.0545318, -0.0949106, -0.122687, -0.117404, -0.0827883, -0.0422988, -0.0128818, 0.00812041, 0.0338878, 0.071486, 0.10979, 0.124947, 0.105106, 0.0650727, 0.0295056, 0.00974489, 0.00233019, 0.000400724, 4.91956e-05, 4.27656e-06, 2.60942e-07, 1.10739e-08, 2.09261e-10, -2.18919e-10, -2.05644e-10, -6.55802e-11, 3.6544e-11, -2.41436e-12, -5.82887e-11, 4.19396e-11, 2.04114e-10, 1.76744e-10, -1.32549e-11
0.206667, 1.10743e-51, 1.54159e-48, 5.09677e-45, 1.19538e-41, 1.99878e-38, 2.39388e-35, 2.06267e-32, 1.28392e-29, 5.79557e-27, 1.90395e-24, 4.5672e-22, 8.02407e-20, 1.03536e-17, 9.83609e-16, 6.89547e-14, 3.57415e-12, 1.37213e-10, 3.90719e-09, 8.2623e-08, 1.29871e-06, 1.51842e-05, 0.000132104, 0.000855365, 0.00412134, 0.0147708, 0.0393502, 0.0778474, 0.11422, 0.124093, 0.0996231, 0.0588237, 0.0245943, 0.00314488, -0.0154062, -0.0438152, -0.0836069, -0.117652, -0.122564, -0.0943145, -0.0534548, -0.0222409, -0.00677372, -0.00155809, -0.000656508, -0.00225358, -0.00893583, -0.0268216, -0.0601035, -0.100274, -0.124196, -0.11382, -0.0768396, -0.037622, -0.0110594, 0.00701706, 0.0299419, 0.0656707, 0.105183, 0.12494, 0.109766, 0.0710206, 0.033678, 0.0116417, 0.00291606, 0.000525801, 6.77512e-05, 6.18829e-06, 3.96938e-07, 1.75002e-08, 3.73309e-10, -2.10464e-11, 5.85919e-11, -8.76094e-12, -1.60116e-10, -2.02801e-10, -1.00184e-10, -4.02995e-11, -1.12163e-10, -1.15785e-10, 7.19661e-11
0.213333, 3.64829e-51, 4.86386e-48, 1.53578e-44, 3.4416e-41, 5.50072e-38, 6.29986e-35, 5.19272e-32, 3.09307e-29, 1.33652e-26, 4.20425e-24, 9.65944e-22, 1.62581e-19, 2.01017e-17, 1.83026e-15, 1.22991e-13, 6.11163e-12, 2.24958e-10, 6.14224e-09, 1.24549e-07, 1.87733e-06, 2.10478e-05, 0.000175591, 0.00109014, 0.00503582, 0.0173015, 0.0441779, 0.0837529, 0.117733, 0.122516, 0.0941859, 0.0532591, 0.0213852, 0.00265102, -0.0132782, -0.0390779, -0.0777188, -0.114128, -0.124123, -0.0997564, -0.0590753, -0.0256944, -0.00818586, -0.00197498, -0.000856436, -0.00280133, -0.0106437, -0.0306442, -0.0658469, -0.105298, -0.124951, -0.10966, -0.0708667, -0.0332405, -0.00942585, 0.006022, 0.026289, 0.0599634, 0.100158, 0.124166, 0.113918, 0.0770223, 0.0381936, 0.0138168, 0.00362496, 0.000685243, 9.26606e-05, 8.89176e-06, 6.00264e-07, 2.84252e-08, 1.2045e-09, 2.61726e-10, 1.08661e-10, 5.21712e-11, 1.43788e-10, 2.32172e-10, 1.42616e-10, -3.65934e-11, -8.07075e-11, -2.07776e-11, -7.24524e-11
0.22, 1.1945e-50, 1.52521e-47, 4.59952e-44, 9.84856e-41, 1.50468e-37, 1.64794e-34, 1.29943e-31, 7.40701e-29, 3.0638e-26, 9.22857e-24, 2.03083e-21, 3.27469e-19, 3.87974e-17, 3.38558e-15, 2.18078e-13, 1.0389e-11, 3.66638e-10, 9.59879e-09, 1.86641e-07, 2.69767e-06, 2.90024e-05, 0.000232004, 0.00138104, 0.0061163, 0.0201436, 0.0492977, 0.089558, 0.120611, 0.120214, 0.0884919, 0.0479152, 0.0184699, 0.00221796, -0.011368, -0.0346374, -0.071806, -0.110033, -0.124929, -0.104856, -0.0648772, -0.029496, -0.00982919, -0.00248762, -0.00111059, -0.0034624, -0.0126033, -0.0348032, -0.0717057, -0.109903, -0.12494, -0.104995, -0.0649442, -0.0291754, -0.00797572, 0.00513291, 0.0229377, 0.0544221, 0.0947954, 0.12264, 0.117493, 0.0830044, 0.0430372, 0.0162915, 0.00447631, 0.000886997, 0.000125855, 1.26865e-05, 9.00813e-07, 4.46686e-08, 1.42199e-09, -1.5673e-10, -1.21076e-10, 1.12283e-11, 3.15479e-11, -5.76387e-11, -5.44656e-11, 1.1169e-10, 2.17893e-10, 1.11928e-10, -9.89521e-12
0.226667, 3.88692e-50, 4.75347e-47, 1.36913e-43, 2.80121e-40, 4.09113e-37, 4.28485e-34, 3.23222e-31, 1.76318e-28, 6.98159e-26, 2.0137e-23, 4.24437e-21, 6.55681e-19, 7.44386e-17, 6.22561e-15, 3.84397e-13, 1.75556e-11, 5.9402e-10, 1.49119e-08, 2.78031e-07, 3.8535e-06, 3.97259e-05, 0.000304713, 0.00173912, 0.00738401, 0.0233113, 0.0546776, 0.0951821, 0.122802, 0.117227, 0.082625, 0.0428347, 0.0158455, 0.00184182, -0.00966844, -0.0305128, -0.0659404, -0.105438, -0.124966, -0.109533, -0.0708023, -0.0336456, -0.0117272, -0.00311364, -0.00143155, -0.00425515, -0.0148358, -0.0392912, -0.0776159, -0.114011, -0.12416, -0.0999019, -0.0591394, -0.0254387, -0.00670034, 0.00434561, 0.0198897, 0.0490961, 0.0891783, 0.120393, 0.120429, 0.0888881, 0.0481849, 0.0190845, 0.00549102, 0.00114041, 0.000169763, 1.79727e-05, 1.34139e-06, 6.96532e-08, 2.32942e-09, 2.54311e-11, 7.57113e-12, -1.04619e-10, -2.10085e-10, -1.58681e-10, -5.26521e-11, -8.69204e-11, -1.81694e-10, -9.20756e-11, 1.16047e-10
0.233333, 1.25704e-49, 1.47241e-46, 4.05063e-43, 7.91916e-40, 1.10564e-36, 1.10742e-33, 7.99173e-31, 4.17203e-28, 1.58145e-25, 4.36784e-23, 8.81802e-21, 1.30508e-18, 1.41978e-16, 1.13804e-14, 6.73562e-13, 2.9491e-11, 9.56737e-10, 2.30289e-08, 4.11719e-07, 5.47188e-06, 5.40908e-05, 0.000397822, 0.00217693, 0.00886093, 0.0268143, 0.0602769, 0.100543, 0.124267, 0.113609, 0.0766668, 0.0380507, 0.0135036, 0.00151814, -0.00816922, -0.0267148, -0.0601871, -0.10042, -0.124235, -0.113709, -0.0767849, -0.0381364, -0.0139026, -0.0038728, -0.00183423, -0.00519974, -0.0173609, -0.0440933, -0.0835068, -0.117552, -0.122624, -0.0944629, -0.053512, -0.0220349, -0.00558879, 0.00365449, 0.0171407, 0.0440262, 0.0833882, 0.117465, 0.122674, 0.094591, 0.0536042, 0.0222113, 0.00669129, 0.00145636, 0.00022742, 2.52837e-05, 1.98435e-06, 1.09104e-07, 4.40479e-09, 2.89873e-10, 6.89891e-11, 8.52747e-11, 2.05215e-10, 2.19836e-10, 6.74221e-11, -4.52536e-11, -2.60264e-13, 3.52169e-12, -1.46345e-10
0.24, 4.04034e-49, 4.53295e-46, 1.1911e-42, 2.22522e-39, 2.96997e-36, 2.8449e-33, 1.96414e-30, 9.81293e-28, 3.56091e-25, 9.41786e-23, 1.82116e-20, 2.58229e-18, 2.69195e-16, 2.06805e-14, 1.17328e-12, 4.92481e-11, 1.53183e-09, 3.53538e-08, 6.06078e-07, 7.72384e-06, 7.32118e-05, 0.000516283, 0.00270863, 0.0105693, 0.0306575, 0.0660464, 0.105557, 0.124976, 0.109422, 0.0706951, 0.0335873, 0.0114316, 0.00124211, -0.00685771, -0.0232469, -0.0546035, -0.095058, -0.122751, -0.117314, -0.0827525, -0.0429537, -0.0163771, -0.00478704, -0.00233608, -0.00631801, -0.0201958, -0.0491866, -0.0893025, -0.120464, -0.120361, -0.0887619, -0.0481127, -0.0189612, -0.00462859, 0.00305292, 0.0146814, 0.0392442, 0.0775051, 0.113911, 0.12419, 0.100029, 0.0592535, 0.0256833, 0.00810023, 0.00184737, 0.000302575, 3.53209e-05, 2.91427e-06, 1.68458e-07, 6.67837e-09, 7.62895e-11, -5.61372e-12, 6.83735e-11, 5.02174e-13, -8.44915e-11, 3.65586e-12, 1.72739e-10, 1.74994e-10, 5.45049e-11, 5.2271e-11
0.246667, 1.29066e-48, 1.38697e-45, 3.48116e-42, 6.21478e-39, 7.92982e-36, 7.26448e-33, 4.79835e-30, 2.29429e-27, 7.97027e-25, 2.0186e-22, 3.73887e-20, 5.07917e-18, 5.07385e-16, 3.73586e-14, 2.03168e-12, 8.17555e-11, 2.4381e-09, 5.39538e-08, 8.86899e-07, 1.08378e-05, 9.8502e-05, 0.000666017, 0.00335002, 0.0125313, 0.0348397, 0.0719286, 0.110145, 0.124918, 0.104737, 0.0647822, 0.0294601, 0.00961376, 0.00100881, -0.00571968, -0.0201063, -0.0492388, -0.0894357, -0.120541, -0.120285, -0.0886273, -0.0480746, -0.0191698, -0.0058804, -0.00295737, -0.00763339, -0.023355, -0.05454, -0.094923, -0.122694, -0.117408, -0.0828829, -0.0429831, -0.0162093, -0.00380628, 0.00253358, 0.0124987, 0.0347733, 0.0716045, 0.109792, 0.124949, 0.105118, 0.0650821, 0.0295061, 0.00974142, 0.00232768, 0.000399819, 4.89976e-05, 4.24839e-06, 2.57993e-07, 1.07233e-08, 2.63849e-10, -7.13039e-11, -1.98445e-10, -2.17475e-10, -1.00141e-10, -5.3008e-11, -1.62111e-10, -1.98395e-10, -2.84157e-11, 1.06564e-10
0.253333, 4.09758e-48, 4.21785e-45, 1.01122e-41, 1.7252e-38, 2.10448e-35, 1.84384e-32, 1.16521e-29, 5.33207e-27, 1.77333e-24, 4.30089e-22, 7.63044e-20, 9.93119e-18, 9.50674e-16, 6.70881e-14, 3.4973e-12, 1.34918e-10, 3.85761e-09, 8.18519e-08, 1.29014e-06, 1.51169e-05, 0.000131739, 0.000854044, 0.00411843, 0.014768, 0.0393531, 0.0778585, 0.11423, 0.124092, 0.0996324, 0.0589934, 0.0256768, 0.00803178, 0.000813336, -0.00473999, -0.0172847, -0.0441334, -0.0836352, -0.117647, -0.122569, -0.0943275, -0.0534675, -0.0222972, -0.00717885, -0.00372135, -0.00917061, -0.0268489, -0.0601136, -0.100286, -0.1242, -0.113819, -0.0769081, -0.0381561, -0.013766, -0.00310804, 0.00208885, 0.0105763, 0.0306287, 0.0657567, 0.105181, 0.124939, 0.109777, 0.0710311, 0.0336797, 0.0116384, 0.00291329, 0.000524718, 6.74981e-05, 6.15051e-06, 3.93544e-07, 1.76641e-08, 6.20948e-10, 4.99017e-11, 1.3496e-10, 2.32905e-10, 1.5623e-10, 3.5668e-12, -3.30048e-12, 6.28413e-11, -3.74201e-11, -2.00854e-10
0.26, 1.29291e-47, 1.27482e-44, 2.91956e-41, 4.76004e-38, 5.55134e-35, 4.65181e-32, 2.81257e-29, 1.2318e-26, 3.92205e-24, 9.10914e-22, 1.54801e-19, 1.93032e-17, 1.77071e-15, 1.19763e-13, 5.9846e-12, 2.21333e-10, 6.06745e-09, 1.2344e-07, 1.86558e-06, 2.09601e-05, 0.000175141, 0.00108861, 0.00503273, 0.0172991, 0.044182, 0.0837647, 0.117742, 0.122512, 0.0941891, 0.0533865, 0.0222379, 0.00666611, 0.000650954, -0.00390314, -0.0147693, -0.0393192, -0.0777367, -0.114121, -0.124127, -0.0997695, -0.0590919, -0.0257714, -0.00871016, -0.00465448, -0.0109554, -0.0306831, -0.0658593, -0.10531, -0.124953, -0.109655, -0.0709157, -0.0336552, -0.0116144, -0.00252008, 0.00171101, 0.00889586, 0.0268183, 0.0600253, 0.100152, 0.124163, 0.113928, 0.0770337, 0.0381965, 0.0138138, 0.00362195, 0.000683962, 9.23409e-05, 8.84125e-06, 5.9506e-07, 2.78646e-08, 9.15708e-10, 1.28181e-10, 9.37822e-11, -3.24925e-11, -5.69807e-11, 9.26863e-11, 1.87769e-10, 1.01088e-10, 5.15557e-11, 1.41323e-10
0.266667, 4.05446e-47, 3.82948e-44, 8.37789e-41, 1.3054e-37, 1.45553e-34, 1.16654e-31, 6.74827e-29, 2.82868e-26, 8.62262e-24, 1.91782e-21, 3.12187e-19, 3.72972e-17, 3.27859e-15, 2.12533e-13, 1.01803e-11, 3.60948e-10, 9.48672e-09, 1.85055e-07, 2.68168e-06, 2.88891e-05, 0.000231453, 0.00137929, 0.00611307, 0.0201418, 0.0493031, 0.0895702, 0.120618, 0.120208, 0.0884909, 0.0480104, 0.0191378, 0.00549644, 0.000517201, -0.00319373, -0.012544, -0.0348194, -0.0718166, -0.110024, -0.12493, -0.104869, -0.0648983, -0.0296001, -0.0105035, -0.00578645, -0.0130142, -0.0348577, -0.0717206, -0.109914, -0.124939, -0.104987, -0.0649788, -0.0294958, -0.00973496, -0.00202906, 0.00139246, 0.00743769, 0.0233431, 0.0544663, 0.0947877, 0.122635, 0.117502, 0.0830164, 0.0430413, 0.0162889, 0.00447309, 0.000885498, 0.000125453, 1.26182e-05, 8.92915e-07, 4.39363e-08, 1.4221e-09, -1.37532e-10, -2.56973e-10, -1.80865e-10, -6.1048e-11, -1.06404e-10, -2.2082e-10, -1.50913e-10, 2.12458e-11, 3.58031e-11
0.273333, 1.26364e-46, 1.14332e-43, 2.38946e-40, 3.55823e-37, 3.79327e-34, 2.90777e-31, 1.60943e-28, 6.45688e-26, 1.88438e-23, 4.01371e-21, 6.2585e-19, 7.16378e-17, 6.03456e-15, 3.7493e-13, 1.72151e-11, 5.8515e-10, 1.4745e-08, 2.75779e-07, 3.83188e-06, 3.95805e-05, 0.000304045, 0.00173713, 0.0073807, 0.0233101, 0.0546843, 0.0951945, 0.122807, 0.117219, 0.0826211, 0.0429056, 0.0163657, 0.0045024, 0.000407947, -0.00259684, -0.01059, -0.0306494, -0.0659462, -0.105428, -0.124965, -0.109546, -0.0708291, -0.0337851, -0.012589, -0.00715023, -0.0153735, -0.0393664, -0.0776338, -0.114022, -0.124157, -0.0998927, -0.0591637, -0.0256852, -0.00810617, -0.0016223, 0.00112596, 0.00618155, 0.0201984, 0.0491276, 0.0891693, 0.120386, 0.120436, 0.0889005, 0.0481904, 0.0190825, 0.00548763, 0.00113867, 0.000169264, 1.78828e-05, 1.33113e-06, 6.91565e-08, 2.44968e-09, 8.64837e-11, 1.72288e-10, 2.00953e-10, 6.3603e-11, -1.58351e-11, 6.28817e-11, 6.47768e-11, -1.12076e-10, -1.90256e-10
0.28, 3.91413e-46, 3.39256e-43, 6.77349e-40, 9.64015e-37, 9.82598e-34, 7.20442e-31, 3.81539e-28, 1.46507e-25, 4.09357e-23, 8.35015e-21, 1.24721e-18, 1.36781e-16, 1.10414e-14, 6.57501e-13, 2.89389e-11, 9.42995e-10, 2.27822e-08, 4.08544e-07, 5.44287e-06, 5.39055e-05, 0.000397019, 0.0021747, 0.00885761, 0.026814, 0.0602849, 0.100555, 0.12427, 0.113599, 0.0766613, 0.0381034, 0.0139066, 0.00366408, 0.000319439, -0.0020983, -0.00888676, -0.026817, -0.0601897, -0.100408, -0.124232, -0.113722, -0.0768188, -0.0383217, -0.0149974, -0.00878197, -0.0180593, -0.0441957, -0.0835284, -0.117562, -0.12262, -0.0944526, -0.0535289, -0.0222236, -0.00670565, -0.00128805, 0.000904645, 0.00510712, 0.0173744, 0.0440486, 0.0833788, 0.117457, 0.122679, 0.0946036, 0.0536111, 0.02221, 0.00668779, 0.00145437, 0.000226806, 2.51662e-05, 1.96979e-06, 1.07788e-07, 4.22894e-09, 3.04626e-10, 9.09162e-11, -3.44215e-11, 2.72941e-11, 1.6872e-10, 1.47347e-10, 4.88896e-11, 1.11828e-10, 1.95483e-10
0.286667, 1.20496e-45, 1.00052e-42, 1.90841e-39, 2.59593e-36, 2.52993e-33, 1.77426e-30, 8.99071e-28, 3.30438e-25, 8.83973e-23, 1.72684e-20, 2.4707e-18, 2.59612e-16, 2.00828e-14, 1.14621e-12, 4.83586e-11, 1.51068e-09, 3.49914e-08, 6.01632e-07, 7.68518e-06, 7.29777e-05, 0.000515326, 0.00270617, 0.0105661, 0.0306581, 0.0660555, 0.105569, 0.124977, 0.109411, 0.0706889, 0.0336266, 0.0117422, 0.00296242, 0.000248322, -0.00168493, -0.00741286, -0.0233232, -0.0546043, -0.0950462, -0.122746, -0.117326, -0.0827955, -0.0431978, -0.0177591, -0.0107207, -0.0210968, -0.0493248, -0.0893286, -0.120472, -0.120354, -0.0887511, -0.0481244, -0.0191052, -0.00551072, -0.00101555, 0.000722219, 0.00419453, 0.0148575, 0.0392602, 0.0774956, 0.113901, 0.124192, 0.100042, 0.0592616, 0.0256828, 0.0080967, 0.00184512, 0.000301825, 3.51672e-05, 2.8937e-06, 1.66561e-07, 6.54219e-09, -5.91314e-11, -2.51159e-10, -1.20217e-10, -6.87637e-11, -1.83698e-10, -2.2106e-10, -7.14709e-11, 1.09648e-11, -5.02568e-11
0.293333, 3.68667e-45, 2.93261e-42, 5.34416e-39, 6.94801e-36, 6.47456e-33, 4.34325e-30, 2.1059e-27, 7.40829e-25, 1.89748e-22, 3.5499e-20, 4.86536e-18, 4.89824e-16, 3.63112e-14, 1.98632e-12, 8.03313e-11, 2.40577e-09, 5.34251e-08, 8.80716e-07, 1.07867e-05, 9.82085e-05, 0.000664887, 0.00334732, 0.0125282, 0.0348414, 0.0719388, 0.110156, 0.124917, 0.104725, 0.0647759, 0.0294896, 0.0098518, 0.00237955, 0.000191641, -0.00134461, -0.00614648, -0.0201632, -0.0492386, -0.0894239, -0.120535, -0.120296, -0.088682, -0.0483938, -0.0209037, -0.0130081, -0.024509, -0.0547247, -0.0949551, -0.122701, -0.1174, -0.082872, -0.0429915, -0.0163188, -0.004499, -0.000795143, 0.000572939, 0.00342475, 0.0126306, 0.034785, 0.0715955, 0.109781, 0.12495, 0.10513, 0.0650915, 0.0295067, 0.00973795, 0.00232517, 0.000398913, 4.87998e-05, 4.22079e-06, 2.55573e-07, 1.06043e-08, 3.28137e-10, 1.65425e-10, 1.06425e-10, -1.85715e-11, 1.43172e-11, 1.01683e-10, -1.40646e-12, -1.60021e-10, -1.19377e-10
0.3, 1.12104e-44, 8.5432e-42, 1.48742e-38, 1.84836e-35, 1.64695e-32, 1.0568e-29, 4.90307e-27, 1.65098e-24, 4.04872e-22, 7.25417e-20, 9.52403e-18, 9.18694e-16, 6.52641e-14, 3.42179e-12, 1.32652e-10, 3.80849e-09, 8.10856e-08, 1.2816e-06, 1.50498e-05, 0.000131374, 0.000852723, 0.00411552, 0.0147652, 0.0393559, 0.0778696, 0.11424, 0.124089, 0.0996202, 0.0589875, 0.0256991, 0.00821333, 0.00189893, 0.000146828, -0.00106642, -0.00506607, -0.0173272, -0.0441329, -0.0836237, -0.117639, -0.12258, -0.0943974, -0.0538821, -0.024459, -0.0156877, -0.0283167, -0.0603588, -0.100326, -0.124205, -0.113809, -0.0768975, -0.0381622, -0.0138491, -0.00364888, -0.00061825, 0.000451659, 0.00277985, 0.0106747, 0.0306375, 0.0657484, 0.105169, 0.124938, 0.109788, 0.0710416, 0.0336813, 0.0116351, 0.00291052, 0.000523636, 6.72458e-05, 6.11292e-06, 3.89862e-07, 1.75108e-08, 7.58603e-10, 8.42691e-11, 1.79915e-11, 1.38023e-10, 1.92134e-10, 8.31541e-11, 6.22118e-11, 1.91552e-10, 1.73487e-10
0.306667, 3.3879e-44, 2.47355e-41, 4.11466e-38, 4.88733e-35, 4.1641e-32, 2.55591e-29, 1.13471e-26, 3.65728e-24, 8.58735e-22, 1.47356e-19, 1.85327e-17, 1.71284e-15, 1.16607e-13, 5.85971e-12, 2.17753e-10, 5.99333e-09, 1.22337e-07, 1.85388e-06, 2.08727e-05, 0.000174691, 0.00108708, 0.00502963, 0.0172967, 0.0441862, 0.0837765, 0.11775, 0.122507, 0.0941767, 0.0533812, 0.022255, 0.00680391, 0.00150554, 0.000111681, -0.000840585, -0.00415073, -0.0148011, -0.0393188, -0.0777258, -0.114112, -0.124138, -0.0998591, -0.0596268, -0.0284505, -0.0188042, -0.0325373, -0.0661825, -0.10536, -0.124958, -0.109644, -0.0709058, -0.03366, -0.0116773, -0.00293993, -0.000477377, 0.000353825, 0.00224321, 0.00896896, 0.0268252, 0.0600179, 0.10014, 0.12416, 0.113938, 0.0770451, 0.0381994, 0.0138108, 0.00361894, 0.000682682, 9.2021e-05, 8.79039e-06, 5.89754e-07, 2.74041e-08, 6.41712e-10, -1.63644e-10, -6.815e-11, -1.22081e-10, -2.3232e-10, -1.55889e-10, -1.8673e-11, -5.60007e-11, -8.34239e-11
0.313333, 1.01757e-43, 7.11795e-41, 1.13131e-37, 1.28444e-34, 1.04648e-31, 6.1444e-29, 2.6103e-26, 8.05323e-24, 1.81051e-21, 2.97544e-19, 3.58481e-17, 3.1745e-15, 2.07106e-13, 9.97506e-12, 3.55327e-10, 9.37559e-09, 1.83477e-07, 2.66574e-06, 2.87759e-05, 0.000230902, 0.00137754, 0.00610983, 0.02014, 0.0493085, 0.0895824, 0.120625, 0.120201, 0.0884786, 0.048006, 0.0191512, 0.00560054, 0.00118589, 8.43318e-05, -0.000658524, -0.00338057, -0.0125679, -0.0348195, -0.0718067, -0.110014, -0.124943, -0.104985, -0.0655842, -0.0328996, -0.0224027, -0.0371838, -0.0721438, -0.109978, -0.124943, -0.104976, -0.0649699, -0.0294999, -0.00978253, -0.00235312, -0.000366049, 0.000275456, 0.00179961, 0.00749183, 0.0233488, 0.0544601, 0.0947754, 0.12263, 0.11751, 0.0830285, 0.0430455, 0.0162863, 0.00446986, 0.000883998, 0.000125052, 1.25505e-05, 8.85368e-07, 4.33033e-08, 1.47162e-09, 1.11248e-10, -2.22867e-11, -5.64961e-11, 6.01075e-11, 7.05208e-11, -9.27139e-11, -1.40045e-10, -4.91887e-11
0.32, 3.03755e-43, 2.03575e-40, 3.09155e-37, 3.35518e-34, 2.61401e-31, 1.46822e-28, 5.96873e-26, 1.76269e-23, 3.79441e-21, 5.97231e-19, 6.89293e-17, 5.84854e-15, 3.65657e-13, 1.68799e-11, 5.7638e-10, 1.45795e-08, 2.73539e-07, 3.81032e-06, 3.94352e-05, 0.000303377, 0.00173514, 0.00737738, 0.023309, 0.054691, 0.0952069, 0.122812, 0.11721, 0.0826093, 0.0429022, 0.0163764, 0.00458069, 0.000928046, 6.32189e-05, -0.000512751, -0.00273697, -0.0106081, -0.03065, -0.0659373, -0.105418, -0.12498, -0.109695, -0.0717032, -0.0378235, -0.0265273, -0.0422647, -0.0781841, -0.114104, -0.124161, -0.0998808, -0.0591559, -0.0256889, -0.00814215, -0.00187102, -0.00027874, 0.000213116, 0.00143535, 0.00622154, 0.0202033, 0.0491226, 0.0891572, 0.120379, 0.120443, 0.088913, 0.0481959, 0.0190804, 0.00548424, 0.00113694, 0.000168765, 1.77931e-05, 1.32075e-06, 6.86004e-08, 2.63667e-09, 1.30378e-10, 1.18054e-10, 2.2271e-10, 1.56632e-10, 5.10077e-11, 1.37075e-10, 2.24114e-10, 9.74289e-11
0.326667, 9.01169e-43, 5.78665e-40, 8.39688e-37, 8.71116e-34, 6.49013e-31, 3.48722e-28, 1.35662e-25, 3.83508e-23, 7.90473e-21, 1.19162e-18, 1.3175e-16, 1.0711e-14, 6.41757e-13, 2.8395e-11, 9.29403e-10, 2.25373e-08, 4.05384e-07, 5.41394e-06, 5.37205e-05, 0.000396216, 0.00217247, 0.00885428, 0.0268137, 0.0602928, 0.100567, 0.124273, 0.113589, 0.0766502, 0.0381011, 0.0139153, 0.00372272, 0.000721549, 4.7048e-05, -0.000396822, -0.00220278, -0.00890061, -0.0268181, -0.060182, -0.100398, -0.124252, -0.113914, -0.0779263, -0.043234, -0.0312199, -0.0477824, -0.0842396, -0.117669, -0.122624, -0.0944408, -0.0535223, -0.0222272, -0.00673289, -0.00147786, -0.000210786, 0.000163866, 0.00113819, 0.00513662, 0.0173789, 0.0440448, 0.0833672, 0.117448, 0.122684, 0.0946162, 0.053618, 0.0222087, 0.00668429, 0.00145239, 0.000226191, 2.50486e-05, 1.95527e-06, 1.06463e-07, 3.85966e-09, 3.86093e-11, -4.82063e-11, -1.82193e-10, -2.08658e-10, -6.52979e-11, -3.19767e-11, -1.21055e-10, -3.42582e-11
0.333333, 2.65713e-42, 1.6348e-39, 2.26676e-36, 2.24798e-33, 1.60165e-30, 8.23278e-28, 3.06494e-25, 8.29405e-23, 1.63692e-20, 2.3634e-18, 2.50326e-16, 1.94997e-14, 1.11964e-12, 4.74817e-11, 1.48975e-09, 3.46316e-08, 5.97206e-07, 7.64662e-06, 7.27438e-05, 0.000514369, 0.0027037, 0.0105628, 0.0306588, 0.0660647, 0.105581, 0.124978, 0.1094, 0.0706787, 0.0336254, 0.0117495, 0.00300617, 0.000557356, 3.47591e-05, -0.000305245, -0.00176236, -0.00742357, -0.0233249, -0.0545979, -0.0950369, -0.122772, -0.117574, -0.0841904, -0.0491361, -0.0365186, -0.0537332, -0.0902421, -0.120612, -0.120361, -0.0887397, -0.0481191, -0.0191088, -0.00553138, -0.0011596, -0.000158295, 0.000125222, 0.00089733, 0.00421628, 0.0148617, 0.0392576, 0.0774847, 0.113891, 0.124195, 0.100054, 0.0592698, 0.0256823, 0.00809317, 0.00184287, 0.000301076, 3.5014e-05, 2.87324e-06, 1.64623e-07, 6.49338e-09, 1.149e-10, -1.33499e-10, -4.76996e-11, 6.58091e-11, -2.72923e-11, -1.44068e-10, -7.18328e-11, -4.76172e-11
0.34, 7.78653e-42, 4.59025e-39, 6.08192e-36, 5.76591e-33, 3.9287e-30, 1.93192e-27, 6.88289e-25, 1.783e-22, 3.36953e-20, 4.65952e-18, 4.72791e-16, 3.52885e-14, 1.94179e-12, 7.89266e-11, 2.37375e-09, 5.28998e-08, 8.7456e-07, 1.07357e-05, 9.79153e-05, 0.000663757, 0.00334462, 0.0125252, 0.0348432, 0.071949, 0.110167, 0.124916, 0.104713, 0.0647667, 0.0294893, 0.00985806, 0.00241207, 0.000427732, 2.5493e-05, -0.000233385, -0.00140167, -0.00615489, -0.0201654, -0.0492336, -0.089416, -0.12057, -0.120616, -0.0904285, -0.0555277, -0.0424558, -0.0601065, -0.0961209, -0.122884, -0.117411, -0.0828616, -0.0429875, -0.0163225, -0.0045147, -0.000903844, -0.000118052, 9.51062e-05, 0.000703361, 0.00344079, 0.0126346, 0.0347834, 0.0715855, 0.10977, 0.12495, 0.105142, 0.0651009, 0.0295072, 0.00973448, 0.00232265, 0.000398008, 4.86023e-05, 4.19327e-06, 2.53351e-07, 1.06896e-08, 3.96547e-10, 2.23819e-10, 2.36679e-10, 9.92621e-11, 8.74699e-11, 2.15359e-10, 1.78424e-10, 4.14249e-11
0.346667, 2.26777e-41, 1.28098e-38, 1.62189e-35, 1.46994e-32, 9.57853e-30, 4.5062e-27, 1.5364e-24, 3.81003e-22, 6.89457e-20, 9.13163e-18, 8.87645e-16, 6.34819e-14, 3.34761e-12, 1.30417e-10, 3.75982e-09, 8.0324e-08, 1.2731e-06, 1.49828e-05, 0.000131009, 0.000851402, 0.00411261, 0.0147624, 0.0393588, 0.0778807, 0.11425, 0.124085, 0.0996078, 0.0589796, 0.0256997, 0.00821878, 0.00192302, 0.000326123, 1.85606e-05, -0.000177368, -0.00110822, -0.00507276, -0.0173298, -0.0441294, -0.083618, -0.117688, -0.122992, -0.0965712, -0.0623986, -0.0490569, -0.0668842, -0.101805, -0.124445, -0.113827, -0.0768885, -0.0381596, -0.0138528, -0.00366087, -0.000699823, -8.74291e-05, 7.1793e-05, 0.00054815, 0.0027917, 0.0106786, 0.030637, 0.0657395, 0.105157, 0.124937, 0.109799, 0.0710521, 0.033683, 0.0116317, 0.00290775, 0.000522554, 6.69938e-05, 6.07554e-06, 3.86098e-07, 1.70338e-08, 5.71713e-10, -4.91403e-11, -1.90207e-10, -1.12727e-10, -9.93461e-12, -9.1673e-11, -1.16379e-10, 5.2652e-11
0.353333, 6.56415e-41, 3.5529e-38, 4.29881e-35, 3.72469e-32, 2.32122e-29, 1.04474e-26, 3.40897e-24, 8.09276e-22, 1.40231e-19, 1.77893e-17, 1.65659e-15, 1.13521e-13, 5.73693e-12, 2.14217e-10, 5.91985e-09, 1.2124e-07, 1.84221e-06, 2.07853e-05, 0.000174241, 0.00108555, 0.00502654, 0.0172944, 0.0441903, 0.0837883, 0.117759, 0.122502, 0.0941642, 0.0533746, 0.0222564, 0.00680871, 0.00152334, 0.000247036, 1.34144e-05, -0.000133988, -0.000871038, -0.00415611, -0.0148041, -0.0393167, -0.0777232, -0.114179, -0.124667, -0.102549, -0.0697301, -0.056338, -0.0740407, -0.107224, -0.125272, -0.109671, -0.0708987, -0.0336587, -0.0116811, -0.00294912, -0.000538253, -6.43011e-05, 5.38651e-05, 0.000424738, 0.00225199, 0.00897265, 0.0268256, 0.0600102, 0.100128, 0.124156, 0.113948, 0.0770565, 0.0382023, 0.0138077, 0.00361593, 0.000681401, 9.17013e-05, 8.73945e-06, 5.84292e-07, 2.70314e-08, 6.59375e-10, -1.71755e-10, -2.82528e-11, -4.3171e-12, -1.35848e-10, -1.23683e-10, -2.69092e-11, -1.21765e-10
0.36, 1.88835e-40, 9.79396e-38, 1.13246e-34, 9.38073e-32, 5.59113e-29, 2.40758e-26, 7.51839e-24, 1.70866e-21, 2.83516e-19, 3.44484e-17, 3.07325e-15, 2.01795e-13, 9.77314e-12, 3.49773e-10, 9.2654e-09, 1.81908e-07, 2.64985e-06, 2.8663e-05, 0.000230351, 0.00137578, 0.0061066, 0.0201382, 0.049314, 0.0895947, 0.120632, 0.120194, 0.0884662, 0.0480007, 0.0191533, 0.00560481, 0.00119901, 0.000185912, 9.62377e-06, -0.000100612, -0.000680591, -0.00338496, -0.0125711, -0.0348188, -0.0718083, -0.110106, -0.125619, -0.108293, -0.0774942, -0.0643042, -0.0815428, -0.112311, -0.125354, -0.105016, -0.0649653, -0.0294997, -0.00978634, -0.0023602, -0.000411228, -4.6963e-05, 4.01697e-05, 0.000327226, 0.00180615, 0.00749536, 0.02335, 0.0544536, 0.0947631, 0.122625, 0.117519, 0.0830406, 0.0430497, 0.0162837, 0.00446664, 0.000882497, 0.00012465, 1.2483e-05, 8.78194e-07, 4.29479e-08, 1.5683e-09, 2.88181e-10, 1.75321e-10, 7.5054e-11, 1.71287e-10, 2.27904e-10, 9.46187e-11, 6.26539e-11
0.366667, 5.39895e-40, 2.68329e-37, 2.96511e-34, 2.34823e-31, 1.3386e-28, 5.5148e-26, 1.64821e-23, 3.58597e-21, 5.6978e-19, 6.63105e-17, 5.66742e-15, 3.56575e-13, 1.655e-11, 5.6771e-10, 1.44154e-08, 2.7131e-07, 3.78883e-06, 3.92901e-05, 0.000302709, 0.00173315, 0.00737406, 0.0233079, 0.0546977, 0.0952193, 0.122818, 0.117202, 0.0825974, 0.0428983, 0.016379, 0.0045845, 0.000937687, 0.000139003, 6.85336e-06, -7.50988e-05, -0.000528657, -0.00274059, -0.0106115, -0.0306508, -0.0659445, -0.105543, -0.125842, -0.11374, -0.0856537, -0.072948, -0.0893495, -0.117007, -0.124696, -0.0999402, -0.0591547, -0.0256898, -0.00814591, -0.00187649, -0.000312084, -3.40622e-05, 2.97752e-05, 0.00025066, 0.00144024, 0.00622489, 0.0202051, 0.0491174, 0.0891452, 0.120372, 0.120449, 0.0889255, 0.0482015, 0.0190784, 0.00548085, 0.0011352, 0.000168267, 1.77038e-05, 1.31031e-06, 6.77191e-08, 2.53513e-09, -1.16156e-12, -1.07572e-10, 4.88553e-12, -1.87943e-11, -1.26301e-10, -3.08961e-11, 9.48785e-11
0.373333, 1.53413e-39, 7.30651e-37, 7.71623e-34, 5.84253e-31, 3.18543e-28, 1.25561e-25, 3.59154e-23, 7.48079e-21, 1.13824e-18, 1.26881e-16, 1.03891e-14, 6.26325e-13, 2.78592e-11, 9.15958e-10, 2.22943e-08, 4.0224e-07, 5.38508e-06, 5.35357e-05, 0.000395413, 0.00217024, 0.00885095, 0.0268134, 0.0603008, 0.100579, 0.124276, 0.113579, 0.076639, 0.0380984, 0.0139183, 0.00372611, 0.000728621, 0.000103254, 4.84428e-06, -5.57217e-05, -0.000408229, -0.00220579, -0.00890409, -0.0268205, -0.0601967, -0.100568, -0.125343, -0.118831, -0.0941623, -0.0822472, -0.0974126, -0.121257, -0.123318, -0.0945259, -0.0535253, -0.0222292, -0.00673655, -0.00148212, -0.000235261, -2.45344e-05, 2.19371e-05, 0.000190913, 0.00114186, 0.00513976, 0.0173812, 0.0440408, 0.0833556, 0.117439, 0.122689, 0.0946288, 0.0536248, 0.0222074, 0.00668079, 0.0014504, 0.000225577, 2.49309e-05, 1.94054e-06, 1.05174e-07, 3.66601e-09, -7.17691e-11, -4.66074e-11, -1.28459e-10, -1.86453e-10, -6.83175e-11, -6.32974e-11, -2.01319e-10
0.38, 4.33249e-39, 1.97736e-36, 1.9958e-33, 1.44484e-30, 7.53448e-28, 2.84155e-25, 7.77918e-23, 1.55124e-20, 2.26024e-18, 2.41329e-16, 1.8931e-14, 1.09359e-12, 4.66173e-11, 1.46903e-09, 3.42744e-08, 5.928e-07, 7.60815e-06, 7.25102e-05, 0.000513412, 0.00270123, 0.0105596, 0.0306594, 0.0660738, 0.105593, 0.124979, 0.109389, 0.0706684, 0.0336239, 0.0117527, 0.00300919, 0.000562537, 7.61993e-05, 3.39864e-06, -4.10988e-05, -0.000313385, -0.00176488, -0.0074271, -0.023329, -0.0546222, -0.0952635, -0.124148, -0.123514, -0.102964, -0.0921643, -0.105677, -0.125019, -0.121254, -0.0888594, -0.0481276, -0.0191119, -0.0055349, -0.00116292, -0.000176162, -1.75488e-05, 1.60659e-05, 0.00014458, 0.00090011, 0.00421921, 0.0148644, 0.0392548, 0.0774738, 0.113881, 0.124198, 0.100066, 0.059278, 0.0256819, 0.00808963, 0.00184062, 0.000300327, 3.48611e-05, 2.85319e-06, 1.62959e-07, 6.5527e-09, 3.57798e-10, 8.24836e-11, 1.0751e-10, 2.29193e-10, 1.58176e-10, 5.21305e-11, 1.36357e-10
0.386667, 1.21601e-38, 5.3186e-36, 5.13065e-33, 3.55134e-30, 1.77135e-27, 6.3919e-25, 1.67483e-22, 3.19741e-20, 4.4614e-18, 4.56272e-16, 3.42903e-14, 1.89808e-12, 7.75412e-11, 2.34204e-09, 5.23781e-08, 8.68428e-07, 1.06848e-05, 9.76223e-05, 0.000662627, 0.00334192, 0.0125221, 0.0348449, 0.0719592, 0.110178, 0.124915, 0.104702, 0.0647576, 0.0294889, 0.00986146, 0.00241474, 0.000431521, 5.58675e-05, 2.36654e-06, -3.01337e-05, -0.000239167, -0.00140378, -0.00615843, -0.0201714, -0.0492704, -0.0897163, -0.122295, -0.127749, -0.111996, -0.102645, -0.114081, -0.128261, -0.118554, -0.0830268, -0.0430029, -0.0163266, -0.00451806, -0.00090645, -0.000131024, -1.24647e-05, 1.16963e-05, 0.000108869, 0.000705478, 0.00344349, 0.0126376, 0.0347818, 0.0715755, 0.109759, 0.124951, 0.105154, 0.0651103, 0.0295077, 0.009731, 0.00232014, 0.000397103, 4.84053e-05, 4.16581e-06, 2.50938e-07, 1.05894e-08, 2.92915e-10, 4.86901e-11, 7.92851e-11, -5.50482e-11, -7.46936e-11, 6.99317e-11, 5.77522e-11
0.393333, 3.39205e-38, 1.42181e-35, 1.31092e-32, 8.67605e-30, 4.13924e-27, 1.42916e-24, 3.58416e-22, 6.551e-20, 8.75352e-18, 8.57504e-16, 6.17408e-14, 3.27475e-12, 1.2821e-10, 3.71161e-09, 7.95673e-08, 1.26462e-06, 1.49159e-05, 0.000130645, 0.00085008, 0.0041097, 0.0147597, 0.0393617, 0.0778918, 0.11426, 0.124082, 0.0995954, 0.0589716, 0.0257002, 0.00822224, 0.00192537, 0.000328891, 4.06938e-05, 1.63542e-06, -2.19635e-05, -0.000181457, -0.00111, -0.0050763, -0.0173381, -0.0441823, -0.0840125, -0.119838, -0.131505, -0.121185, -0.113616, -0.122558, -0.130963, -0.115281, -0.0771134, -0.0381841, -0.0138581, -0.00366403, -0.000701873, -9.67977e-05, -8.79185e-06, 8.46465e-06, 8.15142e-05, 0.000549772, 0.00279416, 0.0106817, 0.0306364, 0.0657306, 0.105145, 0.124935, 0.10981, 0.0710626, 0.0336847, 0.0116284, 0.00290497, 0.000521472, 6.67419e-05, 6.03803e-06, 3.8229e-07, 1.65592e-08, 3.92584e-10, -1.12331e-10, -2.3111e-10, -1.58238e-10, -5.46795e-11, -1.601e-10, -2.05616e-10
0.4, 9.40395e-38, 3.77765e-35, 3.32907e-32, 2.10673e-29, 9.61396e-27, 3.17617e-24, 7.62408e-22, 1.33415e-19, 1.70721e-17, 1.60194e-15, 1.10503e-13, 5.61624e-12, 2.10726e-10, 5.84703e-09, 1.2015e-07, 1.83058e-06, 2.06982e-05, 0.000173791, 0.00108402, 0.00502344, 0.017292, 0.0441944, 0.0838, 0.117767, 0.122497, 0.0941517, 0.0533679, 0.0222578, 0.00681213, 0.00152539, 0.000249057, 2.9448e-05, 1.12158e-06, -1.5914e-05, -0.000136868, -0.000872553, -0.00415969, -0.0148152, -0.0393906, -0.0782373, -0.116844, -0.134763, -0.130452, -0.12499, -0.131037, -0.13312, -0.11151, -0.0712011, -0.033695, -0.0116877, -0.0029521, -0.000539871, -7.10307e-05, -6.15734e-06, 6.09014e-06, 6.06875e-05, 0.000425987, 0.0022542, 0.0089759, 0.0268259, 0.0600025, 0.100116, 0.124153, 0.113958, 0.0770679, 0.0382052, 0.0138047, 0.00361291, 0.00068012, 9.1382e-05, 8.68882e-06, 5.79026e-07, 2.68149e-08, 8.70951e-10, 2.54264e-11, 1.56193e-10, 1.94646e-10, 6.44322e-11, 8.73112e-11, 1.71723e-10
0.406667, 2.59109e-37, 9.97548e-35, 8.40264e-32, 5.08453e-29, 2.21948e-26, 7.01621e-24, 1.61201e-21, 2.70079e-19, 3.30968e-17, 2.97478e-15, 1.96597e-13, 9.57451e-12, 3.44285e-10, 9.15613e-09, 1.80348e-07, 2.63401e-06, 2.85501e-05, 0.000229801, 0.00137403, 0.00610336, 0.0201363, 0.0493194, 0.0896069, 0.120639, 0.120186, 0.0884539, 0.0479954, 0.0191553, 0.00560811, 0.00120078, 0.000187387, 2.1171e-05, 7.63289e-07, -1.14629e-05, -0.000102633, -0.000681886, -0.00338864, -0.0125859, -0.0349199, -0.0724727, -0.113389, -0.137519, -0.139714, -0.13666, -0.139444, -0.13474, -0.107324, -0.0653674, -0.0295515, -0.00979453, -0.00236302, -0.000412509, -5.17713e-05, -4.28157e-06, 4.35579e-06, 4.49262e-05, 0.000328192, 0.00180812, 0.0074986, 0.0233511, 0.0544471, 0.0947509, 0.122619, 0.117527, 0.0830526, 0.0430539, 0.0162811, 0.00446341, 0.000880997, 0.00012425, 1.24157e-05, 8.71048e-07, 4.25545e-08, 1.52946e-09, 2.18819e-10, 8.79646e-11, -4.22718e-11, 4.83836e-11, 1.05162e-10, 4.80595e-13
0.413333, 7.09545e-37, 2.61806e-34, 2.10792e-31, 1.21969e-28, 5.09288e-26, 1.54055e-23, 3.38791e-21, 5.43455e-19, 6.3779e-17, 5.49112e-15, 3.47681e-13, 1.62252e-11, 5.59139e-10, 1.42525e-08, 2.69093e-07, 3.76741e-06, 3.91453e-05, 0.000302041, 0.00173116, 0.00737074, 0.0233068, 0.0547044, 0.0952317, 0.122823, 0.117193, 0.0825855, 0.0428943, 0.0163816, 0.00458764, 0.000939212, 0.000140077, 1.5121e-05, 5.15432e-07, -8.20824e-06, -7.6514e-05, -0.000529778, -0.00274449, -0.0106309, -0.0307871, -0.0667968, -0.109563, -0.139779, -0.14888, -0.148503, -0.147701, -0.135845, -0.102818, -0.0596839, -0.0257619, -0.00815623, -0.0018792, -0.000313105, -3.74796e-05, -2.95653e-06, 3.09627e-06, 3.30699e-05, 0.00025141, 0.00144198, 0.00622805, 0.020207, 0.0491121, 0.0891331, 0.120365, 0.120456, 0.088938, 0.048207, 0.0190764, 0.00547745, 0.00113346, 0.000167769, 1.76146e-05, 1.29978e-06, 6.668e-08, 2.30435e-09, -1.45764e-10, -2.37903e-10, -1.01574e-10, -1.19961e-10, -2.27109e-10, -1.34747e-10
0.42, 1.93108e-36, 6.82904e-34, 5.25578e-31, 2.90805e-28, 1.16156e-25, 3.36217e-23, 7.07743e-21, 1.08699e-18, 1.22169e-16, 1.00754e-14, 6.112e-13, 2.73315e-11, 9.02659e-10, 2.20532e-08, 3.99111e-07, 5.3563e-06, 5.33511e-05, 0.00039461, 0.00216801, 0.00884762, 0.0268131, 0.0603088, 0.100592, 0.124279, 0.113569, 0.0766278, 0.0380957, 0.0139213, 0.00372905, 0.00072992, 0.000104036, 1.07293e-05, 3.45337e-07, -5.84323e-06, -5.67113e-05, -0.000409222, -0.00221008, -0.0089298, -0.0270021, -0.0612822, -0.10546, -0.141564, -0.157858, -0.160383, -0.155732, -0.136472, -0.0980907, -0.0542157, -0.022328, -0.00674976, -0.0014848, -0.000236081, -2.69498e-05, -2.02703e-06, 2.18789e-06, 2.42055e-05, 0.000191497, 0.00114338, 0.00514279, 0.0173836, 0.0440369, 0.083344, 0.117431, 0.122694, 0.0946414, 0.0536317, 0.0222061, 0.00667729, 0.00144841, 0.000224963, 2.48134e-05, 1.92589e-06, 1.04036e-07, 3.72731e-09, 7.83416e-11, 1.42587e-10, 7.34592e-11, 2.43813e-11, 1.43807e-10, 1.09361e-10
0.426667, 5.22332e-36, 1.77041e-33, 1.30246e-30, 6.89145e-28, 2.63321e-25, 7.29354e-23, 1.4696e-20, 2.16108e-18, 2.32615e-16, 1.83764e-14, 1.06803e-12, 4.57655e-11, 1.44853e-09, 3.39197e-08, 5.88413e-07, 7.56978e-06, 7.22767e-05, 0.000512455, 0.00269876, 0.0105563, 0.0306601, 0.066083, 0.105604, 0.12498, 0.109377, 0.0706582, 0.0336223, 0.011756, 0.0030119, 0.000563634, 7.6769e-05, 7.56328e-06, 2.29543e-07, -4.13534e-06, -4.17924e-05, -0.000314298, -0.00176982, -0.00746112, -0.0235686, -0.0559952, -0.10118, -0.142905, -0.166555, -0.172151, -0.163459, -0.136669, -0.0932445, -0.0490206, -0.0192456, -0.00555206, -0.00116568, -0.000176832, -1.92472e-05, -1.37993e-06, 1.53678e-06, 1.76174e-05, 0.000145034, 0.000901424, 0.00422205, 0.0148671, 0.0392521, 0.077463, 0.113871, 0.124201, 0.100079, 0.0592862, 0.0256814, 0.0080861, 0.00183837, 0.000299578, 3.47086e-05, 2.83339e-06, 1.61414e-07, 6.55726e-09, 4.08355e-10, 7.51689e-11, 5.84049e-11, 1.55715e-10, 6.83466e-11, 1.61931e-11
0.433333, 1.40416e-35, 4.56164e-33, 3.20804e-30, 1.62321e-27, 5.93325e-25, 1.57264e-22, 3.03322e-20, 4.27075e-18, 4.40254e-16, 3.3316e-14, 1.85517e-12, 7.61749e-11, 2.31065e-09, 5.18599e-08, 8.62322e-07, 1.0634e-05, 9.73295e-05, 0.000661497, 0.00333921, 0.012519, 0.0348466, 0.0719694, 0.110189, 0.124913, 0.10469, 0.0647484, 0.0294884, 0.00986485, 0.0024172, 0.000432439, 5.62818e-05, 5.29659e-06, 1.51351e-07, -2.90965e-06, -3.06241e-05, -0.000240056, -0.00140974, -0.00620354, -0.0204851, -0.0509954, -0.0968274, -0.143844, -0.174877, -0.183649, -0.170807, -0.136493, -0.0883843, -0.044149, -0.0165059, -0.00454069, -0.00090947, -0.00013159, -1.36541e-05, -9.3342e-07, 1.07285e-06, 1.27507e-05, 0.000109223, 0.000706605, 0.00344613, 0.0126407, 0.0347802, 0.0715655, 0.109748, 0.124952, 0.105166, 0.0651197, 0.0295083, 0.00972752, 0.00231762, 0.000396198, 4.82086e-05, 4.13832e-06, 2.48293e-07, 1.02692e-08, 9.0346e-11, -1.38974e-10, -8.79047e-11, -2.0914e-10, -1.96813e-10, -7.672e-11
0.44, 3.75154e-35, 1.16816e-32, 7.8534e-30, 3.80009e-27, 1.32881e-24, 3.3705e-22, 6.22282e-20, 8.38925e-18, 8.28249e-16, 6.00399e-14, 3.20317e-12, 1.26033e-10, 3.66386e-09, 7.88153e-08, 1.25618e-06, 1.48492e-05, 0.00013028, 0.000848758, 0.00410678, 0.0147569, 0.0393646, 0.077903, 0.11427, 0.124079, 0.099583, 0.0589637, 0.0257008, 0.00822568, 0.00192758, 0.000329653, 4.09947e-05, 3.68492e-06, 9.89825e-08, -2.03552e-06, -2.23179e-05, -0.000182389, -0.00111747, -0.00513617, -0.0177459, -0.0463354, -0.0925057, -0.144433, -0.182732, -0.194712, -0.177701, -0.136013, -0.083614, -0.0396438, -0.0140967, -0.0036942, -0.000705389, -9.73021e-05, -9.62197e-06, -6.27136e-07, 7.45183e-07, 9.17741e-06, 8.179e-05, 0.00055073, 0.00279658, 0.0106849, 0.0306359, 0.0657217, 0.105133, 0.124934, 0.109821, 0.0710731, 0.0336863, 0.0116251, 0.0029022, 0.00052039, 6.64899e-05, 6.00049e-06, 3.78565e-07, 1.63076e-08, 4.57856e-10, 3.0248e-11, -5.33883e-11, 4.72956e-11, 1.2476e-10, -3.31633e-12
0.446667, 9.96156e-35, 2.97314e-32, 1.91082e-29, 8.84237e-27, 2.95801e-24, 7.1801e-22, 1.26897e-19, 1.63805e-17, 1.54885e-15, 1.07553e-13, 5.49761e-12, 2.07279e-10, 5.77486e-09, 1.19066e-07, 1.819e-06, 2.06111e-05, 0.000173341, 0.00108249, 0.00502034, 0.0172896, 0.0441986, 0.0838118, 0.117776, 0.122491, 0.0941392, 0.0533613, 0.0222591, 0.00681554, 0.00152734, 0.000249684, 2.96663e-05, 2.54683e-06, 6.41962e-08, -1.41612e-06, -1.61821e-05, -0.000137926, -0.000882222, -0.00423912, -0.0153421, -0.0420607, -0.088317, -0.144728, -0.190031, -0.205176, -0.184073, -0.135302, -0.0790345, -0.0355407, -0.012003, -0.0029926, -0.000544214, -7.15194e-05, -6.7367e-06, -4.18526e-07, 5.15066e-07, 6.56859e-06, 6.09013e-05, 0.000426794, 0.00225639, 0.00897915, 0.0268263, 0.0599948, 0.100103, 0.124149, 0.113968, 0.0770793, 0.0382081, 0.0138017, 0.00360989, 0.000678838, 9.1063e-05, 8.63856e-06, 5.74e-07, 2.66528e-08, 1.00867e-09, 1.12784e-10, 1.9264e-10, 1.73315e-10, 4.20329e-11, 1.17757e-10
0.453333, 2.62887e-34, 7.52079e-32, 4.62091e-29, 2.04502e-26, 6.54485e-24, 1.52033e-21, 2.57212e-19, 3.17918e-17, 2.87902e-15, 1.91512e-13, 9.37913e-12, 3.38863e-10, 9.04778e-09, 1.78797e-07, 2.61822e-06, 2.84375e-05, 0.000229251, 0.00137227, 0.00610012, 0.0201345, 0.0493248, 0.0896191, 0.120645, 0.120179, 0.0884416, 0.0479901, 0.0191573, 0.00561142, 0.0012025, 0.000187898, 2.1329e-05, 1.74869e-06, 4.12797e-08, -9.80233e-07, -1.16829e-05, -0.000103928, -0.000694672, -0.00349384, -0.0132624, -0.0382101, -0.0843595, -0.144791, -0.19669, -0.214874, -0.189859, -0.134437, -0.074742, -0.0318686, -0.0102084, -0.0024176, -0.000418136, -5.22975e-05, -4.68908e-06, -2.78064e-07, 3.54017e-07, 4.67476e-06, 4.50916e-05, 0.000328866, 0.00181007, 0.00750184, 0.0233523, 0.0544406, 0.0947386, 0.122614, 0.117536, 0.0830647, 0.0430581, 0.0162785, 0.00446018, 0.000879496, 0.000123849, 1.23485e-05, 8.63729e-07, 4.19332e-08, 1.32464e-09, 1.27797e-11, -1.24718e-10, -2.19705e-10, -1.04068e-10, -1.02483e-10
0.46, 6.89502e-34, 1.8908e-31, 1.11066e-28, 4.7009e-26, 1.43934e-23, 3.19976e-21, 5.18217e-19, 6.13322e-17, 5.31951e-15, 3.38971e-13, 1.59055e-11, 5.50667e-10, 1.40909e-08, 2.66888e-07, 3.74604e-06, 3.90006e-05, 0.000301374, 0.00172917, 0.00736742, 0.0233056, 0.0547112, 0.095244, 0.122828, 0.117184, 0.0825737, 0.0428903, 0.0163841, 0.00459079, 0.000940696, 0.000140491, 1.52351e-05, 1.19278e-06, 2.63044e-08, -6.75914e-07, -8.41204e-06, -7.81914e-05, -0.000546916, -0.00288347, -0.0114943, -0.0348158, -0.0807251, -0.144685, -0.202631, -0.22365, -0.194999, -0.133495, -0.0708258, -0.0286504, -0.00869598, -0.0019528, -0.000320643, -3.81082e-05, -3.24845e-06, -1.8374e-07, 2.42441e-07, 3.30833e-06, 3.31979e-05, 0.000251968, 0.00144371, 0.00623121, 0.0202088, 0.0491069, 0.089121, 0.120357, 0.120463, 0.0889505, 0.0482126, 0.0190743, 0.00547406, 0.00113172, 0.000167271, 1.75254e-05, 1.28924e-06, 6.57431e-08, 2.22694e-09, -9.58299e-11, -1.07406e-10, 5.37799e-11, 6.03661e-12, -6.19358e-11
0.466667, 1.79732e-33, 4.72454e-31, 2.65324e-28, 1.07403e-25, 3.14622e-23, 6.69373e-21, 1.03779e-18, 1.1761e-16, 9.7698e-15, 5.96378e-13, 2.68117e-11, 8.89506e-10, 2.18138e-08, 3.95996e-07, 5.3276e-06, 5.31667e-05, 0.000393807, 0.00216578, 0.00884429, 0.0268128, 0.0603168, 0.100604, 0.124282, 0.113559, 0.0766167, 0.038093, 0.0139243, 0.00373199, 0.000731193, 0.000104367, 1.08115e-05, 8.0824e-07, 1.65886e-08, -4.65633e-07, -6.06083e-06, -5.89671e-05, -0.000432352, -0.00239303, -0.0100251, -0.0319041, -0.0774974, -0.144472, -0.207784, -0.231355, -0.19944, -0.132551, -0.0673667, -0.025904, -0.00744914, -0.0015839, -0.000246388, -2.77661e-05, -2.24561e-06, -1.20895e-07, 1.65147e-07, 2.32764e-06, 2.43035e-05, 0.000191955, 0.0011449, 0.00514581, 0.0173859, 0.044033, 0.0833324, 0.117422, 0.122699, 0.0946541, 0.0536386, 0.0222048, 0.00667378, 0.00144641, 0.00022435, 2.46962e-05, 1.91152e-06, 1.03051e-07, 3.86877e-09, 2.5318e-10, 2.50977e-10, 1.22677e-10, 9.99672e-11, 2.08539e-10
0.473333, 4.6563e-33, 1.17329e-30, 6.29965e-28, 2.43899e-25, 6.83564e-23, 1.39184e-20, 2.06579e-18, 2.24174e-16, 1.78356e-14, 1.04297e-12, 4.49259e-11, 1.42825e-09, 3.35675e-08, 5.84047e-07, 7.53151e-06, 7.20436e-05, 0.000511498, 0.00269628, 0.0105531, 0.0306607, 0.0660922, 0.105616, 0.124981, 0.109366, 0.0706479, 0.0336208, 0.0117592, 0.00301461, 0.000564714, 7.70322e-05, 7.6224e-06, 5.44067e-07, 1.03108e-08, -3.2259e-07, -4.39912e-06, -4.48925e-05, -0.000345593, -0.00200966, -0.00884244, -0.029496, -0.0747505, -0.144209, -0.212088, -0.237856, -0.203138, -0.131672, -0.0644356, -0.0236424, -0.00645248, -0.00129869, -0.000191074, -2.03682e-05, -1.5591e-06, -8.01141e-08, 1.11415e-07, 1.62818e-06, 1.76925e-05, 0.000145408, 0.000902736, 0.0042249, 0.0148699, 0.0392494, 0.0774521, 0.113861, 0.124204, 0.100091, 0.0592944, 0.025681, 0.00808256, 0.00183611, 0.000298829, 3.45564e-05, 2.8136e-06, 1.59735e-07, 6.3719e-09, 2.25641e-10, -1.30575e-10, -1.13433e-10, -4.80609e-11, -1.66027e-10
0.48, 1.19889e-32, 2.89593e-30, 1.48662e-27, 5.50498e-25, 1.47615e-22, 2.87662e-20, 4.08732e-18, 4.24725e-16, 3.23651e-14, 1.81306e-12, 7.48275e-11, 2.27957e-09, 5.13452e-08, 8.56242e-07, 1.05833e-05, 9.70369e-05, 0.000660367, 0.00333651, 0.0125159, 0.0348483, 0.0719797, 0.1102, 0.124912, 0.104678, 0.0647393, 0.029488, 0.00986824, 0.00241966, 0.000433347, 5.64892e-05, 5.33894e-06, 3.63823e-07, 6.23054e-09, -2.27951e-07, -3.25902e-06, -3.49314e-05, -0.000282371, -0.00172267, -0.0079353, -0.0276075, -0.0725468, -0.143947, -0.215491, -0.243039, -0.206055, -0.130921, -0.062092, -0.0218751, -0.00569245, -0.00108722, -0.000151346, -1.52404e-05, -1.10136e-06, -5.37885e-08, 7.47658e-08, 1.13296e-06, 1.28082e-05, 0.000109525, 0.000707731, 0.00344877, 0.0126437, 0.0347786, 0.0715556, 0.109737, 0.124953, 0.105178, 0.0651292, 0.0295088, 0.00972404, 0.0023151, 0.000395294, 4.8012e-05, 4.11077e-06, 2.45589e-07, 9.96423e-09, 3.36131e-11, -9.29775e-11, -3.28794e-11, -1.22907e-10, -3.80149e-11
0.486667, 3.06791e-32, 7.10399e-30, 3.48682e-27, 1.23497e-24, 3.16845e-22, 5.90941e-20, 8.03838e-18, 7.99859e-16, 5.83786e-14, 3.13288e-12, 1.23885e-10, 3.61655e-09, 7.80681e-08, 1.24778e-06, 1.47826e-05, 0.000129916, 0.000847436, 0.00410386, 0.0147541, 0.0393675, 0.0779141, 0.114279, 0.124076, 0.0995707, 0.0589558, 0.0257013, 0.00822912, 0.00192979, 0.000330408, 4.11569e-05, 3.71515e-06, 2.41687e-07, 3.48674e-09, -1.68811e-07, -2.52214e-06, -2.83267e-05, -0.000239459, -0.00152371, -0.00729437, -0.0262506, -0.0709362, -0.143727, -0.217952, -0.24681, -0.208159, -0.130347, -0.0603835, -0.0206087, -0.00515791, -0.000941706, -0.000124694, -1.18978e-05, -8.12135e-07, -3.75631e-08, 4.95385e-08, 7.84049e-07, 9.22059e-06, 8.20322e-05, 0.000551687, 0.002799, 0.0106881, 0.0306353, 0.0657128, 0.105122, 0.124933, 0.109832, 0.0710836, 0.033688, 0.0116218, 0.00289942, 0.000519307, 6.62383e-05, 5.96316e-06, 3.75036e-07, 1.62656e-08, 6.58751e-10, 1.8295e-10, 9.39206e-11, 2.01793e-10, 1.95653e-10
0.493333, 7.80242e-32, 1.73201e-29, 8.12835e-27, 2.75365e-24, 6.75964e-22, 1.20664e-19, 1.57136e-17, 1.49727e-15, 1.04668e-13, 5.381e-12, 2.03876e-10, 5.70333e-09, 1.17988e-07, 1.80746e-06, 2.05243e-05, 0.000172892, 0.00108095, 0.00501724, 0.0172873, 0.0442027, 0.0838237, 0.117784, 0.122486, 0.0941267, 0.0533547, 0.0222604, 0.00681894, 0.0015293, 0.000250306, 2.9792e-05, 2.56832e-06, 1.5949e-07, 1.44845e-09, -1.3676e-07, -2.11018e-06, -2.45635e-05, -0.0002146, -0.00140674, -0.0069127, -0.0254333, -0.0699551, -0.143583, -0.21944, -0.249101, -0.209431, -0.129988, -0.0593444, -0.0198473, -0.00484059, -0.000856612, -0.000109382, -1.00166e-05, -6.53435e-07, -2.93209e-08, 3.2007e-08, 5.39945e-07, 6.60117e-06, 6.10945e-05, 0.0004276, 0.00225858, 0.00898239, 0.0268267, 0.059987, 0.100091, 0.124146, 0.113978, 0.0770907, 0.038211, 0.0137987, 0.00360687, 0.000677556, 9.07444e-05, 8.58855e-06, 5.69007e-07, 2.63407e-08, 8.99594e-10, -1.52034e-11, 3.13783e-11, -6.36797e-11, -1.50597e-10
0.5, 1.97215e-31, 4.19692e-29, 1.8833e-26, 6.10261e-24, 1.43338e-21, 2.44894e-19, 3.05321e-17, 2.78592e-15, 1.86536e-13, 9.18697e-12, 3.33507e-10, 8.94035e-09, 1.77254e-07, 2.60248e-06, 2.83251e-05, 0.000228701, 0.00137052, 0.00609688, 0.0201327, 0.0493302, 0.0896314, 0.120652, 0.120172, 0.0884293, 0.0479848, 0.0191593, 0.00561472, 0.00120421, 0.000188406, 2.14256e-05, 1.7639e-06, 1.04547e-07, -3.99142e-10, -1.26962e-07, -1.97835e-06, -2.33425e-05, -0.000206461, -0.00136815, -0.00678597, -0.0251604, -0.0696256, -0.143532, -0.219938, -0.249869, -0.209856, -0.129865, -0.0589958, -0.0195933, -0.00473539, -0.000828616, -0.00010439, -9.41003e-06, -6.02913e-07, -2.67755e-08, 2.04717e-08, 3.70452e-07, 4.69942e-06, 4.52442e-05, 0.000329539, 0.00181203, 0.00750507, 0.0233534, 0.0544342, 0.0947263, 0.122609, 0.117544, 0.0830768, 0.0430623, 0.0162759, 0.00445695, 0.000877995, 0.000123449, 1.22814e-05, 8.56239e-07, 4.11993e-08, 1.16814e-09, -6.93181e-11, -1.76449e-10, -1.60113e-10, -2.31365e-11
0.506667, 4.95423e-31, 1.01075e-28, 4.33689e-26, 1.34423e-23, 3.02109e-21, 4.94025e-19, 5.89677e-17, 5.15249e-15, 3.30443e-13, 1.55908e-11, 5.42292e-10, 1.39306e-08, 2.64693e-07, 3.72474e-06, 3.88561e-05, 0.000300706, 0.00172718, 0.0073641, 0.0233045, 0.0547179, 0.0952564, 0.122833, 0.117176, 0.0825618, 0.0428863, 0.0163867, 0.00459393, 0.000942181, 0.000140902, 1.53088e-05, 1.2035e-06, 6.80681e-08, -2.54476e-09, -1.37704e-07, -2.11168e-06, -2.45648e-05, -0.0002146, -0.00140674, -0.0069127, -0.0254333, -0.0699551, -0.143583, -0.21944, -0.249101, -0.209431, -0.129988, -0.0593444, -0.0198473, -0.00484059, -0.000856612, -0.000109382, -1.00166e-05, -6.5326e-07, -2.97245e-08, 1.24999e-08, 2.52704e-07, 3.32621e-06, 3.33173e-05, 0.000252526, 0.00144544, 0.00623436, 0.0202106, 0.0491018, 0.089109, 0.12035, 0.12047, 0.088963, 0.0482181, 0.0190723, 0.00547066, 0.00112998, 0.000166773, 1.74362e-05, 1.27886e-06, 6.50494e-08, 2.34007e-09, 8.10526e-11, 1.23768e-10, 2.24614e-10, 1.12548e-10
0.513333, 1.2369e-30, 2.4193e-28, 9.92617e-26, 2.94298e-23, 6.32886e-21, 9.90578e-19, 1.132e-16, 9.47211e-15, 5.81853e-13, 2.62998e-11, 8.76498e-10, 2.15763e-08, 3.92897e-07, 5.29898e-06, 5.29825e-05, 0.000393004, 0.00216354, 0.00884096, 0.0268125, 0.0603248, 0.100616, 0.124285, 0.113549, 0.0766055, 0.0380903, 0.0139272, 0.00373493, 0.000732465, 0.000104698, 1.08673e-05, 8.15757e-07, 4.40003e-08, -5.52447e-09, -1.70344e-07, -2.52408e-06, -2.8328e-05, -0.000239459, -0.00152371, -0.00729437, -0.0262506, -0.0709362, -0.143727, -0.217952, -0.24681, -0.208159, -0.130347, -0.0603835, -0.0206087, -0.00515791, -0.000941705, -0.000124694, -1.18979e-05, -8.12342e-07, -3.93566e-08, 6.77823e-09, 1.71504e-07, 2.34104e-06, 2.43969e-05, 0.000192413, 0.00114641, 0.00514883, 0.0173882, 0.044029, 0.0833208, 0.117413, 0.122704, 0.0946667, 0.0536455, 0.0222035, 0.00667028, 0.00144442, 0.000223736, 2.45795e-05, 1.89734e-06, 1.02028e-07, 3.85862e-09, 2.38179e-10, 1.07454e-10, -6.5566e-11, -2.44317e-11
0.52, 3.06916e-30, 5.75532e-28, 2.25802e-25, 6.40403e-23, 1.3178e-20, 1.97423e-18, 2.16e-16, 1.73084e-14, 1.01839e-12, 4.40985e-11, 1.40818e-09, 3.32178e-08, 5.797e-07, 7.49333e-06, 7.18106e-05, 0.000510541, 0.00269381, 0.0105498, 0.0306614, 0.0661013, 0.105628, 0.124982, 0.109355, 0.0706377, 0.0336193, 0.0117624, 0.00301731, 0.000565793, 7.72948e-05, 7.66428e-06, 5.4931e-07, 2.82018e-08, -9.98407e-09, -2.29619e-07, -3.26001e-06, -3.49313e-05, -0.000282371, -0.00172268, -0.0079353, -0.0276075, -0.0725468, -0.143947, -0.215491, -0.243039, -0.206055, -0.130921, -0.062092, -0.0218751, -0.00569245, -0.00108722, -0.000151346, -1.52404e-05, -1.10137e-06, -5.65637e-08, 3.02955e-09, 1.15852e-07, 1.63826e-06, 1.77646e-05, 0.000145781, 0.000904046, 0.00422774, 0.0148726, 0.0392466, 0.0774412, 0.113851, 0.124207, 0.100104, 0.0593026, 0.0256805, 0.00807902, 0.00183386, 0.00029808, 3.44044e-05, 2.79367e-06, 1.57884e-07, 6.09791e-09, 1.79463e-11, -2.43953e-10, -1.19374e-10, -1.01814e-10
0.526667, 7.5688e-30, 1.36076e-27, 5.10527e-25, 1.38507e-22, 2.7273e-20, 3.91087e-18, 4.09672e-16, 3.14372e-14, 1.77173e-12, 7.34988e-11, 2.2488e-09, 5.08339e-08, 8.50187e-07, 1.05328e-05, 9.67446e-05, 0.000659237, 0.0033338, 0.0125128, 0.03485, 0.0719899, 0.110211, 0.124911, 0.104666, 0.0647302, 0.0294875, 0.00987162, 0.00242212, 0.000434254, 5.66964e-05, 5.37014e-06, 3.67462e-07, 1.7845e-08, -1.67401e-08, -3.24212e-07, -4.39843e-06, -4.48912e-05, -0.000345593, -0.00200966, -0.00884244, -0.029496, -0.0747505, -0.144209, -0.212088, -0.237856, -0.203138, -0.131672, -0.0644356, -0.0236424, -0.00645248, -0.00129869, -0.000191074, -2.03682e-05, -1.55898e-06, -8.47632e-08, -2.82881e-10, 7.72578e-08, 1.13994e-06, 1.28635e-05, 0.000109828, 0.000708856, 0.00345141, 0.0126467, 0.034777, 0.0715456, 0.109726, 0.124953, 0.10519, 0.0651386, 0.0295094, 0.00972056, 0.00231258, 0.000394389, 4.78155e-05, 4.08331e-06, 2.43035e-07, 9.84364e-09, 2.02584e-10, 1.3336e-10, 1.16394e-10, 7.28954e-11
0.533333, 1.85507e-29, 3.19762e-27, 1.14723e-24, 2.97743e-22, 5.6102e-20, 7.70048e-18, 7.72311e-16, 5.6756e-14, 3.06384e-12, 1.21765e-10, 3.56969e-09, 7.73256e-08, 1.2394e-06, 1.47161e-05, 0.000129553, 0.000846114, 0.00410094, 0.0147513, 0.0393704, 0.0779252, 0.114289, 0.124072, 0.0995583, 0.0589479, 0.0257018, 0.00823256, 0.00193199, 0.000331163, 4.13189e-05, 3.7382e-06, 2.44197e-07, 1.09908e-08, -2.68592e-08, -4.6756e-07, -6.05888e-06, -5.89658e-05, -0.000432352, -0.00239303, -0.0100251, -0.0319041, -0.0774974, -0.144472, -0.207784, -0.231355, -0.19944, -0.132551, -0.0673667, -0.025904, -0.00744914, -0.00158389, -0.000246388, -2.77662e-05, -2.24596e-06, -1.29335e-07, -3.68629e-09, 5.104e-08, 7.89426e-07, 9.26312e-06, 8.2275e-05, 0.000552643, 0.00280141, 0.0106912, 0.0306347, 0.0657039, 0.10511, 0.124931, 0.109843, 0.0710941, 0.0336897, 0.0116185, 0.00289664, 0.000518224, 6.5987e-05, 5.92612e-06, 3.71627e-07, 1.6234e-08, 7.28104e-10, 1.12728e-10, 3.67232e-11, 1.03695e-10
0.54, 4.51872e-29, 7.468e-27, 2.56229e-24, 6.36158e-22, 1.14705e-19, 1.50706e-17, 1.44718e-15, 1.01849e-13, 5.26641e-12, 2.00516e-10, 5.63245e-09, 1.16917e-07, 1.79595e-06, 2.04375e-05, 0.000172443, 0.00107942, 0.00501413, 0.0172849, 0.0442068, 0.0838355, 0.117793, 0.122481, 0.0941142, 0.053348, 0.0222618, 0.00682235, 0.00153125, 0.000250928, 2.99177e-05, 2.58523e-06, 1.61211e-07, 6.28008e-09, -4.17929e-08, -6.7901e-07, -8.41008e-06, -7.81914e-05, -0.000546915, -0.00288347, -0.0114943, -0.0348158, -0.0807251, -0.144685, -0.202631, -0.22365, -0.194999, -0.133495, -0.0708258, -0.0286504, -0.00869598, -0.0019528, -0.000320643, -3.81082e-05, -3.24866e-06, -1.96893e-07, -7.34932e-09, 3.33219e-08, 5.43916e-07, 6.63308e-06, 6.12875e-05, 0.000428406, 0.00226076, 0.00898563, 0.026827, 0.0599793, 0.100079, 0.124142, 0.113988, 0.0771021, 0.0382139, 0.0137956, 0.00360385, 0.000676274, 9.04262e-05, 8.53861e-06, 5.63882e-07, 2.58247e-08, 6.50957e-10, -1.49734e-10, -1.04063e-10, -2.13091e-10
0.546667, 1.09395e-28, 1.73346e-26, 5.68783e-24, 1.35095e-21, 2.33104e-19, 2.93162e-17, 2.6954e-15, 1.81669e-13, 8.99797e-12, 3.28216e-10, 8.83383e-09, 1.7572e-07, 2.5868e-06, 2.82128e-05, 0.000228151, 0.00136876, 0.00609363, 0.0201309, 0.0493357, 0.0896436, 0.120659, 0.120165, 0.0884169, 0.0479795, 0.0191613, 0.00561802, 0.00120592, 0.000188914, 2.15224e-05, 1.7762e-06, 1.05722e-07, 2.70969e-09, -6.36167e-08, -9.85577e-07, -1.1682e-05, -0.000103929, -0.000694672, -0.00349384, -0.0132624, -0.0382101, -0.0843595, -0.144791, -0.19669, -0.214874, -0.189859, -0.134437, -0.074742, -0.0318686, -0.0102084, -0.0024176, -0.000418136, -5.22974e-05, -4.68938e-06, -2.98905e-07, -1.29331e-08, 2.09499e-08, 3.72947e-07, 4.72334e-06, 4.5397e-05, 0.000330213, 0.00181398, 0.0075083, 0.0233546, 0.0544277, 0.0947141, 0.122603, 0.117553, 0.0830889, 0.0430665, 0.0162733, 0.00445372, 0.000876493, 0.00012305, 1.22143e-05, 8.4874e-07, 4.05892e-08, 1.24102e-09, 4.41164e-11, -2.75218e-11, 9.8359e-11
0.553333, 2.63209e-28, 3.99906e-26, 1.2549e-23, 2.85146e-21, 4.70842e-19, 5.66831e-17, 4.98997e-15, 3.22093e-13, 1.52811e-11, 5.34014e-10, 1.37716e-08, 2.6251e-07, 3.70351e-06, 3.87118e-05, 0.000300039, 0.00172519, 0.00736077, 0.0233034, 0.0547246, 0.0952688, 0.122838, 0.117167, 0.0825499, 0.0428823, 0.0163892, 0.00459706, 0.000943664, 0.000141314, 1.53827e-05, 1.21238e-06, 6.8865e-08, -5.34901e-10, -9.54249e-08, -1.4247e-06, -1.61824e-05, -0.000137927, -0.000882223, -0.00423912, -0.0153421, -0.0420607, -0.088317, -0.144728, -0.190031, -0.205176, -0.184073, -0.135302, -0.0790345, -0.0355407, -0.012003, -0.0029926, -0.000544214, -7.15196e-05, -6.73785e-06, -4.51655e-07, -2.11866e-08, 1.28599e-08, 2.54813e-07, 3.34435e-06, 3.34371e-05, 0.000253084, 0.00144716, 0.00623751, 0.0202124, 0.0490966, 0.0890969, 0.120343, 0.120476, 0.0889755, 0.0482237, 0.0190703, 0.00546725, 0.00112824, 0.000166275, 1.73474e-05, 1.26873e-06, 6.45033e-08, 2.4282e-09, 1.62844e-10, 1.90289e-10, 1.29892e-10
0.56, 6.29404e-28, 9.16923e-26, 2.75177e-23, 5.98198e-21, 9.45279e-19, 1.08935e-16, 9.18216e-15, 5.67622e-13, 2.57957e-11, 8.63633e-10, 2.13405e-08, 3.89813e-07, 5.27044e-06, 5.27985e-05, 0.000392201, 0.00216131, 0.00883762, 0.0268122, 0.0603328, 0.100628, 0.124288, 0.113539, 0.0765944, 0.0380876, 0.0139302, 0.00373786, 0.000733737, 0.000105028, 1.09232e-05, 8.22123e-07, 4.45391e-08, -4.20544e-09, -1.41906e-07, -2.04831e-06, -2.23188e-05, -0.000182389, -0.00111748, -0.00513617, -0.0177459, -0.0463354, -0.0925057, -0.144433, -0.182732, -0.194712, -0.177701, -0.136013, -0.083614, -0.0396438, -0.0140967, -0.0036942, -0.000705389, -9.73021e-05, -9.62352e-06, -6.77345e-07, -3.33973e-08, 7.30322e-09, 1.72917e-07, 2.35417e-06, 2.449e-05, 0.000192872, 0.00114792, 0.00515185, 0.0173906, 0.0440251, 0.0833092, 0.117404, 0.122709, 0.0946793, 0.0536525, 0.0222021, 0.00666676, 0.00144243, 0.000223123, 2.44631e-05, 1.88317e-06, 1.00801e-07, 3.66797e-09, 7.86136e-11, -1.40986e-10, -2.15879e-10
0.566667, 1.49583e-27, 2.08949e-25, 5.99735e-23, 1.24731e-20, 1.88627e-18, 2.08086e-16, 1.67944e-14, 9.94289e-13, 4.32831e-11, 1.38831e-09, 3.28706e-08, 5.75372e-07, 7.45524e-06, 7.15779e-05, 0.000509584, 0.00269133, 0.0105466, 0.030662, 0.0661105, 0.10564, 0.124983, 0.109344, 0.0706275, 0.0336177, 0.0117657, 0.00302002, 0.000566873, 7.75578e-05, 7.70626e-06, 5.53837e-07, 2.85662e-08, -9.08829e-09, -2.10086e-07, -2.92824e-06, -3.06251e-05, -0.000240056, -0.00140974, -0.00620354, -0.0204851, -0.0509954, -0.0968274, -0.143844, -0.174877, -0.183649, -0.170807, -0.136493, -0.0883843, -0.044149, -0.0165059, -0.00454069, -0.00090947, -0.00013159, -1.36567e-05, -1.00938e-06, -5.27219e-08, 3.00154e-09, 1.16585e-07, 1.64806e-06, 1.78371e-05, 0.000146155, 0.000905357, 0.00423058, 0.0148753, 0.0392439, 0.0774304, 0.113841, 0.12421, 0.100116, 0.0593109, 0.0256801, 0.00807547, 0.0018316, 0.000297332, 3.42524e-05, 2.77364e-06, 1.56047e-07, 5.93236e-09, -1.06658e-11, -8.85496e-11, 7.42813e-11
0.573333, 3.53313e-27, 4.7324e-25, 1.29912e-22, 2.58497e-20, 3.74117e-18, 3.95082e-16, 3.05319e-14, 1.73118e-12, 7.21886e-11, 2.21833e-09, 5.03261e-08, 8.44157e-07, 1.04823e-05, 9.64526e-05, 0.000658106, 0.00333109, 0.0125098, 0.0348518, 0.0720001, 0.110222, 0.12491, 0.104654, 0.064721, 0.0294871, 0.00987501, 0.00242458, 0.000435161, 5.69038e-05, 5.40142e-06, 3.70657e-07, 1.80945e-08, -1.60875e-08, -3.10202e-07, -4.16298e-06, -4.17938e-05, -0.000314298, -0.00176982, -0.00746112, -0.0235686, -0.0559952, -0.10118, -0.142905, -0.166555, -0.172151, -0.163459, -0.136669, -0.0932445, -0.0490206, -0.0192456, -0.00555206, -0.00116568, -0.000176832, -1.92523e-05, -1.49413e-06, -8.20591e-08, -1.02828e-10, 7.81224e-08, 1.14733e-06, 1.2919e-05, 0.00011013, 0.000709981, 0.00345405, 0.0126497, 0.0347755, 0.0715357, 0.109715, 0.124954, 0.105202, 0.0651481, 0.0295099, 0.00971708, 0.00231006, 0.000393484, 4.76191e-05, 4.0561e-06, 2.40675e-07, 9.84944e-09, 4.27774e-10, 2.43213e-10, 1.0215e-10
0.58, 8.29395e-27, 1.06526e-24, 2.79692e-22, 5.32461e-20, 7.37514e-18, 7.45584e-16, 5.51715e-14, 2.99604e-12, 1.19673e-10, 3.52328e-09, 7.65878e-08, 1.23106e-06, 1.46498e-05, 0.000129189, 0.000844791, 0.00409802, 0.0147485, 0.0393733, 0.0779363, 0.114299, 0.124069, 0.0995459, 0.05894, 0.0257023, 0.00823599, 0.0019342, 0.000331918, 4.14812e-05, 3.76133e-06, 2.46435e-07, 1.11674e-08, -2.63183e-08, -4.56708e-07, -5.88577e-06, -5.67141e-05, -0.000409221, -0.00221008, -0.0089298, -0.0270021, -0.0612822, -0.10546, -0.141564, -0.157858, -0.160383, -0.155732, -0.136472, -0.0980907, -0.0542157, -0.022328, -0.00674976, -0.0014848, -0.000236081, -2.69578e-05, -2.19579e-06, -1.26519e-07, -3.36206e-09, 5.14471e-08, 7.94507e-07, 9.30541e-06, 8.2518e-05, 0.0005536, 0.00280383, 0.0106944, 0.0306342, 0.065695, 0.105098, 0.12493, 0.109854, 0.0711046, 0.0336914, 0.0116152, 0.00289386, 0.000517142, 6.57362e-05, 5.88926e-06, 3.68165e-07, 1.60404e-08, 5.49187e-10, -1.14151e-10, -9.06213e-11
0.586667, 1.93503e-26, 2.3832e-24, 5.98485e-22, 1.09011e-19, 1.44508e-17, 1.39853e-15, 9.90936e-14, 5.15379e-12, 1.97198e-10, 5.5622e-09, 1.15853e-07, 1.78449e-06, 2.0351e-05, 0.000171994, 0.00107789, 0.00501103, 0.0172825, 0.044211, 0.0838473, 0.117801, 0.122476, 0.0941017, 0.0533414, 0.0222631, 0.00682575, 0.00153321, 0.000251551, 3.00436e-05, 2.60219e-06, 1.62768e-07, 6.41459e-09, -4.12507e-08, -6.69559e-07, -8.27468e-06, -7.65185e-05, -0.000529776, -0.00274449, -0.0106309, -0.0307871, -0.0667968, -0.109563, -0.139779, -0.14888, -0.148503, -0.147701, -0.135845, -0.102818, -0.0596839, -0.0257619, -0.00815623, -0.0018792, -0.000313105, -3.74925e-05, -3.2053e-06, -1.94334e-07, -7.43266e-09, 3.35034e-08, 5.47831e-07, 6.66534e-06, 6.14809e-05, 0.000429213, 0.00226295, 0.00898887, 0.0268274, 0.0599716, 0.100067, 0.124139, 0.113998, 0.0771135, 0.0382168, 0.0137926, 0.00360083, 0.000674993, 9.01082e-05, 8.48863e-06, 5.58643e-07, 2.52501e-08, 5.3608e-10, -7.73761e-11, -6.86212e-11
0.593333, 4.4868e-26, 5.29904e-24, 1.27283e-21, 2.21822e-19, 2.81429e-17, 2.60741e-15, 1.76908e-13, 8.81212e-12, 3.22989e-10, 8.72822e-09, 1.74194e-07, 2.57117e-06, 2.81007e-05, 0.000227602, 0.001367, 0.00609039, 0.0201291, 0.0493411, 0.0896558, 0.120666, 0.120158, 0.0884046, 0.0479742, 0.0191633, 0.00562132, 0.00120763, 0.000189423, 2.16193e-05, 1.78855e-06, 1.06796e-07, 2.82478e-09, -6.2958e-08, -9.7608e-07, -1.15659e-05, -0.000102639, -0.000681884, -0.00338864, -0.0125859, -0.0349199, -0.0724727, -0.113389, -0.137519, -0.139714, -0.13666, -0.139444, -0.13474, -0.107324, -0.0653674, -0.0295515, -0.00979453, -0.00236302, -0.00041251, -5.17924e-05, -4.64676e-06, -2.95794e-07, -1.26146e-08, 2.13938e-08, 3.75773e-07, 4.74731e-06, 4.55497e-05, 0.000330887, 0.00181594, 0.00751153, 0.0233557, 0.0544212, 0.0947018, 0.122598, 0.117561, 0.083101, 0.0430708, 0.0162707, 0.00445048, 0.000874991, 0.00012265, 1.21473e-05, 8.41398e-07, 4.02176e-08, 1.45268e-09, 1.60265e-10, 1.29142e-10
0.6, 1.03398e-25, 1.17103e-23, 2.69046e-21, 4.4863e-19, 5.44761e-17, 4.83184e-15, 3.13919e-13, 1.49764e-11, 5.25833e-10, 1.36139e-08, 2.60339e-07, 3.68234e-06, 3.85678e-05, 0.000299372, 0.0017232, 0.00735744, 0.0233022, 0.0547314, 0.0952812, 0.122843, 0.117158, 0.0825381, 0.0428783, 0.0163918, 0.0046002, 0.000945148, 0.000141726, 1.54566e-05, 1.2213e-06, 6.96018e-08, -4.22281e-10, -9.45228e-08, -1.41383e-06, -1.60714e-05, -0.000136876, -0.000872553, -0.00415969, -0.0148152, -0.0393906, -0.0782373, -0.116844, -0.134763, -0.130452, -0.12499, -0.131037, -0.13312, -0.11151, -0.0712011, -0.033695, -0.0116877, -0.0029521, -0.000539872, -7.10631e-05, -6.68967e-06, -4.47135e-07, -2.08051e-08, 1.28959e-08, 2.56586e-07, 3.36231e-06, 3.35572e-05, 0.000253642, 0.00144889, 0.00624066, 0.0202142, 0.0490914, 0.0890849, 0.120336, 0.120483, 0.088988, 0.0482293, 0.0190683, 0.00546385, 0.0011265, 0.000165778, 1.72589e-05, 1.25876e-06, 6.38624e-08, 2.30744e-09, 8.43716e-11, 2.89613e-11
0.606667, 2.36815e-25, 2.57199e-23, 5.6523e-21, 9.01826e-19, 1.04809e-16, 8.89979e-15, 5.53678e-13, 2.52993e-11, 8.50911e-10, 2.11066e-08, 3.86744e-07, 5.24197e-06, 5.26148e-05, 0.000391399, 0.00215908, 0.00883428, 0.0268119, 0.0603408, 0.100641, 0.124291, 0.113529, 0.0765832, 0.0380848, 0.0139331, 0.0037408, 0.000735009, 0.000105359, 1.09792e-05, 8.28517e-07, 4.5042e-08, -4.08222e-09, -1.40623e-07, -2.03474e-06, -2.22014e-05, -0.000181469, -0.00111, -0.0050763, -0.0173381, -0.0441823, -0.0840125, -0.119838, -0.131505, -0.121185, -0.113616, -0.122558, -0.130963, -0.115281, -0.0771134, -0.0381841, -0.0138581, -0.00366403, -0.000701874, -9.68473e-05, -9.56538e-06, -6.71687e-07, -3.31986e-08, 7.39293e-09, 1.74435e-07, 2.36762e-06, 2.45835e-05, 0.000193331, 0.00114943, 0.00515486, 0.0173929, 0.0440212, 0.0832977, 0.117396, 0.122713, 0.0946919, 0.0536594, 0.0222008, 0.00666325, 0.00144043, 0.00022251, 2.43468e-05, 1.86883e-06, 9.94267e-08, 3.48829e-09, -4.19587e-11, -2.1192e-10
0.613333, 5.39052e-25, 5.61439e-23, 1.18023e-20, 1.8018e-18, 2.00425e-16, 1.62934e-14, 9.70658e-13, 4.24797e-11, 1.36866e-09, 3.2526e-08, 5.71065e-07, 7.41725e-06, 7.13454e-05, 0.000508627, 0.00268886, 0.0105433, 0.0306627, 0.0661197, 0.105651, 0.124984, 0.109333, 0.0706173, 0.0336162, 0.0117689, 0.00302272, 0.000567952, 7.78209e-05, 7.74834e-06, 5.58386e-07, 2.89095e-08, -8.94263e-09, -2.08275e-07, -2.91064e-06, -3.04912e-05, -0.000239185, -0.00140378, -0.00615843, -0.0201714, -0.0492704, -0.0897163, -0.122295, -0.127749, -0.111996, -0.102645, -0.114081, -0.128261, -0.118554, -0.0830268, -0.0430029, -0.0163266, -0.00451806, -0.000906453, -0.0001311, -1.35835e-05, -1.00132e-06, -5.19269e-08, 3.28254e-09, 1.17513e-07, 1.65776e-06, 1.79094e-05, 0.00014653, 0.000906668, 0.00423342, 0.014878, 0.0392412, 0.0774195, 0.113831, 0.124213, 0.100128, 0.0593191, 0.0256796, 0.00807192, 0.00182935, 0.000296584, 3.41006e-05, 2.75369e-06, 1.54404e-07, 5.91753e-09, 1.45906e-10, 1.76606e-10
0.62, 1.21949e-24, 1.21806e-22, 2.44933e-20, 3.578e-18, 3.80944e-16, 2.96486e-14, 1.69139e-12, 7.08967e-11, 2.18818e-09, 4.98217e-08, 8.38153e-07, 1.0432e-05, 9.61608e-05, 0.000656976, 0.00332838, 0.0125067, 0.0348535, 0.0720104, 0.110233, 0.124909, 0.104642, 0.0647119, 0.0294867, 0.00987839, 0.00242703, 0.000436068, 5.71115e-05, 5.43279e-06, 3.73868e-07, 1.83314e-08, -1.5904e-08, -3.07699e-07, -4.13988e-06, -4.1634e-05, -0.000313413, -0.00176488, -0.0074271, -0.023329, -0.0546222, -0.0952635, -0.124148, -0.123514, -0.102964, -0.0921643, -0.105677, -0.125019, -0.121254, -0.0888594, -0.0481276, -0.0191119, -0.0055349, -0.00116293, -0.000176275, -1.91576e-05, -1.48269e-06, -8.11612e-08, -1.79487e-10, 7.86727e-08, 1.15465e-06, 1.29748e-05, 0.000110433, 0.000711106, 0.00345669, 0.0126527, 0.0347739, 0.0715257, 0.109704, 0.124955, 0.105213, 0.0651575, 0.0295105, 0.00971359, 0.00230754, 0.000392579, 4.74232e-05, 4.02917e-06, 2.38358e-07, 9.82275e-09, 4.78061e-10, 6.648e-11
0.626667, 2.74188e-24, 2.62643e-22, 5.05209e-20, 7.06195e-18, 7.19659e-16, 5.36242e-14, 2.92946e-12, 1.1761e-10, 3.47731e-09, 7.58547e-08, 1.22275e-06, 1.45836e-05, 0.000128826, 0.000843469, 0.00409509, 0.0147457, 0.0393762, 0.0779475, 0.114309, 0.124066, 0.0995335, 0.0589321, 0.0257028, 0.00823943, 0.0019364, 0.000332673, 4.16437e-05, 3.78452e-06, 2.48686e-07, 1.13368e-08, -2.60702e-08, -4.53293e-07, -5.85537e-06, -5.65185e-05, -0.000408272, -0.00220579, -0.00890409, -0.0268205, -0.0601967, -0.100568, -0.125343, -0.118831, -0.0941623, -0.0822472, -0.0974126, -0.121257, -0.123318, -0.0945259, -0.0535253, -0.0222292, -0.00673655, -0.00148213, -0.000235429, -2.68357e-05, -2.18049e-06, -1.25349e-07, -3.19027e-09, 5.20669e-08, 7.99839e-07, 9.34778e-06, 8.2761e-05, 0.000554557, 0.00280624, 0.0106976, 0.0306336, 0.0656861, 0.105086, 0.124928, 0.109865, 0.0711152, 0.033693, 0.0116119, 0.00289108, 0.000516059, 6.54858e-05, 5.8524e-06, 3.64586e-07, 1.56737e-08, 2.79245e-10, -1.96478e-10
0.633333, 6.12692e-24, 5.62855e-22, 1.0357e-19, 1.38534e-17, 1.35129e-15, 9.64007e-14, 5.04312e-12, 1.93924e-10, 5.49259e-09, 1.14795e-07, 1.77307e-06, 2.02646e-05, 0.000171545, 0.00107636, 0.00500792, 0.0172801, 0.0442152, 0.0838591, 0.11781, 0.12247, 0.0940892, 0.0533348, 0.0222644, 0.00682915, 0.00153516, 0.000252174, 3.01697e-05, 2.61922e-06, 1.64333e-07, 6.54499e-09, -4.08909e-08, -6.64895e-07, -8.23466e-06, -7.62765e-05, -0.000528723, -0.00274059, -0.0106115, -0.0306508, -0.0659445, -0.105543, -0.125842, -0.11374, -0.0856537, -0.072948, -0.0893495, -0.117007, -0.124696, -0.0999402, -0.0591547, -0.0256898, -0.00814591, -0.00187651, -0.000312332, -3.73353e-05, -3.18393e-06, -1.92203e-07, -7.20206e-09, 3.37213e-08, 5.51559e-07, 6.69752e-06, 6.16746e-05, 0.000430019, 0.00226513, 0.00899211, 0.0268277, 0.0599639, 0.100055, 0.124136, 0.114007, 0.077125, 0.0382197, 0.0137896, 0.0035978, 0.00067371, 8.97904e-05, 8.4387e-06, 5.53412e-07, 2.48215e-08, 6.97192e-10, 1.08648e-10
0.64, 1.3607e-23, 1.19883e-21, 2.11029e-19, 2.70109e-17, 2.52189e-15, 1.72251e-13, 8.62935e-12, 3.17826e-10, 8.62351e-09, 1.72677e-07, 2.55558e-06, 2.79887e-05, 0.000227052, 0.00136525, 0.00608714, 0.0201273, 0.0493466, 0.0896681, 0.120673, 0.120151, 0.0883923, 0.047969, 0.0191653, 0.00562461, 0.00120934, 0.000189932, 2.17163e-05, 1.80095e-06, 1.07877e-07, 2.9376e-09, -6.24122e-08, -9.69647e-07, -1.15132e-05, -0.000102339, -0.000680692, -0.00338496, -0.0125711, -0.0348188, -0.0718083, -0.110106, -0.125619, -0.108293, -0.0774942, -0.0643042, -0.0815428, -0.112311, -0.125354, -0.105016, -0.0649653, -0.0294997, -0.00978634, -0.00236022, -0.00041159, -5.15905e-05, -4.61761e-06, -2.93114e-07, -1.25909e-08, 2.16096e-08, 3.78652e-07, 4.77151e-06, 4.57027e-05, 0.000331561, 0.00181789, 0.00751475, 0.0233568, 0.0544148, 0.0946896, 0.122592, 0.117569, 0.0831131, 0.043075, 0.0162681, 0.00444724, 0.000873488, 0.000122251, 1.20806e-05, 8.34278e-07, 3.99715e-08, 1.52101e-09, 1.23188e-10
0.646667, 3.00334e-23, 2.53777e-21, 4.27354e-19, 5.23445e-17, 4.67801e-15, 3.05918e-13, 1.46765e-11, 5.17746e-10, 1.34575e-08, 2.58179e-07, 3.66123e-06, 3.84239e-05, 0.000298705, 0.0017212, 0.00735411, 0.0233011, 0.0547381, 0.0952936, 0.122848, 0.117149, 0.0825262, 0.0428744, 0.0163943, 0.00460333, 0.000946631, 0.000142138, 1.55308e-05, 1.23026e-06, 7.03436e-08, -3.10952e-10, -9.36894e-08, -1.4049e-06, -1.60023e-05, -0.000136505, -0.000871194, -0.00415612, -0.0148041, -0.0393167, -0.0777232, -0.114179, -0.124667, -0.102549, -0.0697301, -0.056338, -0.0740407, -0.107224, -0.125272, -0.109671, -0.0708987, -0.0336587, -0.0116811, -0.00294915, -0.000538782, -7.08066e-05, -6.65065e-06, -4.43214e-07, -2.03935e-08, 1.31798e-08, 2.58493e-07, 3.38024e-06, 3.36774e-05, 0.0002542, 0.00145062, 0.00624381, 0.020216, 0.0490862, 0.0890728, 0.120329, 0.12049, 0.0890005, 0.0482348, 0.0190662, 0.00546044, 0.00112476, 0.000165281, 1.71707e-05, 1.24876e-06, 6.29654e-08, 2.07372e-09, -3.15729e-11
0.653333, 6.58828e-23, 5.33921e-21, 8.60152e-19, 1.00821e-16, 8.62484e-15, 5.40019e-13, 2.48104e-11, 8.38329e-10, 2.08744e-08, 3.8369e-07, 5.21359e-06, 5.24313e-05, 0.000390596, 0.00215684, 0.00883094, 0.0268116, 0.0603488, 0.100653, 0.124294, 0.113519, 0.0765721, 0.0380821, 0.0139361, 0.00374373, 0.000736281, 0.00010569, 1.10354e-05, 8.3494e-07, 4.55485e-08, -3.96007e-09, -1.39381e-07, -2.02241e-06, -2.21115e-05, -0.000181014, -0.00110845, -0.00507277, -0.0173298, -0.0441294, -0.083618, -0.117688, -0.122992, -0.0965712, -0.0623986, -0.0490569, -0.0668842, -0.101805, -0.124445, -0.113827, -0.0768885, -0.0381596, -0.0138528, -0.00366092, -0.000700592, -9.65235e-05, -9.51263e-06, -6.6586e-07, -3.27956e-08, 7.38807e-09, 1.75767e-07, 2.38108e-06, 2.46772e-05, 0.00019379, 0.00115094, 0.00515787, 0.0173952, 0.0440172, 0.0832861, 0.117387, 0.122718, 0.0947045, 0.0536663, 0.0221995, 0.00665973, 0.00143844, 0.000221897, 2.42306e-05, 1.85437e-06, 9.81527e-08, 3.46156e-09, -2.0737e-11
0.66, 1.43636e-22, 1.11644e-20, 1.72069e-18, 1.9301e-16, 1.58051e-14, 9.47489e-13, 4.1688e-11, 1.34921e-09, 3.21838e-08, 5.66776e-07, 7.37935e-06, 7.11132e-05, 0.00050767, 0.00268638, 0.01054, 0.0306634, 0.0661289, 0.105663, 0.124985, 0.109322, 0.0706071, 0.0336147, 0.0117721, 0.00302542, 0.000569032, 7.80844e-05, 7.79053e-06, 5.62957e-07, 2.92554e-08, -8.79856e-09, -2.06492e-07, -2.89384e-06, -3.03755e-05, -0.000238631, -0.00140202, -0.00615491, -0.0201654, -0.0492336, -0.089416, -0.12057, -0.120616, -0.0904285, -0.0555277, -0.0424558, -0.0601065, -0.0961209, -0.122884, -0.117411, -0.0828616, -0.0429875, -0.0163225, -0.00451478, -0.000904955, -0.000130694, -1.35136e-05, -9.93509e-07, -5.14255e-08, 3.45986e-09, 1.1857e-07, 1.66763e-06, 1.79819e-05, 0.000146904, 0.000907978, 0.00423626, 0.0148808, 0.0392385, 0.0774087, 0.113821, 0.124215, 0.100141, 0.0593273, 0.0256792, 0.00806838, 0.00182709, 0.000295835, 3.39489e-05, 2.73405e-06, 1.52911e-07, 5.93824e-09, 3.3203e-10
0.666667, 3.11228e-22, 2.32018e-20, 3.42114e-18, 3.67245e-16, 2.8787e-14, 1.65234e-12, 6.9623e-11, 2.15832e-09, 4.93207e-08, 8.32175e-07, 1.03818e-05, 9.58692e-05, 0.000655845, 0.00332567, 0.0125036, 0.0348552, 0.0720207, 0.110244, 0.124908, 0.10463, 0.0647028, 0.0294862, 0.00988176, 0.00242949, 0.000436975, 5.73194e-05, 5.46424e-06, 3.77097e-07, 1.85702e-08, -1.57232e-08, -3.05222e-07, -4.11732e-06, -4.14861e-05, -0.000312743, -0.00176289, -0.0074236, -0.0233249, -0.0545979, -0.0950369, -0.122772, -0.117574, -0.0841904, -0.0491361, -0.0365186, -0.0537332, -0.0902421, -0.120612, -0.120361, -0.0887397, -0.0481191, -0.0191088, -0.00553149, -0.0011612, -0.000175772, -1.90656e-05, -1.47152e-06, -8.01134e-08, -4.61325e-11, 7.92419e-08, 1.16188e-06, 1.30306e-05, 0.000110736, 0.00071223, 0.00345932, 0.0126557, 0.0347723, 0.0715158, 0.109693, 0.124956, 0.105225, 0.065167, 0.0295111, 0.0097101, 0.00230501, 0.000391674, 4.72278e-05, 4.00233e-06, 2.35941e-07, 9.67657e-09, 2.71764e-10
0.673333, 6.70223e-22, 4.79228e-20, 6.76052e-18, 6.94514e-16, 5.21136e-14, 2.86409e-12, 1.15574e-10, 3.43177e-09, 7.51263e-08, 1.21447e-06, 1.45175e-05, 0.000128463, 0.000842145, 0.00409217, 0.0147429, 0.0393791, 0.0779586, 0.114319, 0.124063, 0.0995212, 0.0589242, 0.0257033, 0.00824286, 0.0019386, 0.000333428, 4.18064e-05, 3.80779e-06, 2.50949e-07, 1.15074e-08, -2.58261e-08, -4.49911e-07, -5.82538e-06, -5.63307e-05, -0.000407467, -0.00220357, -0.00890065, -0.0268181, -0.060182, -0.100398, -0.124252, -0.113914, -0.0779263, -0.043234, -0.0312199, -0.0477824, -0.0842396, -0.117669, -0.122624, -0.0944408, -0.0535223, -0.0222272, -0.00673305, -0.00148015, -0.000234811, -2.67149e-05, -2.16497e-06, -1.24122e-07, -3.18437e-09, 5.25635e-08, 8.05233e-07, 9.39033e-06, 8.30042e-05, 0.000555514, 0.00280866, 0.0107007, 0.0306331, 0.0656773, 0.105075, 0.124927, 0.109876, 0.0711257, 0.0336947, 0.0116085, 0.00288829, 0.000514976, 6.52356e-05, 5.81551e-06, 3.60954e-07, 1.52499e-08, 2.20401e-10
0.68, 1.43444e-21, 9.83771e-20, 1.32779e-17, 1.30543e-15, 9.37693e-14, 4.93438e-12, 1.90691e-10, 5.42361e-09, 1.13743e-07, 1.7617e-06, 2.01783e-05, 0.000171097, 0.00107482, 0.00500481, 0.0172778, 0.0442193, 0.0838709, 0.117818, 0.122465, 0.0940767, 0.0533282, 0.0222658, 0.00683255, 0.00153711, 0.000252797, 3.0296e-05, 2.6363e-06, 1.65908e-07, 6.67628e-09, -4.05356e-08, -6.60267e-07, -8.19492e-06, -7.60394e-05, -0.000527766, -0.00273814, -0.0106082, -0.03065, -0.0659373, -0.105418, -0.12498, -0.109695, -0.0717032, -0.0378235, -0.0265273, -0.0422647, -0.0781841, -0.114104, -0.124161, -0.0998808, -0.0591559, -0.0256889, -0.00814239, -0.00187427, -0.00031158, -3.7179e-05, -3.16287e-06, -1.90305e-07, -6.95488e-09, 3.40849e-08, 5.55355e-07, 6.72972e-06, 6.18684e-05, 0.000430826, 0.00226732, 0.00899535, 0.0268281, 0.0599562, 0.100043, 0.124132, 0.114017, 0.0771364, 0.0382226, 0.0137866, 0.00359478, 0.000672428, 8.94727e-05, 8.38892e-06, 5.48292e-07, 2.46494e-08, 9.36854e-10
0.686667, 3.0512e-21, 2.00714e-19, 2.5919e-17, 2.43879e-15, 1.67697e-13, 8.44964e-12, 3.12726e-10, 8.51971e-09, 1.71168e-07, 2.54006e-06, 2.7877e-05, 0.000226503, 0.00136349, 0.00608389, 0.0201254, 0.049352, 0.0896803, 0.12068, 0.120144, 0.08838, 0.0479637, 0.0191674, 0.0056279, 0.00121106, 0.000190441, 2.18136e-05, 1.81339e-06, 1.08965e-07, 3.05112e-09, -6.18701e-08, -9.63247e-07, -1.14607e-05, -0.000102043, -0.000679564, -0.00338228, -0.012568, -0.0348195, -0.0718067, -0.110014, -0.124943, -0.104985, -0.0655842, -0.0328996, -0.0224027, -0.0371838, -0.0721438, -0.109978, -0.124943, -0.104976, -0.0649699, -0.0294999, -0.00978289, -0.00235772, -0.000410684, -5.13896e-05, -4.58857e-06, -2.90241e-07, -1.24458e-08, 2.17602e-08, 3.81442e-07, 4.79577e-06, 4.58559e-05, 0.000332235, 0.00181984, 0.00751798, 0.023358, 0.0544083, 0.0946773, 0.122587, 0.117578, 0.0831252, 0.0430792, 0.0162655, 0.004444, 0.000871985, 0.000121851, 1.20142e-05, 8.27325e-07, 3.95731e-08, 1.33553e-09
0.693333, 6.45036e-21, 4.06997e-19, 5.0286e-17, 4.52837e-15, 2.98086e-13, 1.43815e-11, 5.09755e-10, 1.33023e-08, 2.5603e-07, 3.64019e-06, 3.82802e-05, 0.000298038, 0.00171921, 0.00735078, 0.0233, 0.0547449, 0.095306, 0.122853, 0.117141, 0.0825144, 0.0428704, 0.0163969, 0.00460647, 0.000948113, 0.00014255, 1.5605e-05, 1.23925e-06, 7.10905e-08, -1.99157e-10, -9.28578e-08, -1.396e-06, -1.59334e-05, -0.000136137, -0.000869876, -0.00415323, -0.0148013, -0.0393188, -0.0777258, -0.114112, -0.124138, -0.0998591, -0.0596268, -0.0284505, -0.0188042, -0.0325373, -0.0661825, -0.10536, -0.124958, -0.109644, -0.0709058, -0.0336601, -0.0116779, -0.0029464, -0.0005377, -7.05504e-05, -6.61153e-06, -4.39374e-07, -2.01503e-08, 1.34233e-08, 2.60488e-07, 3.39828e-06, 3.37977e-05, 0.000254759, 0.00145235, 0.00624695, 0.0202178, 0.049081, 0.0890608, 0.120322, 0.120497, 0.089013, 0.0482404, 0.0190642, 0.00545703, 0.00112302, 0.000164784, 1.70826e-05, 1.23856e-06, 6.19432e-08, 1.96761e-09
0.7, 1.35525e-20, 8.20233e-19, 9.69651e-17, 8.35713e-15, 5.26638e-13, 2.43291e-11, 8.25888e-10, 2.06441e-08, 3.80651e-07, 5.18528e-06, 5.2248e-05, 0.000389794, 0.0021546, 0.00882759, 0.0268113, 0.0603568, 0.100665, 0.124297, 0.113508, 0.076561, 0.0380794, 0.013939, 0.00374666, 0.000737552, 0.000106021, 1.10916e-05, 8.41392e-07, 4.60587e-08, -3.83795e-09, -1.3814e-07, -2.0101e-06, -2.20219e-05, -0.000180561, -0.00110693, -0.0050697, -0.0173274, -0.044133, -0.0836237, -0.117639, -0.12258, -0.0943974, -0.0538821, -0.024459, -0.0156877, -0.0283167, -0.0603588, -0.100326, -0.124205, -0.113809, -0.0768975, -0.0381623, -0.0138498, -0.00365793, -0.000699314, -9.62002e-05, -9.46026e-06, -6.6017e-07, -3.22988e-08, 7.49246e-09, 1.77094e-07, 2.39451e-06, 2.4771e-05, 0.000194249, 0.00115246, 0.00516089, 0.0173975, 0.0440133, 0.0832745, 0.117378, 0.122723, 0.0947171, 0.0536732, 0.0221982, 0.00665622, 0.00143644, 0.000221285, 2.41144e-05, 1.84003e-06, 9.71274e-08, 3.50456e-09
0.706667, 2.82996e-20, 1.64291e-18, 1.85833e-16, 1.53292e-14, 9.24777e-13, 4.0908e-11, 1.32998e-09, 3.18441e-08, 5.62508e-07, 7.34155e-06, 7.08811e-05, 0.000506713, 0.0026839, 0.0105368, 0.030664, 0.0661381, 0.105675, 0.124986, 0.10931, 0.0705969, 0.0336132, 0.0117753, 0.00302812, 0.000570111, 7.83481e-05, 7.83283e-06, 5.6755e-07, 2.96037e-08, -8.65553e-09, -2.04714e-07, -2.87708e-06, -3.026e-05, -0.000238078, -0.00140028, -0.0061517, -0.0201636, -0.0492387, -0.0894239, -0.120535, -0.120296, -0.088682, -0.0483938, -0.0209037, -0.0130081, -0.024509, -0.0547247, -0.0949551, -0.122701, -0.1174, -0.082872, -0.0429915, -0.0163199, -0.00451158, -0.000903461, -0.000130289, -1.34436e-05, -9.85551e-07, -5.09041e-08, 3.5384e-09, 1.1958e-07, 1.67756e-06, 1.80545e-05, 0.000147279, 0.000909288, 0.0042391, 0.0148835, 0.0392358, 0.0773978, 0.113811, 0.124218, 0.100153, 0.0593356, 0.0256787, 0.00806482, 0.00182483, 0.000295087, 3.37976e-05, 2.71467e-06, 1.51358e-07, 5.92671e-09
0.713333, 5.87308e-20, 3.27057e-18, 3.53974e-16, 2.79466e-14, 1.61404e-12, 6.83673e-11, 2.12877e-09, 4.88232e-08, 8.26221e-07, 1.03316e-05, 9.55778e-05, 0.000654714, 0.00332296, 0.0125005, 0.034857, 0.0720309, 0.110255, 0.124906, 0.104618, 0.0646937, 0.0294858, 0.00988514, 0.00243194, 0.000437883, 5.75276e-05, 5.49579e-06, 3.80343e-07, 1.88107e-08, -1.55449e-08, -3.0276e-07, -4.09484e-06, -4.13385e-05, -0.000312073, -0.00176091, -0.00742031, -0.0233237, -0.0546043, -0.0950462, -0.122746, -0.117326, -0.0827955, -0.0431978, -0.0177591, -0.0107207, -0.0210968, -0.0493248, -0.0893286, -0.120472, -0.120354, -0.0887511, -0.0481245, -0.0191068, -0.00552813, -0.00115947, -0.00017527, -1.89736e-05, -1.46053e-06, -7.91862e-08, 1.15501e-10, 7.98941e-08, 1.16916e-06, 1.30865e-05, 0.000111039, 0.000713355, 0.00346195, 0.0126587, 0.0347707, 0.0715059, 0.109682, 0.124956, 0.105237, 0.0651764, 0.0295116, 0.00970661, 0.00230248, 0.00039077, 4.70327e-05, 3.9754e-06, 2.33462e-07, 9.37704e-09
0.72, 1.21137e-19, 6.47087e-18, 6.7013e-16, 5.06389e-14, 2.79991e-12, 1.13565e-10, 3.38667e-09, 7.44026e-08, 1.20623e-06, 1.44516e-05, 0.0001281, 0.000840822, 0.00408924, 0.0147401, 0.039382, 0.0779698, 0.114329, 0.124059, 0.0995088, 0.0589163, 0.0257038, 0.00824629, 0.00194081, 0.000334184, 4.19694e-05, 3.83114e-06, 2.53225e-07, 1.16793e-08, -2.5586e-08, -4.46554e-07, -5.79549e-06, -5.61431e-05, -0.000406663, -0.00220135, -0.00889735, -0.0268178, -0.0601898, -0.100408, -0.124232, -0.113722, -0.0768188, -0.0383217, -0.0149974, -0.00878197, -0.0180593, -0.0441957, -0.0835284, -0.117562, -0.12262, -0.0944526, -0.0535291, -0.0222259, -0.00672959, -0.00147817, -0.000234194, -2.65946e-05, -2.1495e-06, -1.22785e-07, -3.12904e-09, 5.30122e-08, 8.10597e-07, 9.43299e-06, 8.32477e-05, 0.00055647, 0.00281107, 0.0107039, 0.0306325, 0.0656684, 0.105063, 0.124926, 0.109887, 0.0711363, 0.0336964, 0.0116052, 0.0028855, 0.000513894, 6.49854e-05, 5.77871e-06, 3.57318e-07, 1.49859e-08
0.726667, 2.48318e-19, 1.27243e-17, 1.26091e-15, 9.11982e-14, 4.82754e-12, 1.875e-10, 5.35525e-09, 1.12697e-07, 1.75036e-06, 2.00922e-05, 0.000170649, 0.00107329, 0.0050017, 0.0172754, 0.0442235, 0.0838828, 0.117827, 0.12246, 0.0940642, 0.0533216, 0.0222671, 0.00683594, 0.00153907, 0.00025342, 3.04226e-05, 2.65344e-06, 1.67493e-07, 6.8085e-09, -4.0185e-08, -6.55672e-07, -8.1553e-06, -7.58026e-05, -0.000526809, -0.00273569, -0.0106049, -0.0306506, -0.0659462, -0.105428, -0.124965, -0.109546, -0.0708291, -0.0337851, -0.012589, -0.00715023, -0.0153735, -0.0393664, -0.0776338, -0.114022, -0.124157, -0.0998927, -0.0591639, -0.0256884, -0.00813889, -0.00187204, -0.000310829, -3.70227e-05, -3.14178e-06, -1.88467e-07, -6.79562e-09, 3.44468e-08, 5.5922e-07, 6.76201e-06, 6.20624e-05, 0.000431632, 0.0022695, 0.00899858, 0.0268284, 0.0599486, 0.10003, 0.124129, 0.114027, 0.0771478, 0.0382256, 0.0137835, 0.00359175, 0.000671145, 8.91554e-05, 8.33932e-06, 5.43378e-07, 2.45823e-08
0.733333, 5.05901e-19, 2.48677e-17, 2.35804e-15, 1.63243e-13, 8.27295e-12, 3.07689e-10, 8.41679e-09, 1.69668e-07, 2.52458e-06, 2.77654e-05, 0.000225954, 0.00136173, 0.00608064, 0.0201236, 0.0493575, 0.0896926, 0.120687, 0.120137, 0.0883677, 0.0479584, 0.0191694, 0.0056312, 0.00121277, 0.00019095, 2.1911e-05, 1.82588e-06, 1.10061e-07, 3.16537e-09, -6.13314e-08, -9.56875e-07, -1.14083e-05, -0.000101746, -0.000678436, -0.0033796, -0.012565, -0.0348211, -0.0718167, -0.110024, -0.12493, -0.104869, -0.0648983, -0.0296001, -0.0105035, -0.00578645, -0.0130142, -0.0348577, -0.0717206, -0.109914, -0.124939, -0.104987, -0.0649792, -0.0295004, -0.00977945, -0.00235523, -0.000409779, -5.11889e-05, -4.55976e-06, -2.87427e-07, -1.22372e-08, 2.19633e-08, 3.84216e-07, 4.82005e-06, 4.60093e-05, 0.000332909, 0.0018218, 0.0075212, 0.0233591, 0.0544019, 0.0946651, 0.122582, 0.117586, 0.0831373, 0.0430835, 0.0162629, 0.00444076, 0.000870482, 0.000121453, 1.1948e-05, 8.2033e-07, 3.88758e-08
0.74, 1.02435e-18, 4.83023e-17, 4.38284e-15, 2.90421e-13, 1.40912e-11, 5.01857e-10, 1.31484e-08, 2.53893e-07, 3.61921e-06, 3.81367e-05, 0.000297372, 0.00171721, 0.00734744, 0.0232989, 0.0547516, 0.0953184, 0.122858, 0.117132, 0.0825026, 0.0428665, 0.0163994, 0.0046096, 0.000949595, 0.000142963, 1.56795e-05, 1.24828e-06, 7.18425e-08, -8.68502e-11, -9.20275e-08, -1.38711e-06, -1.58646e-05, -0.000135769, -0.000868558, -0.00415034, -0.0147985, -0.0393217, -0.0777368, -0.114121, -0.124127, -0.0997695, -0.0590919, -0.0257714, -0.00871016, -0.00465448, -0.0109554, -0.0306831, -0.0658593, -0.10531, -0.124953, -0.109655, -0.0709162, -0.0336617, -0.0116746, -0.00294365, -0.000536619, -7.02945e-05, -6.57245e-06, -4.35461e-07, -1.9915e-08, 1.36059e-08, 2.62477e-07, 3.41641e-06, 3.39181e-05, 0.000255318, 0.00145407, 0.0062501, 0.0202196, 0.0490759, 0.0890487, 0.120314, 0.120503, 0.0890255, 0.048246, 0.0190622, 0.00545362, 0.00112128, 0.000164288, 1.69946e-05, 1.2282e-06, 6.11166e-08
0.746667, 2.06136e-18, 9.32463e-17, 8.09652e-15, 5.13533e-13, 2.38553e-11, 8.13587e-10, 2.04155e-08, 3.77627e-07, 5.15705e-06, 5.20649e-05, 0.000388992, 0.00215236, 0.00882425, 0.026811, 0.0603648, 0.100677, 0.1243, 0.113498, 0.0765499, 0.0380768, 0.013942, 0.00374959, 0.000738823, 0.000106352, 1.11481e-05, 8.47873e-07, 4.65725e-08, -3.71585e-09, -1.36899e-07, -1.99782e-06, -2.19324e-05, -0.000180108, -0.0011054, -0.00506663, -0.017325, -0.044137, -0.0836354, -0.117647, -0.122569, -0.0943275, -0.0534675, -0.0222972, -0.00717885, -0.00372135, -0.00917061, -0.0268489, -0.0601136, -0.100286, -0.1242, -0.113819, -0.0769088, -0.0381651, -0.0138468, -0.00365494, -0.000698036, -9.58771e-05, -9.40799e-06, -6.54589e-07, -3.18553e-08, 7.63158e-09, 1.78474e-07, 2.40797e-06, 2.4865e-05, 0.000194709, 0.00115397, 0.0051639, 0.0173999, 0.0440094, 0.083263, 0.117369, 0.122728, 0.0947298, 0.0536802, 0.0221969, 0.00665269, 0.00143445, 0.000220673, 2.39984e-05, 1.82602e-06, 9.61663e-08
0.753333, 4.12271e-18, 1.78907e-16, 1.48655e-14, 9.02513e-13, 4.01396e-11, 1.31094e-09, 3.15068e-08, 5.58259e-07, 7.30384e-06, 7.06493e-05, 0.000505756, 0.00268142, 0.0105335, 0.0306647, 0.0661473, 0.105687, 0.124987, 0.109299, 0.0705867, 0.0336117, 0.0117786, 0.00303082, 0.00057119, 7.8612e-05, 7.87524e-06, 5.72166e-07, 2.99547e-08, -8.51356e-09, -2.0294e-07, -2.86037e-06, -3.01447e-05, -0.000237525, -0.00139853, -0.00614849, -0.0201618, -0.049244, -0.0894361, -0.120542, -0.120285, -0.0886273, -0.0480746, -0.0191698, -0.0058804, -0.00295737, -0.00763339, -0.023355, -0.05454, -0.094923, -0.122694, -0.117408, -0.082884, -0.0429957, -0.0163173, -0.00450839, -0.000901966, -0.000129885, -1.3374e-05, -9.7761e-07, -5.03187e-08, 3.62843e-09, 1.20546e-07, 1.68753e-06, 1.81274e-05, 0.000147654, 0.000910597, 0.00424194, 0.0148862, 0.0392331, 0.077387, 0.1138, 0.124221, 0.100166, 0.0593438, 0.0256783, 0.00806127, 0.00182257, 0.000294339, 3.36468e-05, 2.69528e-06, 1.49723e-07
0.76, 8.19478e-18, 3.41155e-16, 2.71269e-14, 1.57646e-12, 6.71293e-11, 2.09951e-09, 4.83291e-08, 8.20293e-07, 1.02816e-05, 9.52868e-05, 0.000653583, 0.00332024, 0.0124974, 0.0348587, 0.0720412, 0.110266, 0.124905, 0.104606, 0.0646846, 0.0294854, 0.00988851, 0.0024344, 0.00043879, 5.7736e-05, 5.52743e-06, 3.83605e-07, 1.9053e-08, -1.53692e-08, -3.00311e-07, -4.07245e-06, -4.1191e-05, -0.000311403, -0.00175894, -0.00741702, -0.0233226, -0.054611, -0.0950586, -0.122751, -0.117314, -0.0827525, -0.0429537, -0.0163771, -0.00478704, -0.00233608, -0.00631801, -0.0201958, -0.0491866, -0.0893025, -0.120464, -0.120361, -0.0887635, -0.04813, -0.0191047, -0.00552477, -0.00115774, -0.000174768, -1.88817e-05, -1.44953e-06, -7.83086e-08, 2.30272e-10, 8.05747e-08, 1.17649e-06, 1.31425e-05, 0.000111343, 0.00071448, 0.00346459, 0.0126616, 0.0347691, 0.0714959, 0.109671, 0.124957, 0.105249, 0.0651859, 0.0295122, 0.00970311, 0.00229996, 0.000389865, 4.68377e-05, 3.94848e-06, 2.30941e-07
0.766667, 1.61888e-17, 6.46559e-16, 4.91994e-14, 2.7369e-12, 1.11584e-10, 3.34201e-09, 7.36835e-08, 1.19802e-06, 1.43858e-05, 0.000127737, 0.000839498, 0.00408631, 0.0147373, 0.039385, 0.077981, 0.114339, 0.124056, 0.0994964, 0.0589084, 0.0257044, 0.00824972, 0.00194301, 0.000334939, 4.21326e-05, 3.85455e-06, 2.55514e-07, 1.18524e-08, -2.535e-08, -4.43223e-07, -5.76571e-06, -5.59556e-05, -0.000405859, -0.00219914, -0.00889405, -0.0268175, -0.0601977, -0.100421, -0.124235, -0.113709, -0.0767849, -0.0381364, -0.0139026, -0.0038728, -0.00183423, -0.00519974, -0.0173609, -0.0440933, -0.0835068, -0.117552, -0.122625, -0.0944652, -0.0535359, -0.0222245, -0.00672612, -0.00147619, -0.000233577, -2.64744e-05, -2.13417e-06, -1.21462e-07, -3.02216e-09, 5.3476e-08, 8.1594e-07, 9.47574e-06, 8.34914e-05, 0.000557427, 0.00281348, 0.0107071, 0.030632, 0.0656595, 0.105051, 0.124924, 0.109898, 0.0711468, 0.0336981, 0.0116019, 0.00288272, 0.000512811, 6.47355e-05, 5.74203e-06, 3.53775e-07
0.773333, 3.17847e-17, 1.21785e-15, 8.86863e-14, 4.72258e-12, 1.8435e-10, 5.28752e-09, 1.11658e-07, 1.73906e-06, 2.00063e-05, 0.000170201, 0.00107176, 0.00499858, 0.017273, 0.0442277, 0.0838946, 0.117835, 0.122455, 0.0940517, 0.0533151, 0.0222684, 0.00683934, 0.00154102, 0.000254043, 3.05493e-05, 2.67064e-06, 1.69087e-07, 6.94166e-09, -3.98389e-08, -6.51109e-07, -8.11577e-06, -7.55659e-05, -0.000525852, -0.00273324, -0.0106017, -0.0306512, -0.0659553, -0.10544, -0.124966, -0.109533, -0.0708023, -0.0336456, -0.0117272, -0.00311364, -0.00143155, -0.00425515, -0.0148358, -0.0392912, -0.0776159, -0.114011, -0.12416, -0.0999051, -0.0591721, -0.0256879, -0.00813539, -0.0018698, -0.000310078, -3.68668e-05, -3.1207e-06, -1.86594e-07, -6.66491e-09, 3.47723e-08, 5.63128e-07, 6.79439e-06, 6.22565e-05, 0.000432439, 0.00227168, 0.00900181, 0.0268288, 0.0599409, 0.100018, 0.124125, 0.114037, 0.0771593, 0.0382285, 0.0137805, 0.00358872, 0.000669862, 8.88384e-05, 8.28996e-06, 5.38643e-07
0.78, 6.20219e-17, 2.27989e-15, 1.58888e-13, 8.09924e-12, 3.02714e-10, 8.31477e-09, 1.68177e-07, 2.50915e-06, 2.7654e-05, 0.000225405, 0.00135997, 0.00607738, 0.0201218, 0.049363, 0.0897049, 0.120693, 0.12013, 0.0883554, 0.0479532, 0.0191714, 0.00563448, 0.00121447, 0.00019146, 2.20086e-05, 1.83841e-06, 1.11163e-07, 3.2804e-09, -6.0796e-08, -9.5053e-07, -1.1356e-05, -0.00010145, -0.000677308, -0.00337692, -0.0125619, -0.0348228, -0.0718269, -0.110035, -0.124929, -0.104856, -0.0648772, -0.029496, -0.00982919, -0.00248762, -0.00111059, -0.0034624, -0.0126033, -0.0348032, -0.0717057, -0.109903, -0.12494, -0.104999, -0.0649885, -0.0295009, -0.009776, -0.00235273, -0.000408873, -5.09885e-05, -4.53104e-06, -2.84686e-07, -1.20409e-08, 2.22127e-08, 3.87e-07, 4.84436e-06, 4.61629e-05, 0.000333584, 0.00182375, 0.00752442, 0.0233603, 0.0543955, 0.0946528, 0.122576, 0.117595, 0.0831494, 0.0430877, 0.0162603, 0.00443751, 0.000868978, 0.000121054, 1.18821e-05, 8.13061e-07
0.786667, 1.20281e-16, 4.24192e-15, 2.8292e-13, 1.38055e-11, 4.94052e-10, 1.29958e-08, 2.51767e-07, 3.59829e-06, 3.79934e-05, 0.000296705, 0.00171522, 0.0073441, 0.0232977, 0.0547584, 0.0953308, 0.122863, 0.117123, 0.0824907, 0.0428625, 0.016402, 0.00461272, 0.000951077, 0.000143376, 1.5754e-05, 1.25735e-06, 7.25997e-08, 2.6014e-11, -9.11978e-08, -1.37824e-06, -1.57959e-05, -0.000135402, -0.00086724, -0.00414745, -0.0147957, -0.0393245, -0.0777478, -0.114131, -0.124123, -0.0997564, -0.0590753, -0.0256944, -0.00818586, -0.00197498, -0.000856436, -0.00280133, -0.0106437, -0.0306442, -0.0658469, -0.105298, -0.124952, -0.109666, -0.0709266, -0.0336633, -0.0116713, -0.0029409, -0.000535537, -7.00389e-05, -6.53353e-06, -4.31536e-07, -1.96412e-08, 1.37616e-08, 2.64451e-07, 3.43464e-06, 3.40388e-05, 0.000255877, 0.0014558, 0.00625324, 0.0202214, 0.0490707, 0.0890367, 0.120307, 0.12051, 0.089038, 0.0482516, 0.0190601, 0.00545021, 0.00111953, 0.000163792, 1.69066e-05, 1.21805e-06
0.793333, 2.31831e-16, 7.84407e-15, 5.00697e-13, 2.33887e-11, 8.01423e-10, 2.01887e-08, 3.74617e-07, 5.1289e-06, 5.1882e-05, 0.000388189, 0.00215012, 0.0088209, 0.0268107, 0.0603729, 0.10069, 0.124303, 0.113488, 0.0765387, 0.0380741, 0.0139449, 0.00375251, 0.000740094, 0.000106684, 1.12046e-05, 8.54382e-07, 4.70901e-08, -3.59372e-09, -1.35659e-07, -1.98555e-06, -2.1843e-05, -0.000179656, -0.00110388, -0.00506356, -0.0173227, -0.0441411, -0.0836471, -0.117656, -0.122564, -0.0943145, -0.0534548, -0.0222409, -0.00677372, -0.00155809, -0.000656508, -0.00225358, -0.00893583, -0.0268216, -0.0601035, -0.100274, -0.124196, -0.113829, -0.0769201, -0.0381679, -0.0138438, -0.00365195, -0.000696757, -9.55542e-05, -9.3558e-06, -6.49027e-07, -3.14624e-08, 7.77006e-09, 1.79896e-07, 2.42146e-06, 2.49591e-05, 0.000195169, 0.00115548, 0.0051669, 0.0174022, 0.0440055, 0.0832514, 0.117361, 0.122733, 0.0947424, 0.0536871, 0.0221956, 0.00664917, 0.00143245, 0.00022006, 2.38828e-05, 1.81217e-06
0.8, 4.44089e-16, 1.44162e-14, 8.8069e-13, 3.93826e-11, 1.29211e-09, 3.11721e-08, 5.54029e-07, 7.26623e-06, 7.04178e-05, 0.000504799, 0.00267894, 0.0105302, 0.0306654, 0.0661565, 0.105698, 0.124988, 0.109288, 0.0705765, 0.0336102, 0.0117818, 0.00303352, 0.000572269, 7.88762e-05, 7.91776e-06, 5.76804e-07, 3.03082e-08, -8.3727e-09, -2.0117e-07, -2.8437e-06, -3.00297e-05, -0.000236972, -0.00139678, -0.00614528, -0.0201599, -0.0492493, -0.0894482, -0.120548, -0.120278, -0.0886146, -0.0480649, -0.0191294, -0.0055693, -0.00122142, -0.000500257, -0.0018026, -0.00745793, -0.0233364, -0.0545318, -0.0949106, -0.122688, -0.117417, -0.082896, -0.0429998, -0.0163147, -0.00450519, -0.000900471, -0.000129481, -1.33045e-05, -9.69748e-07, -4.97088e-08, 3.74599e-09, 1.21485e-07, 1.69753e-06, 1.82004e-05, 0.000148029, 0.000911907, 0.00424477, 0.0148889, 0.0392304, 0.0773761, 0.11379, 0.124224, 0.100178, 0.0593521, 0.0256778, 0.00805771, 0.0018203, 0.000293591, 3.34963e-05, 2.67583e-06
0.806667, 8.45461e-16, 2.63325e-14, 1.5396e-12, 6.5909e-11, 2.07055e-09, 4.78384e-08, 8.1439e-07, 1.02318e-05, 9.49959e-05, 0.000652452, 0.00331753, 0.0124943, 0.0348605, 0.0720515, 0.110277, 0.124904, 0.104594, 0.0646755, 0.0294849, 0.00989189, 0.00243685, 0.000439697, 5.79446e-05, 5.55915e-06, 3.86885e-07, 1.9297e-08, -1.51963e-08, -2.97879e-07, -4.05015e-06, -4.10438e-05, -0.000310733, -0.00175696, -0.00741373, -0.0233215, -0.0546176, -0.0950709, -0.122756, -0.117305, -0.0827403, -0.0429466, -0.0163485, -0.00454966, -0.000951416, -0.000378932, -0.00143365, -0.00618792, -0.0201835, -0.0491803, -0.0892903, -0.120457, -0.120368, -0.088776, -0.0481354, -0.0191027, -0.0055214, -0.00115601, -0.000174266, -1.879e-05, -1.43853e-06, -7.74349e-08, 3.05212e-10, 8.12771e-08, 1.18387e-06, 1.31986e-05, 0.000111646, 0.000715604, 0.00346722, 0.0126646, 0.0347675, 0.071486, 0.10966, 0.124958, 0.105261, 0.0651954, 0.0295127, 0.00969962, 0.00229743, 0.000388961, 4.66429e-05, 3.92164e-06
0.813333, 1.59971e-15, 4.7804e-14, 2.67505e-12, 1.0963e-10, 3.29778e-09, 7.29691e-08, 1.18983e-06, 1.43202e-05, 0.000127375, 0.000838174, 0.00408338, 0.0147345, 0.0393879, 0.0779921, 0.114349, 0.124053, 0.0994841, 0.0589005, 0.0257049, 0.00825314, 0.00194521, 0.000335695, 4.2296e-05, 3.87805e-06, 2.57816e-07, 1.20267e-08, -2.51184e-08, -4.39921e-07, -5.73604e-06, -5.57683e-05, -0.000405054, -0.00219692, -0.00889075, -0.0268172, -0.0602056, -0.100433, -0.124238, -0.113699, -0.0767735, -0.0381315, -0.0138829, -0.00369281, -0.000736372, -0.000285331, -0.00113371, -0.00510406, -0.0173532, -0.0440886, -0.0834951, -0.117544, -0.12263, -0.0944778, -0.0535427, -0.0222232, -0.00672264, -0.00147421, -0.000232961, -2.63544e-05, -2.11893e-06, -1.20179e-07, -2.88197e-09, 5.39469e-08, 8.21275e-07, 9.51862e-06, 8.37354e-05, 0.000558384, 0.00281589, 0.0107102, 0.0306314, 0.0656507, 0.105039, 0.124923, 0.109909, 0.0711574, 0.0336998, 0.0115986, 0.00287993, 0.000511728, 6.44859e-05, 5.70545e-06
0.82, 3.00824e-15, 8.62513e-14, 4.61947e-12, 1.81241e-10, 5.22041e-09, 1.10625e-07, 1.72781e-06, 1.99205e-05, 0.000169753, 0.00107022, 0.00499547, 0.0172707, 0.0442318, 0.0839064, 0.117843, 0.122449, 0.0940392, 0.0533085, 0.0222698, 0.00684273, 0.00154297, 0.000254667, 3.06762e-05, 2.6879e-06, 1.70691e-07, 7.07577e-09, -3.94975e-08, -6.46578e-07, -8.07634e-06, -7.53293e-05, -0.000524895, -0.00273078, -0.0105985, -0.0306518, -0.0659644, -0.105451, -0.124967, -0.109522, -0.0707918, -0.0336425, -0.0117139, -0.00297804, -0.000566289, -0.000213581, -0.000891402, -0.00418538, -0.0148316, -0.039288, -0.0776049, -0.114001, -0.124163, -0.0999175, -0.0591802, -0.0256875, -0.00813188, -0.00186756, -0.000309327, -3.67111e-05, -3.0997e-06, -1.84691e-07, -6.54995e-09, 3.50782e-08, 5.67083e-07, 6.82683e-06, 6.24509e-05, 0.000433246, 0.00227386, 0.00900504, 0.0268292, 0.0599332, 0.100006, 0.124122, 0.114047, 0.0771708, 0.0382314, 0.0137775, 0.00358568, 0.000668579, 8.85217e-05, 8.24094e-06
0.826667, 5.62223e-15, 1.54667e-13, 7.92847e-12, 2.97801e-10, 8.21364e-09, 1.66694e-07, 2.49378e-06, 2.75428e-05, 0.000224857, 0.00135821, 0.00607412, 0.02012, 0.0493684, 0.0897171, 0.1207, 0.120123, 0.0883431, 0.0479479, 0.0191734, 0.00563777, 0.00121618, 0.00019197, 2.21064e-05, 1.851e-06, 1.12272e-07, 3.39623e-09, -6.02636e-08, -9.44209e-07, -1.13038e-05, -0.000101154, -0.000676179, -0.00337424, -0.0125589, -0.0348245, -0.071837, -0.110046, -0.124928, -0.104845, -0.0648679, -0.0294945, -0.00982068, -0.00238612, -0.000432697, -0.000158932, -0.000696879, -0.00341198, -0.0126014, -0.0348013, -0.0716956, -0.109892, -0.124941, -0.105011, -0.0649978, -0.0295014, -0.00977255, -0.00235023, -0.000407967, -5.07882e-05, -4.50238e-06, -2.81995e-07, -1.18546e-08, 2.24952e-08, 3.8977e-07, 4.86873e-06, 4.63168e-05, 0.000334258, 0.0018257, 0.00752764, 0.0233614, 0.054389, 0.0946406, 0.122571, 0.117603, 0.0831615, 0.0430919, 0.0162577, 0.00443427, 0.000867473, 0.000120656, 1.1816e-05
0.833333, 1.04431e-14, 2.75652e-13, 1.35246e-11, 4.8634e-10, 1.28444e-08, 2.49652e-07, 3.57744e-06, 3.78503e-05, 0.000296039, 0.00171322, 0.00734076, 0.0232966, 0.0547652, 0.0953432, 0.122868, 0.117114, 0.0824789, 0.0428586, 0.0164045, 0.00461585, 0.000952559, 0.000143789, 1.58288e-05, 1.26646e-06, 7.33621e-08, 1.39488e-10, -9.03682e-08, -1.36939e-06, -1.57273e-05, -0.000135034, -0.000865922, -0.00414456, -0.014793, -0.0393273, -0.0777589, -0.114141, -0.12412, -0.099744, -0.0590673, -0.0256942, -0.00818078, -0.0018995, -0.000328493, -0.00011757, -0.000541692, -0.00276523, -0.0106435, -0.0306434, -0.0658379, -0.105287, -0.124951, -0.109677, -0.070937, -0.0336649, -0.011668, -0.00293815, -0.000534456, -6.97837e-05, -6.49475e-06, -4.27621e-07, -1.93429e-08, 1.38876e-08, 2.66444e-07, 3.45293e-06, 3.41595e-05, 0.000256436, 0.00145752, 0.00625638, 0.0202232, 0.0490655, 0.0890247, 0.1203, 0.120517, 0.0890506, 0.0482572, 0.0190581, 0.00544679, 0.00111779, 0.000163295, 1.68187e-05
0.84, 1.92785e-14, 4.88264e-13, 2.29295e-11, 7.89397e-10, 1.99636e-08, 3.71623e-07, 5.10083e-06, 5.16993e-05, 0.000387387, 0.00214788, 0.00881755, 0.0268104, 0.0603809, 0.100702, 0.124306, 0.113478, 0.0765276, 0.0380714, 0.0139479, 0.00375544, 0.000741365, 0.000107016, 1.12613e-05, 8.60921e-07, 4.76113e-08, -3.47154e-09, -1.34417e-07, -1.9733e-06, -2.17539e-05, -0.000179203, -0.00110235, -0.00506048, -0.0173203, -0.0441452, -0.0836589, -0.117664, -0.122559, -0.094302, -0.053448, -0.0222418, -0.00677106, -0.00150233, -0.000247774, -8.64633e-05, -0.000418657, -0.00222799, -0.00893679, -0.0268218, -0.0600957, -0.100262, -0.124193, -0.113839, -0.0769315, -0.0381708, -0.0138408, -0.00364896, -0.000695479, -9.52316e-05, -9.3037e-06, -6.43479e-07, -3.11067e-08, 7.92951e-09, 1.81334e-07, 2.43495e-06, 2.50534e-05, 0.000195629, 0.00115699, 0.00516991, 0.0174045, 0.0440016, 0.0832399, 0.117352, 0.122738, 0.094755, 0.0536941, 0.0221943, 0.00664565, 0.00143045, 0.000219448, 2.37676e-05
0.846667, 3.53706e-14, 8.59565e-13, 3.86368e-11, 1.27348e-09, 3.08398e-08, 5.49819e-07, 7.22871e-06, 7.01865e-05, 0.000503842, 0.00267645, 0.010527, 0.030666, 0.0661658, 0.10571, 0.124989, 0.109277, 0.0705663, 0.0336087, 0.011785, 0.00303621, 0.000573348, 7.91406e-05, 7.96039e-06, 5.81464e-07, 3.06644e-08, -8.23298e-09, -1.99406e-07, -2.82709e-06, -2.99149e-05, -0.000236419, -0.00139504, -0.00614207, -0.0201581, -0.0492547, -0.0894604, -0.120555, -0.120271, -0.0886022, -0.0480595, -0.019131, -0.00556831, -0.0011805, -0.000185681, -6.32154e-05, -0.000321719, -0.00178467, -0.00745962, -0.0233374, -0.0545253, -0.0948983, -0.122683, -0.117425, -0.0829081, -0.0430039, -0.0163122, -0.00450199, -0.000898976, -0.000129077, -1.32352e-05, -9.61954e-07, -4.9074e-08, 3.8595e-09, 1.22404e-07, 1.70761e-06, 1.82734e-05, 0.000148404, 0.000913216, 0.0042476, 0.0148916, 0.0392277, 0.0773653, 0.11378, 0.124227, 0.10019, 0.0593604, 0.0256774, 0.00805416, 0.00181804, 0.000292844, 3.33459e-05
0.853333, 6.44963e-14, 1.50395e-12, 6.47061e-11, 2.04189e-09, 4.7351e-08, 8.08512e-07, 1.0182e-05, 9.47053e-05, 0.000651321, 0.00331481, 0.0124912, 0.0348622, 0.0720618, 0.110288, 0.124903, 0.104582, 0.0646664, 0.0294845, 0.00989525, 0.0024393, 0.000440605, 5.81535e-05, 5.59097e-06, 3.90182e-07, 1.95429e-08, -1.50264e-08, -2.95464e-07, -4.02794e-06, -4.08968e-05, -0.000310063, -0.00175498, -0.00741044, -0.0233203, -0.0546242, -0.0950833, -0.122761, -0.117297, -0.0827284, -0.0429425, -0.0163508, -0.00454978, -0.000921591, -0.000138245, -4.59487e-05, -0.000245813, -0.00142123, -0.00619003, -0.0201853, -0.049175, -0.0892782, -0.12045, -0.120374, -0.0887884, -0.0481409, -0.0191007, -0.00551804, -0.00115428, -0.000173765, -1.86984e-05, -1.42755e-06, -7.65834e-08, 3.66058e-10, 8.20213e-08, 1.19125e-06, 1.32547e-05, 0.00011195, 0.000716728, 0.00346985, 0.0126676, 0.034766, 0.0714761, 0.109648, 0.124958, 0.105273, 0.0652049, 0.0295133, 0.00969612, 0.0022949, 0.000388057, 4.64483e-05
0.86, 1.16883e-13, 2.61528e-12, 1.07702e-10, 3.25398e-09, 7.22593e-08, 1.18169e-06, 1.42546e-05, 0.000127013, 0.00083685, 0.00408044, 0.0147317, 0.0393908, 0.0780033, 0.114358, 0.124049, 0.0994717, 0.0588927, 0.0257054, 0.00825656, 0.0019474, 0.000336451, 4.24596e-05, 3.90161e-06, 2.60131e-07, 1.22023e-08, -2.48913e-08, -4.36649e-07, -5.70648e-06, -5.55812e-05, -0.00040425, -0.00219471, -0.00888745, -0.0268168, -0.0602135, -0.100445, -0.124242, -0.113689, -0.0767622, -0.0381287, -0.0138857, -0.00369364, -0.000714785, -0.000102258, -3.32042e-05, -0.000186743, -0.00112522, -0.00510638, -0.0173556, -0.0440846, -0.0834834, -0.117535, -0.122635, -0.0944903, -0.0535495, -0.0222219, -0.00671917, -0.00147223, -0.000232344, -2.62346e-05, -2.10377e-06, -1.18907e-07, -2.71339e-09, 5.43824e-08, 8.26645e-07, 9.56162e-06, 8.39794e-05, 0.00055934, 0.0028183, 0.0107134, 0.0306309, 0.0656419, 0.105027, 0.124921, 0.10992, 0.0711679, 0.0337015, 0.0115952, 0.00287714, 0.000510645, 6.42365e-05
0.866667, 2.1052e-13, 4.51995e-12, 1.78173e-10, 5.15392e-09, 1.09598e-07, 1.71659e-06, 1.98349e-05, 0.000169306, 0.00106869, 0.00499235, 0.0172683, 0.044236, 0.0839183, 0.117852, 0.122444, 0.0940267, 0.0533019, 0.0222711, 0.00684612, 0.00154492, 0.000255291, 3.08033e-05, 2.70522e-06, 1.72304e-07, 7.21086e-09, -3.91609e-08, -6.42079e-07, -8.03698e-06, -7.5093e-05, -0.000523938, -0.00272833, -0.0105953, -0.0306525, -0.0659734, -0.105463, -0.124968, -0.109511, -0.0707815, -0.0336409, -0.0117171, -0.00297928, -0.000550774, -7.51461e-05, -2.38559e-05, -0.000141058, -0.000885693, -0.00418777, -0.0148343, -0.0392852, -0.0775939, -0.113991, -0.124166, -0.0999299, -0.0591883, -0.025687, -0.00812838, -0.00186532, -0.000308576, -3.65557e-05, -3.07877e-06, -1.8278e-07, -6.47265e-09, 3.54143e-08, 5.71068e-07, 6.85928e-06, 6.26454e-05, 0.000434053, 0.00227604, 0.00900827, 0.0268295, 0.0599256, 0.0999939, 0.124118, 0.114057, 0.0771822, 0.0382344, 0.0137744, 0.00358265, 0.000667295, 8.82055e-05
0.873333, 3.76841e-13, 7.76391e-12, 2.9295e-10, 8.11338e-09, 1.65219e-07, 2.47845e-06, 2.74317e-05, 0.000224309, 0.00135645, 0.00607086, 0.0201182, 0.0493739, 0.0897294, 0.120707, 0.120115, 0.0883308, 0.0479426, 0.0191754, 0.00564105, 0.00121789, 0.00019248, 2.22044e-05, 1.86363e-06, 1.13389e-07, 3.51291e-09, -5.97337e-08, -9.37908e-07, -1.12516e-05, -0.000100858, -0.000675051, -0.00337155, -0.0125558, -0.0348262, -0.0718471, -0.110057, -0.124927, -0.104833, -0.0648586, -0.029494, -0.00982403, -0.00238757, -0.000421626, -5.48611e-05, -1.70403e-05, -0.000105941, -0.000693109, -0.00341432, -0.0126045, -0.0347996, -0.0716856, -0.109881, -0.124942, -0.105023, -0.0650072, -0.0295019, -0.0097691, -0.00234773, -0.000407061, -5.05882e-05, -4.4738e-06, -2.79352e-07, -1.16359e-08, 2.2774e-08, 3.92509e-07, 4.89323e-06, 4.64708e-05, 0.000334932, 0.00182764, 0.00753086, 0.0233626, 0.0543826, 0.0946283, 0.122565, 0.117611, 0.0831737, 0.0430962, 0.0162551, 0.00443102, 0.000865969, 0.000120259
0.88, 6.7042e-13, 1.32543e-11, 4.78719e-10, 1.26943e-08, 2.47549e-07, 3.55666e-06, 3.77074e-05, 0.000295373, 0.00171122, 0.00733742, 0.0232955, 0.054772, 0.0953556, 0.122873, 0.117106, 0.0824671, 0.0428546, 0.0164071, 0.00461897, 0.000954039, 0.000144203, 1.59037e-05, 1.2756e-06, 7.41296e-08, 2.5363e-10, -8.95379e-08, -1.36054e-06, -1.56587e-05, -0.000134667, -0.000864603, -0.00414166, -0.0147902, -0.0393302, -0.0777699, -0.114151, -0.124117, -0.0997316, -0.0590593, -0.0256947, -0.00818421, -0.00190101, -0.000320651, -3.97892e-05, -1.2102e-05, -7.91126e-05, -0.000539258, -0.00276745, -0.0106467, -0.0306428, -0.0658289, -0.105275, -0.124949, -0.109689, -0.0709475, -0.0336665, -0.0116647, -0.00293539, -0.000533374, -6.95287e-05, -6.45612e-06, -4.23691e-07, -1.90668e-08, 1.39922e-08, 2.68506e-07, 3.47124e-06, 3.42805e-05, 0.000256996, 0.00145925, 0.00625951, 0.020225, 0.0490604, 0.0890127, 0.120293, 0.120524, 0.0890631, 0.0482628, 0.0190561, 0.00544337, 0.00111604, 0.0001628
0.886667, 1.18539e-12, 2.24887e-11, 7.77507e-10, 1.97403e-08, 3.68644e-07, 5.07283e-06, 5.15169e-05, 0.000386585, 0.00214564, 0.0088142, 0.0268101, 0.0603889, 0.100714, 0.124309, 0.113468, 0.0765165, 0.0380687, 0.0139508, 0.00375836, 0.000742636, 0.000107348, 1.13181e-05, 8.67489e-07, 4.81362e-08, -3.34927e-09, -1.33175e-07, -1.96108e-06, -2.16649e-05, -0.000178751, -0.00110083, -0.00505741, -0.017318, -0.0441492, -0.0836706, -0.117673, -0.122554, -0.0942894, -0.0534413, -0.0222431, -0.00677447, -0.00150381, -0.000242262, -2.86687e-05, -8.54578e-06, -5.87411e-05, -0.00041713, -0.00223006, -0.00894005, -0.0268221, -0.0600879, -0.10025, -0.12419, -0.113849, -0.0769428, -0.0381736, -0.0138378, -0.00364597, -0.0006942, -9.49092e-05, -9.2517e-06, -6.37988e-07, -3.07572e-08, 8.13589e-09, 1.8272e-07, 2.4485e-06, 2.5148e-05, 0.000196089, 0.0011585, 0.00517291, 0.0174068, 0.0439977, 0.0832283, 0.117343, 0.122742, 0.0947676, 0.053701, 0.022193, 0.00664212, 0.00142845, 0.000218837
0.893333, 2.08304e-12, 3.7923e-11, 1.25506e-09, 3.05099e-08, 5.45628e-07, 7.19129e-06, 6.99554e-05, 0.000502885, 0.00267397, 0.0105237, 0.0306667, 0.066175, 0.105722, 0.12499, 0.109266, 0.0705562, 0.0336072, 0.0117882, 0.00303891, 0.000574427, 7.94054e-05, 8.00312e-06, 5.86147e-07, 3.10231e-08, -8.09446e-09, -1.97647e-07, -2.81055e-06, -2.98003e-05, -0.000235866, -0.00139329, -0.00613886, -0.0201563, -0.0492601, -0.0894726, -0.120562, -0.120264, -0.0885898, -0.0480542, -0.0191331, -0.00557162, -0.00118189, -0.000181837, -2.052e-05, -5.99974e-06, -4.33665e-05, -0.000320797, -0.00178654, -0.00746287, -0.0233385, -0.0545187, -0.094886, -0.122678, -0.117434, -0.0829201, -0.0430081, -0.0163096, -0.00449879, -0.00089748, -0.000128673, -1.3166e-05, -9.54183e-07, -4.84155e-08, 3.91523e-09, 1.23364e-07, 1.71776e-06, 1.83466e-05, 0.00014878, 0.000914525, 0.00425043, 0.0148943, 0.039225, 0.0773545, 0.11377, 0.124229, 0.100203, 0.0593686, 0.025677, 0.00805059, 0.00181578, 0.000292097
0.9, 3.63798e-12, 6.35582e-11, 2.01352e-09, 4.68671e-08, 8.0266e-07, 1.01323e-05, 9.44149e-05, 0.00065019, 0.00331209, 0.0124881, 0.034864, 0.072072, 0.110299, 0.124901, 0.10457, 0.0646574, 0.0294841, 0.00989862, 0.00244174, 0.000441512, 5.83626e-05, 5.62288e-06, 3.93496e-07, 1.97905e-08, -1.48595e-08, -2.93068e-07, -4.00584e-06, -4.075e-05, -0.000309394, -0.001753, -0.00740714, -0.0233192, -0.0546309, -0.0950956, -0.122767, -0.117288, -0.0827165, -0.0429385, -0.0163534, -0.00455294, -0.000922856, -0.000135586, -1.45904e-05, -4.18853e-06, -3.18339e-05, -0.000245288, -0.00142291, -0.00619321, -0.0201871, -0.0491697, -0.0892661, -0.120443, -0.120381, -0.0888008, -0.0481464, -0.0190987, -0.00551467, -0.00115255, -0.000173264, -1.86071e-05, -1.41659e-06, -7.57861e-08, 4.77192e-10, 8.27731e-08, 1.19858e-06, 1.33111e-05, 0.000112255, 0.000717852, 0.00347247, 0.0126706, 0.0347644, 0.0714662, 0.109637, 0.124959, 0.105285, 0.0652144, 0.0295139, 0.00969262, 0.00229237, 0.000387152
0.906667, 6.31461e-12, 1.0587e-10, 3.2106e-09, 7.15542e-08, 1.17357e-06, 1.41892e-05, 0.000126651, 0.000835526, 0.00407751, 0.014729, 0.0393938, 0.0780145, 0.114368, 0.124046, 0.0994593, 0.0588848, 0.0257059, 0.00825998, 0.0019496, 0.000337207, 4.26234e-05, 3.92525e-06, 2.62459e-07, 1.23792e-08, -2.46691e-08, -4.33408e-07, -5.67702e-06, -5.53941e-05, -0.000403446, -0.00219249, -0.00888414, -0.0268165, -0.0602214, -0.100457, -0.124245, -0.113679, -0.076751, -0.0381259, -0.0138887, -0.00369659, -0.000715908, -0.000100434, -1.0306e-05, -2.90752e-06, -2.32349e-05, -0.000186471, -0.0011267, -0.00510943, -0.0173579, -0.0440806, -0.0834718, -0.117526, -0.12264, -0.0945029, -0.0535563, -0.0222206, -0.00671569, -0.00147025, -0.000231728, -2.6115e-05, -2.08871e-06, -1.1759e-07, -2.56954e-09, 5.47763e-08, 8.32124e-07, 9.60465e-06, 8.42236e-05, 0.000560297, 0.00282071, 0.0107165, 0.0306303, 0.065633, 0.105016, 0.12492, 0.109931, 0.0711785, 0.0337032, 0.0115919, 0.00287434, 0.000509562
0.913333, 1.08932e-11, 1.75268e-10, 5.08804e-09, 1.08578e-07, 1.70542e-06, 1.97494e-05, 0.000168858, 0.00106715, 0.00498923, 0.0172659, 0.0442402, 0.0839301, 0.11786, 0.122439, 0.0940143, 0.0532953, 0.0222725, 0.0068495, 0.00154686, 0.000255914, 3.09306e-05, 2.7226e-06, 1.73927e-07, 7.34694e-09, -3.8829e-08, -6.37611e-07, -7.99769e-06, -7.48568e-05, -0.000522982, -0.00272587, -0.010592, -0.0306531, -0.0659825, -0.105475, -0.124969, -0.1095, -0.0707712, -0.0336394, -0.0117203, -0.002982, -0.000551753, -7.39058e-05, -7.23114e-06, -2.00662e-06, -1.68622e-05, -0.000140942, -0.000886984, -0.00419064, -0.014837, -0.0392824, -0.077583, -0.113981, -0.124169, -0.0999423, -0.0591964, -0.0256865, -0.00812487, -0.00186308, -0.000307825, -3.64006e-05, -3.05786e-06, -1.80922e-07, -6.41055e-09, 3.58288e-08, 5.74992e-07, 6.89181e-06, 6.28403e-05, 0.000434859, 0.00227822, 0.00901149, 0.0268299, 0.0599179, 0.0999817, 0.124115, 0.114067, 0.0771937, 0.0382373, 0.0137714, 0.00357961, 0.000666012
0.92, 1.86763e-11, 2.88379e-10, 8.01401e-09, 1.63753e-07, 2.46318e-06, 2.73209e-05, 0.000223761, 0.00135469, 0.0060676, 0.0201164, 0.0493794, 0.0897417, 0.120714, 0.120108, 0.0883185, 0.0479374, 0.0191774, 0.00564434, 0.0012196, 0.00019299, 2.23025e-05, 1.87631e-06, 1.14513e-07, 3.63048e-09, -5.9206e-08, -9.31624e-07, -1.11995e-05, -0.000100563, -0.000673922, -0.00336887, -0.0125527, -0.0348278, -0.0718573, -0.110068, -0.124926, -0.104821, -0.0648494, -0.0294935, -0.00982745, -0.00239004, -0.000422465, -5.40252e-05, -5.04005e-06, -1.3774e-06, -1.2168e-05, -0.000105916, -0.000694221, -0.00341698, -0.0126075, -0.034798, -0.0716756, -0.10987, -0.124943, -0.105035, -0.0650165, -0.0295024, -0.00976565, -0.00234523, -0.000406156, -5.03884e-05, -4.44536e-06, -2.76712e-07, -1.13661e-08, 2.297e-08, 3.95296e-07, 4.91785e-06, 4.66249e-05, 0.000335607, 0.00182959, 0.00753407, 0.0233637, 0.0543762, 0.0946161, 0.12256, 0.11762, 0.0831858, 0.0431004, 0.0162525, 0.00442777, 0.000864464
0.926667, 3.18236e-11, 4.71581e-10, 1.25454e-08, 2.45457e-07, 3.53593e-06, 3.75647e-05, 0.000294707, 0.00170922, 0.00733408, 0.0232944, 0.0547788, 0.095368, 0.122878, 0.117097, 0.0824553, 0.0428507, 0.0164096, 0.0046221, 0.00095552, 0.000144616, 1.59787e-05, 1.28478e-06, 7.49023e-08, 3.68504e-10, -8.8706e-08, -1.3517e-06, -1.55903e-05, -0.000134301, -0.000863284, -0.00413876, -0.0147874, -0.039333, -0.077781, -0.114161, -0.124114, -0.0997192, -0.0590513, -0.0256952, -0.00818767, -0.00190323, -0.00032136, -3.92319e-05, -3.48972e-06, -9.40023e-07, -8.73043e-06, -7.91383e-05, -0.000540206, -0.00276989, -0.0106499, -0.0306422, -0.06582, -0.105263, -0.124948, -0.1097, -0.0709579, -0.0336682, -0.0116614, -0.00293264, -0.000532292, -6.9274e-05, -6.41756e-06, -4.19758e-07, -1.88702e-08, 1.41626e-08, 2.70594e-07, 3.48949e-06, 3.44017e-05, 0.000257555, 0.00146097, 0.00626265, 0.0202268, 0.0490552, 0.0890006, 0.120285, 0.12053, 0.0890756, 0.0482684, 0.019054, 0.00543995, 0.0011143
0.933333, 5.3893e-11, 7.66443e-10, 1.95187e-08, 3.65679e-07, 5.04492e-06, 5.13347e-05, 0.000385783, 0.0021434, 0.00881084, 0.0268098, 0.060397, 0.100726, 0.124312, 0.113458, 0.0765054, 0.038066, 0.0139537, 0.00376128, 0.000743906, 0.000107681, 1.1375e-05, 8.74086e-07, 4.86648e-08, -3.22687e-09, -1.3193e-07, -1.94887e-06, -2.15762e-05, -0.000178299, -0.0010993, -0.00505433, -0.0173156, -0.0441533, -0.0836823, -0.117682, -0.122548, -0.0942769, -0.0534346, -0.0222444, -0.0067779, -0.00150577, -0.000242853, -2.83005e-05, -2.39981e-06, -6.37831e-07, -6.22871e-06, -5.87915e-05, -0.00041793, -0.00223226, -0.00894332, -0.0268225, -0.0600801, -0.100237, -0.124186, -0.113859, -0.0769541, -0.0381765, -0.0138348, -0.00364297, -0.000692921, -9.45872e-05, -9.19983e-06, -6.32583e-07, -3.03328e-08, 8.32137e-09, 1.84042e-07, 2.46221e-06, 2.52426e-05, 0.000196549, 0.00116001, 0.00517592, 0.0174091, 0.0439938, 0.0832168, 0.117334, 0.122747, 0.0947803, 0.053708, 0.0221917, 0.00663859, 0.00142645
0.94, 9.07067e-11, 1.23804e-09, 3.01824e-08, 5.41457e-07, 7.15396e-06, 6.97245e-05, 0.000501928, 0.00267148, 0.0105204, 0.0306674, 0.0661842, 0.105734, 0.12499, 0.109255, 0.070546, 0.0336057, 0.0117914, 0.0030416, 0.000575506, 7.96703e-05, 8.04597e-06, 5.90852e-07, 3.13844e-08, -7.95721e-09, -1.95894e-07, -2.79407e-06, -2.96859e-05, -0.000235314, -0.00139154, -0.00613564, -0.0201545, -0.0492654, -0.0894848, -0.120569, -0.120257, -0.0885774, -0.0480488, -0.0191351, -0.00557495, -0.00118361, -0.000182323, -2.02795e-05, -1.63949e-06, -4.30683e-07, -4.41862e-06, -4.34255e-05, -0.000321465, -0.00178851, -0.00746613, -0.0233397, -0.0545122, -0.0948737, -0.122673, -0.117442, -0.0829321, -0.0430122, -0.016307, -0.00449558, -0.000895983, -0.000128269, -1.30971e-05, -9.46372e-07, -4.78138e-08, 3.93792e-09, 1.24436e-07, 1.72786e-06, 1.84198e-05, 0.000149156, 0.000915834, 0.00425326, 0.014897, 0.0392223, 0.0773437, 0.11376, 0.124232, 0.100215, 0.0593769, 0.0256765, 0.00804703, 0.00181351
0.946667, 1.5173e-10, 1.98757e-09, 4.63865e-08, 7.96832e-07, 1.00828e-05, 9.41248e-05, 0.000649059, 0.00330937, 0.012485, 0.0348657, 0.0720823, 0.11031, 0.1249, 0.104558, 0.0646483, 0.0294836, 0.00990199, 0.00244419, 0.00044242, 5.8572e-05, 5.65487e-06, 3.96827e-07, 2.00399e-08, -1.4696e-08, -2.90693e-07, -3.98384e-06, -4.06033e-05, -0.000308724, -0.00175102, -0.00740385, -0.0233181, -0.0546375, -0.095108, -0.122772, -0.11728, -0.0827045, -0.0429344, -0.0163559, -0.0045561, -0.000924344, -0.000135982, -1.44357e-05, -1.11262e-06, -2.88912e-07, -3.11659e-06, -3.18924e-05, -0.000245841, -0.00142465, -0.00619638, -0.0201889, -0.0491645, -0.089254, -0.120436, -0.120388, -0.0888133, -0.0481519, -0.0190966, -0.0055113, -0.00115081, -0.000172763, -1.85159e-05, -1.40576e-06, -7.49893e-08, 6.69736e-10, 8.34198e-08, 1.20598e-06, 1.33676e-05, 0.000112559, 0.000718977, 0.0034751, 0.0126736, 0.0347628, 0.0714563, 0.109626, 0.12496, 0.105297, 0.0652239, 0.0295145, 0.00968912, 0.00228983
0.953333, 2.52247e-10, 3.17132e-09, 7.08537e-08, 1.16549e-06, 1.4124e-05, 0.000126289, 0.000834201, 0.00407457, 0.0147262, 0.0393967, 0.0780257, 0.114378, 0.124043, 0.099447, 0.058877, 0.0257065, 0.0082634, 0.0019518, 0.000337963, 4.27875e-05, 3.94896e-06, 2.648e-07, 1.25573e-08, -2.44519e-08, -4.30201e-07, -5.64765e-06, -5.52072e-05, -0.000402643, -0.00219027, -0.00888083, -0.0268162, -0.0602293, -0.100469, -0.124248, -0.113669, -0.0767398, -0.0381231, -0.0138916, -0.00369955, -0.000717183, -0.000100753, -1.02072e-05, -7.49712e-07, -1.92817e-07, -2.1861e-06, -2.32885e-05, -0.000186925, -0.00112822, -0.00511247, -0.0173602, -0.0440766, -0.0834601, -0.117518, -0.122645, -0.0945155, -0.0535631, -0.0222193, -0.00671221, -0.00146827, -0.000231112, -2.59957e-05, -2.07366e-06, -1.16234e-07, -2.53376e-09, 5.52526e-08, 8.37648e-07, 9.64765e-06, 8.44682e-05, 0.000561254, 0.00282311, 0.0107197, 0.0306298, 0.0656242, 0.105004, 0.124919, 0.109942, 0.0711891, 0.0337049, 0.0115886, 0.00287155
0.96, 4.16779e-10, 5.0291e-09, 1.07564e-07, 1.69429e-06, 1.96641e-05, 0.000168411, 0.00106562, 0.00498611, 0.0172635, 0.0442444, 0.083942, 0.117869, 0.122433, 0.0940018, 0.0532888, 0.0222738, 0.00685289, 0.00154881, 0.000256539, 3.10581e-05, 2.74003e-06, 1.7556e-07, 7.48403e-09, -3.8502e-08, -6.33174e-07, -7.95846e-06, -7.46209e-05, -0.000522025, -0.00272341, -0.0105888, -0.0306537, -0.0659916, -0.105487, -0.12497, -0.109489, -0.0707609, -0.0336378, -0.0117236, -0.00298472, -0.000552833, -7.41598e-05, -7.16925e-06, -5.02094e-07, -1.2815e-07, -1.52452e-06, -1.69085e-05, -0.000141312, -0.000888298, -0.0041935, -0.0148398, -0.0392796, -0.077572, -0.113971, -0.124172, -0.0999547, -0.0592045, -0.025686, -0.00812135, -0.00186084, -0.000307075, -3.62456e-05, -3.03701e-06, -1.79166e-07, -6.24848e-09, 3.6224e-08, 5.78843e-07, 6.92455e-06, 6.30353e-05, 0.000435666, 0.00228039, 0.00901472, 0.0268303, 0.0599102, 0.0999696, 0.124111, 0.114076, 0.0772052, 0.0382403, 0.0137684, 0.00357657
0.966667, 6.84398e-10, 7.92635e-09, 1.62295e-07, 2.44796e-06, 2.72102e-05, 0.000223213, 0.00135293, 0.00606434, 0.0201145, 0.0493849, 0.089754, 0.120721, 0.120101, 0.0883062, 0.0479322, 0.0191794, 0.00564761, 0.00122131, 0.000193501, 2.24008e-05, 1.88903e-06, 1.15643e-07, 3.749e-09, -5.86799e-08, -9.25351e-07, -1.11474e-05, -0.000100268, -0.000672793, -0.00336618, -0.0125497, -0.0348295, -0.0718675, -0.110079, -0.124925, -0.104809, -0.0648402, -0.029493, -0.00983086, -0.00239252, -0.000423371, -5.42264e-05, -5.00215e-06, -3.33867e-07, -8.43951e-08, -1.05715e-06, -1.22067e-05, -0.000106216, -0.000695347, -0.00341963, -0.0126105, -0.0347964, -0.0716655, -0.109859, -0.124944, -0.105047, -0.0650259, -0.029503, -0.00976219, -0.00234273, -0.00040525, -5.01889e-05, -4.41707e-06, -2.73981e-07, -1.11596e-08, 2.3122e-08, 3.98224e-07, 4.94242e-06, 4.67792e-05, 0.000336282, 0.00183154, 0.00753728, 0.0233649, 0.0543698, 0.0946039, 0.122554, 0.117628, 0.0831979, 0.0431047, 0.0162499, 0.00442451
0.973333, 1.11696e-09, 1.24162e-08, 2.43376e-07, 3.51527e-06, 3.74223e-05, 0.000294041, 0.00170722, 0.00733073, 0.0232932, 0.0547856, 0.0953805, 0.122883, 0.117088, 0.0824434, 0.0428467, 0.0164122, 0.00462522, 0.000957, 0.00014503, 1.60539e-05, 1.294e-06, 7.56802e-08, 4.84183e-10, -8.78716e-08, -1.34286e-06, -1.55221e-05, -0.000133934, -0.000861964, -0.00413587, -0.0147847, -0.0393359, -0.077792, -0.11417, -0.124111, -0.0997068, -0.0590433, -0.0256957, -0.00819114, -0.00190545, -0.000322113, -3.93891e-05, -3.46644e-06, -2.2037e-07, -5.55213e-08, -7.29145e-07, -8.762e-06, -7.93779e-05, -0.000541162, -0.00277232, -0.0106531, -0.0306416, -0.065811, -0.105251, -0.124947, -0.109711, -0.0709683, -0.0336698, -0.0116581, -0.00292988, -0.000531211, -6.90196e-05, -6.37902e-06, -4.15936e-07, -1.86752e-08, 1.44374e-08, 2.72557e-07, 3.50787e-06, 3.45231e-05, 0.000258115, 0.00146269, 0.00626578, 0.0202286, 0.0490501, 0.0889886, 0.120278, 0.120537, 0.0890881, 0.048274, 0.019052, 0.00543653
0.98, 1.81171e-09, 1.93301e-08, 3.6273e-07, 5.01708e-06, 5.11527e-05, 0.000384981, 0.00214115, 0.00880748, 0.0268095, 0.0604051, 0.100739, 0.124315, 0.113448, 0.0764943, 0.0380633, 0.0139567, 0.0037642, 0.000745176, 0.000108014, 1.1432e-05, 8.80712e-07, 4.91972e-08, -3.1043e-09, -1.30684e-07, -1.9367e-06, -2.14877e-05, -0.000177848, -0.00109777, -0.00505125, -0.0173133, -0.0441574, -0.0836941, -0.11769, -0.122543, -0.0942643, -0.0534279, -0.0222458, -0.00678134, -0.00150774, -0.000243473, -2.84223e-05, -2.38633e-06, -1.44777e-07, -3.62945e-08, -4.99768e-07, -6.25363e-06, -5.8982e-05, -0.000418735, -0.00223445, -0.00894659, -0.0268228, -0.0600723, -0.100225, -0.124183, -0.113869, -0.0769655, -0.0381793, -0.0138318, -0.00363998, -0.000691642, -9.42653e-05, -9.1482e-06, -6.27162e-07, -2.98466e-08, 8.37389e-09, 1.85473e-07, 2.47597e-06, 2.53372e-05, 0.00019701, 0.00116152, 0.00517892, 0.0174115, 0.0439899, 0.0832053, 0.117326, 0.122752, 0.0947929, 0.053715, 0.0221904, 0.00663505
0.986667, 2.92055e-09, 2.99099e-08, 5.37307e-07, 7.11673e-06, 6.94939e-05, 0.000500971, 0.00266899, 0.0105171, 0.030668, 0.0661935, 0.105746, 0.124991, 0.109243, 0.0705358, 0.0336042, 0.0117946, 0.00304429, 0.000576585, 7.99355e-05, 8.08892e-06, 5.9558e-07, 3.17483e-08, -7.8213e-09, -1.94148e-07, -2.77767e-06, -2.95718e-05, -0.000234761, -0.00138979, -0.00613242, -0.0201527, -0.0492708, -0.089497, -0.120576, -0.12025, -0.0885651, -0.0480434, -0.0191371, -0.00557827, -0.00118533, -0.000182828, -2.03735e-05, -1.63184e-06, -9.41997e-08, -2.3403e-08, -3.40838e-07, -4.43822e-06, -4.35759e-05, -0.000322137, -0.00179047, -0.00746939, -0.0233408, -0.0545056, -0.0948614, -0.122667, -0.117451, -0.0829441, -0.0430163, -0.0163044, -0.00449237, -0.000894487, -0.000127866, -1.30283e-05, -9.38577e-07, -4.73312e-08, 4.08664e-09, 1.25475e-07, 1.7379e-06, 1.84934e-05, 0.000149532, 0.000917142, 0.00425609, 0.0148998, 0.0392196, 0.0773329, 0.11375, 0.124235, 0.100228, 0.0593852, 0.0256761, 0.00804346
0.993333, 4.67913e-09, 4.59969e-08, 7.91032e-07, 1.00334e-05, 9.3835e-05, 0.000647927, 0.00330665, 0.0124819, 0.0348675, 0.0720927, 0.110321, 0.124899, 0.104547, 0.0646392, 0.0294832, 0.00990535, 0.00244664, 0.000443327, 5.87816e-05, 5.68696e-06, 4.00175e-07, 2.02912e-08, -1.45361e-08, -2.88342e-07, -3.96195e-06, -4.04568e-05, -0.000308055, -0.00174904, -0.00740055, -0.0233169, -0.0546442, -0.0951203, -0.122777, -0.117271, -0.0826926, -0.0429304, -0.0163585, -0.00455927, -0.000925833, -0.00013639, -1.4507e-05, -1.10811e-06, -6.09416e-08, -1.53057e-08, -2.31132e-07, -3.13166e-06, -3.20101e-05, -0.000246397, -0.00142638, -0.00619956, -0.0201907, -0.0491592, -0.0892419, -0.120429, -0.120395, -0.0888257, -0.0481574, -0.0190946, -0.00550792, -0.00114908, -0.000172263, -1.84248e-05, -1.39505e-06, -7.40659e-08, 7.80678e-10, 8.40322e-08, 1.21355e-06, 1.34241e-05, 0.000112863, 0.000720101, 0.00347772, 0.0126766, 0.0347613, 0.0714464, 0.109615, 0.12496, 0.105308, 0.0652334, 0.029515, 0.00968561
1, 7.45058e-09, 7.03034e-08, 1.15744e-06, 1.40588e-05, 0.000125928, 0.000832876, 0.00407163, 0.0147233, 0.0393996, 0.0780369, 0.114388, 0.124039, 0.0994346, 0.0588691, 0.025707, 0.00826681, 0.00195399, 0.000338719, 4.29518e-05, 3.97275e-06, 2.67153e-07, 1.27367e-08, -2.42401e-08, -4.27028e-07, -5.61837e-06, -5.50205e-05, -0.000401839, -0.00218805, -0.00887752, -0.0268159, -0.0602372, -0.100482, -0.124251, -0.113659, -0.0767285, -0.0381204, -0.0138946, -0.00370251, -0.000718458, -0.00010108, -1.02611e-05, -7.47718e-07, -3.9331e-08, -9.73237e-09, -1.55658e-07, -2.19745e-06, -2.33801e-05, -0.000187382, -0.00112974, -0.00511551, -0.0173626, -0.0440726, -0.0834485, -0.117509, -0.12265, -0.0945281, -0.0535699, -0.0222179, -0.00670873, -0.00146629, -0.000230496, -2.58766e-05, -2.05855e-06, -1.15e-07, -2.48699e-09, 5.58403e-08, 8.43033e-07, 9.69085e-06, 8.4713e-05, 0.00056221, 0.00282552, 0.0107228, 0.0306293, 0.0656154, 0.104992, 0.124917, 0.109953, 0.0711997, 0.0337066, 0.0115852
1.00667, 1.17907e-08, 1.06797e-07, 1.6832e-06, 1.95789e-05, 0.000167964, 0.00106408, 0.00498298, 0.0172611, 0.0442486, 0.0839539, 0.117877, 0.122428, 0.0939893, 0.0532822, 0.0222751, 0.00685627, 0.00155076, 0.000257163, 3.11859e-05, 2.75753e-06, 1.77203e-07, 7.62216e-09, -3.81797e-08, -6.28763e-07, -7.91926e-06, -7.43852e-05, -0.000521068, -0.00272095, -0.0105856, -0.0306543, -0.0660007, -0.105498, -0.124971, -0.109478, -0.0707506, -0.0336362, -0.0117268, -0.00298745, -0.000553913, -7.44198e-05, -7.20994e-06, -5.01022e-07, -2.49115e-08, -6.17402e-09, -1.04531e-07, -1.53317e-06, -1.69792e-05, -0.000141683, -0.000889612, -0.00419636, -0.0148425, -0.0392769, -0.0775611, -0.113961, -0.124175, -0.0999671, -0.0592127, -0.0256856, -0.00811784, -0.0018586, -0.000306324, -3.60907e-05, -3.01636e-06, -1.77362e-07, -6.02265e-09, 3.64711e-08, 5.82845e-07, 6.95734e-06, 6.32304e-05, 0.000436473, 0.00228257, 0.00901794, 0.0268306, 0.0599026, 0.0999574, 0.124108, 0.114086, 0.0772166, 0.0382432, 0.0137653
1.01333, 1.85444e-08, 1.6124e-07, 2.4328e-06, 2.70997e-05, 0.000222665, 0.00135116, 0.00606107, 0.0201127, 0.0493904, 0.0897662, 0.120728, 0.120094, 0.0882939, 0.0479269, 0.0191814, 0.00565089, 0.00122301, 0.000194012, 2.24993e-05, 1.90181e-06, 1.16781e-07, 3.86851e-09, -5.81547e-08, -9.19085e-07, -1.10954e-05, -9.99727e-05, -0.000671664, -0.00336349, -0.0125466, -0.0348312, -0.0718776, -0.11009, -0.124923, -0.104797, -0.064831, -0.0294926, -0.00983427, -0.00239499, -0.000424278, -5.44309e-05, -5.03198e-06, -3.33309e-07, -1.59095e-08, -4.0841e-09, -6.95813e-08, -1.06349e-06, -1.22608e-05, -0.000106515, -0.000696474, -0.00342229, -0.0126135, -0.0347947, -0.0716555, -0.109848, -0.124945, -0.105059, -0.0650352, -0.0295035, -0.00975874, -0.00234022, -0.000404345, -4.99898e-05, -4.38878e-06, -2.71251e-07, -1.10806e-08, 2.34296e-08, 4.01086e-07, 4.967e-06, 4.69338e-05, 0.000336957, 0.00183349, 0.00754049, 0.023366, 0.0543634, 0.0945916, 0.122549, 0.117637, 0.0832101, 0.043109, 0.0162472
1.02, 2.89874e-08, 2.41949e-07, 3.4947e-06, 3.728e-05, 0.000293376, 0.00170522, 0.00732738, 0.0232921, 0.0547924, 0.0953929, 0.122887, 0.117079, 0.0824316, 0.0428428, 0.0164147, 0.00462833, 0.00095848, 0.000145445, 1.61292e-05, 1.30325e-06, 7.64634e-08, 6.00748e-10, -8.70334e-08, -1.33403e-06, -1.5454e-05, -0.000133568, -0.000860645, -0.00413297, -0.0147819, -0.0393387, -0.0778031, -0.11418, -0.124108, -0.0996944, -0.0590353, -0.0256962, -0.00819461, -0.00190766, -0.000322866, -3.95485e-05, -3.48868e-06, -2.20545e-07, -1.00514e-08, -2.39892e-09, -4.60934e-08, -7.33808e-07, -8.80323e-06, -7.96181e-05, -0.000542119, -0.00277475, -0.0106563, -0.030641, -0.065802, -0.105239, -0.124946, -0.109722, -0.0709788, -0.0336714, -0.0116548, -0.00292712, -0.000530129, -6.87654e-05, -6.34062e-06, -4.12223e-07, -1.83272e-08, 1.45963e-08, 2.74526e-07, 3.52642e-06, 3.46445e-05, 0.000258675, 0.00146442, 0.00626891, 0.0202304, 0.049045, 0.0889766, 0.120271, 0.120544, 0.0891007, 0.0482797, 0.01905
1.02667, 4.50329e-08, 3.60836e-07, 4.98935e-06, 5.09709e-05, 0.00038418, 0.00213891, 0.00880412, 0.0268092, 0.0604131, 0.100751, 0.124318, 0.113438, 0.0764833, 0.0380607, 0.0139596, 0.00376712, 0.000746446, 0.000108347, 1.14892e-05, 8.87368e-07, 4.97333e-08, -2.98151e-09, -1.29434e-07, -1.92456e-06, -2.13994e-05, -0.000177396, -0.00109625, -0.00504817, -0.0173109, -0.0441615, -0.0837058, -0.117699, -0.122538, -0.0942518, -0.0534212, -0.0222471, -0.00678477, -0.0015097, -0.000244093, -2.8546e-05, -2.40267e-06, -1.44672e-07, -6.12869e-09, -1.61222e-09, -3.05267e-08, -5.03228e-07, -6.28474e-06, -5.91729e-05, -0.000419541, -0.00223665, -0.00894986, -0.0268231, -0.0600645, -0.100213, -0.12418, -0.113879, -0.0769768, -0.0381822, -0.0138288, -0.00363698, -0.000690363, -9.39438e-05, -9.09675e-06, -6.21629e-07, -2.95072e-08, 8.47493e-09, 1.86995e-07, 2.48961e-06, 2.54322e-05, 0.000197471, 0.00116302, 0.00518191, 0.0174138, 0.043986, 0.0831938, 0.117317, 0.122757, 0.0948055, 0.053722, 0.0221891
1.03333, 6.95305e-08, 5.3485e-07, 7.07964e-06, 6.92635e-05, 0.000500014, 0.0026665, 0.0105138, 0.0306687, 0.0662027, 0.105757, 0.124992, 0.109232, 0.0705257, 0.0336027, 0.0117978, 0.00304698, 0.000577664, 8.0201e-05, 8.13198e-06, 6.00331e-07, 3.21148e-08, -7.68682e-09, -1.92411e-07, -2.76136e-06, -2.94578e-05, -0.000234209, -0.00138805, -0.0061292, -0.0201509, -0.0492762, -0.0895092, -0.120583, -0.120243, -0.0885527, -0.0480381, -0.0191391, -0.0055816, -0.00118705, -0.000183334, -2.04681e-05, -1.64335e-06, -9.43296e-08, -3.99436e-09, -1.03777e-09, -1.98317e-08, -3.43255e-07, -4.46156e-06, -4.37266e-05, -0.00032281, -0.00179244, -0.00747264, -0.023342, -0.0544991, -0.0948491, -0.122662, -0.117459, -0.0829562, -0.0430205, -0.0163018, -0.00448917, -0.000892989, -0.000127463, -1.29595e-05, -9.30972e-07, -4.67601e-08, 4.27058e-09, 1.26374e-07, 1.74815e-06, 1.8567e-05, 0.000149908, 0.00091845, 0.00425891, 0.0149025, 0.0392169, 0.0773221, 0.11374, 0.124238, 0.10024, 0.0593935, 0.0256757
1.04, 1.06695e-07, 7.87937e-07, 9.98414e-06, 9.35453e-05, 0.000646796, 0.00330392, 0.0124788, 0.0348693, 0.072103, 0.110332, 0.124898, 0.104535, 0.0646302, 0.0294828, 0.00990871, 0.00244908, 0.000444235, 5.89914e-05, 5.71914e-06, 4.0354e-07, 2.05442e-08, -1.438e-08, -2.86018e-07, -3.94017e-06, -4.03103e-05, -0.000307386, -0.00174705, -0.00739724, -0.0233158, -0.0546509, -0.0951327, -0.122782, -0.117262, -0.0826807, -0.0429263, -0.0163611, -0.00456243, -0.000927321, -0.000136799, -1.4579e-05, -1.11678e-06, -6.12522e-08, -2.35259e-09, -5.02347e-10, -1.30487e-08, -2.32917e-07, -3.14908e-06, -3.21281e-05, -0.000246954, -0.00142812, -0.00620273, -0.0201925, -0.049154, -0.0892297, -0.120422, -0.120402, -0.0888382, -0.0481629, -0.0190926, -0.00550455, -0.00114735, -0.000171762, -1.83341e-05, -1.38426e-06, -7.31654e-08, 7.8001e-10, 8.48232e-08, 1.22101e-06, 1.34807e-05, 0.000113168, 0.000721224, 0.00348035, 0.0126796, 0.0347597, 0.0714365, 0.109604, 0.124961, 0.10532, 0.0652429, 0.0295156
1.04667, 1.62719e-07, 1.15369e-06, 1.3994e-05, 0.000125567, 0.00083155, 0.00406869, 0.0147205, 0.0394026, 0.078048, 0.114398, 0.124036, 0.0994223, 0.0588613, 0.0257075, 0.00827023, 0.00195619, 0.000339476, 4.31163e-05, 3.99661e-06, 2.6952e-07, 1.29174e-08, -2.4034e-08, -4.23891e-07, -5.58915e-06, -5.48339e-05, -0.000401036, -0.00218582, -0.00887421, -0.0268156, -0.0602451, -0.100494, -0.124254, -0.113649, -0.0767173, -0.0381176, -0.0138976, -0.00370547, -0.000719732, -0.000101408, -1.03158e-05, -7.53728e-07, -3.92071e-08, -1.41631e-09, -4.89297e-10, -8.4521e-09, -1.56922e-07, -2.21031e-06, -2.34718e-05, -0.000187838, -0.00113126, -0.00511855, -0.0173649, -0.0440686, -0.0834369, -0.1175, -0.122655, -0.0945407, -0.0535768, -0.0222166, -0.00670525, -0.00146431, -0.000229881, -2.57576e-05, -2.04357e-06, -1.13841e-07, -2.27901e-09, 5.6271e-08, 8.48505e-07, 9.7342e-06, 8.49578e-05, 0.000563167, 0.00282792, 0.010726, 0.0306287, 0.0656066, 0.10498, 0.124916, 0.109964, 0.0712103, 0.0337084
1.05333, 2.46636e-07, 1.67889e-06, 1.94942e-05, 0.000167518, 0.00106254, 0.00497985, 0.0172588, 0.0442528, 0.0839657, 0.117886, 0.122423, 0.0939768, 0.0532757, 0.0222765, 0.00685965, 0.0015527, 0.000257787, 3.13138e-05, 2.77509e-06, 1.78855e-07, 7.76136e-09, -3.78623e-08, -6.24376e-07, -7.8801e-06, -7.41499e-05, -0.000520111, -0.00271849, -0.0105823, -0.030655, -0.0660099, -0.10551, -0.124972, -0.109467, -0.0707403, -0.0336347, -0.0117301, -0.00299017, -0.000554994, -7.46799e-05, -7.25048e-06, -5.0514e-07, -2.51754e-08, -1.0051e-09, -1.81127e-10, -5.33849e-09, -1.05391e-07, -1.54263e-06, -1.705e-05, -0.000142055, -0.000890925, -0.00419922, -0.0148453, -0.0392741, -0.0775502, -0.113951, -0.124178, -0.0999795, -0.0592208, -0.0256851, -0.00811432, -0.00185636, -0.000305574, -3.59362e-05, -2.99581e-06, -1.75436e-07, -5.97107e-09, 3.68289e-08, 5.86883e-07, 6.99006e-06, 6.34258e-05, 0.00043728, 0.00228474, 0.00902116, 0.026831, 0.059895, 0.0999452, 0.124104, 0.114096, 0.0772281, 0.0382462
1.06, 3.71535e-07, 2.42827e-06, 2.69897e-05, 0.000222117, 0.0013494, 0.0060578, 0.0201109, 0.0493959, 0.0897785, 0.120734, 0.120087, 0.0882817, 0.0479217, 0.0191835, 0.00565417, 0.00122472, 0.000194523, 2.2598e-05, 1.91463e-06, 1.17926e-07, 3.98909e-09, -5.76298e-08, -9.12818e-07, -1.10435e-05, -9.96783e-05, -0.000670534, -0.0033608, -0.0125436, -0.0348329, -0.0718878, -0.110101, -0.124922, -0.104785, -0.0648218, -0.0294921, -0.00983767, -0.00239746, -0.000425185, -5.46354e-05, -5.06233e-06, -3.36565e-07, -1.59916e-08, -4.25942e-10, -1.12915e-10, -3.59066e-09, -7.02214e-08, -1.07041e-06, -1.23151e-05, -0.000106815, -0.0006976, -0.00342495, -0.0126166, -0.0347931, -0.0716455, -0.109837, -0.124945, -0.105071, -0.0650446, -0.029504, -0.00975528, -0.00233772, -0.000403439, -4.97909e-05, -4.36048e-06, -2.68708e-07, -1.08601e-08, 2.37087e-08, 4.03858e-07, 4.99182e-06, 4.70885e-05, 0.000337632, 0.00183543, 0.0075437, 0.0233672, 0.054357, 0.0945794, 0.122543, 0.117645, 0.0832222, 0.0431133
1.06667, 5.56244e-07, 3.49069e-06, 3.71385e-05, 0.00029271, 0.00170322, 0.00732403, 0.023291, 0.0547992, 0.0954053, 0.122892, 0.117071, 0.0824198, 0.0428389, 0.0164172, 0.00463145, 0.000959959, 0.000145859, 1.62047e-05, 1.31254e-06, 7.72518e-08, 7.1829e-10, -8.61904e-08, -1.32519e-06, -1.53861e-05, -0.000133202, -0.000859325, -0.00413006, -0.0147791, -0.0393416, -0.0778142, -0.11419, -0.124105, -0.0996821, -0.0590273, -0.0256967, -0.00819807, -0.00190988, -0.00032362, -3.97085e-05, -3.51114e-06, -2.22458e-07, -9.93464e-09, -3.77526e-10, -1.82512e-10, -2.14313e-09, -4.65202e-08, -7.38811e-07, -8.8445e-06, -7.98585e-05, -0.000543076, -0.00277718, -0.0106595, -0.0306404, -0.0657931, -0.105228, -0.124944, -0.109733, -0.0709892, -0.0336731, -0.0116516, -0.00292435, -0.000529047, -6.85113e-05, -6.30249e-06, -4.08365e-07, -1.80594e-08, 1.47e-08, 2.76664e-07, 3.54485e-06, 3.47662e-05, 0.000259235, 0.00146614, 0.00627204, 0.0202322, 0.0490398, 0.0889646, 0.120264, 0.12055, 0.0891132, 0.0482853
1.07333, 8.27668e-07, 4.98731e-06, 5.07904e-05, 0.000383378, 0.00213666, 0.00880076, 0.0268089, 0.0604212, 0.100763, 0.124321, 0.113428, 0.0764722, 0.038058, 0.0139626, 0.00377003, 0.000747716, 0.00010868, 1.15465e-05, 8.94052e-07, 5.02731e-08, -2.85845e-09, -1.28181e-07, -1.91246e-06, -2.13113e-05, -0.000176944, -0.00109472, -0.00504508, -0.0173085, -0.0441656, -0.0837176, -0.117707, -0.122533, -0.0942393, -0.0534145, -0.0222484, -0.00678819, -0.00151167, -0.000244713, -2.86696e-05, -2.41873e-06, -1.46134e-07, -6.40699e-09, -2.24196e-10, 5.9396e-11, -1.41331e-09, -3.08144e-08, -5.06832e-07, -6.31597e-06, -5.93641e-05, -0.000420346, -0.00223885, -0.00895312, -0.0268235, -0.0600567, -0.100201, -0.124176, -0.113889, -0.0769882, -0.038185, -0.0138258, -0.00363398, -0.000689083, -9.36227e-05, -9.04525e-06, -6.16243e-07, -2.91774e-08, 8.70736e-09, 1.88338e-07, 2.50344e-06, 2.55272e-05, 0.000197932, 0.00116453, 0.00518491, 0.0174161, 0.0439821, 0.0831822, 0.117308, 0.122761, 0.0948182, 0.053729
1.08, 1.22397e-06, 7.08213e-06, 6.9035e-05, 0.000499057, 0.00266401, 0.0105106, 0.0306694, 0.066212, 0.105769, 0.124993, 0.109221, 0.0705155, 0.0336012, 0.011801, 0.00304966, 0.000578743, 8.04667e-05, 8.17516e-06, 6.05103e-07, 3.2484e-08, -7.55389e-09, -1.90684e-07, -2.74515e-06, -2.9344e-05, -0.000233657, -0.0013863, -0.00612598, -0.0201491, -0.0492815, -0.0895214, -0.12059, -0.120236, -0.0885403, -0.0480327, -0.0191411, -0.00558492, -0.00118877, -0.00018384, -2.0563e-05, -1.65538e-06, -9.54917e-08, -3.85297e-09, -1.53912e-11, -1.06096e-10, -9.49731e-10, -2.00464e-08, -3.45861e-07, -4.48496e-06, -4.38774e-05, -0.000323482, -0.0017944, -0.00747589, -0.0233431, -0.0544926, -0.0948368, -0.122657, -0.117468, -0.0829682, -0.0430247, -0.0162992, -0.00448595, -0.000891492, -0.000127061, -1.2891e-05, -9.23359e-07, -4.61028e-08, 4.27777e-09, 1.27449e-07, 1.75836e-06, 1.86406e-05, 0.000150284, 0.000919758, 0.00426173, 0.0149052, 0.0392142, 0.0773113, 0.11373, 0.12424, 0.100253, 0.0594018
1.08667, 1.79891e-06, 9.9955e-06, 9.32586e-05, 0.000645664, 0.00330119, 0.0124757, 0.034871, 0.0721133, 0.110343, 0.124896, 0.104523, 0.0646211, 0.0294824, 0.00991207, 0.00245153, 0.000445142, 5.92015e-05, 5.75141e-06, 4.06923e-07, 2.07989e-08, -1.42282e-08, -2.83723e-07, -3.91849e-06, -4.0164e-05, -0.000306718, -0.00174507, -0.00739394, -0.0233147, -0.0546575, -0.095145, -0.122787, -0.117254, -0.0826688, -0.0429223, -0.0163636, -0.00456559, -0.000928809, -0.000137208, -1.46515e-05, -1.12526e-06, -6.16885e-08, -2.38227e-09, -1.81614e-10, -1.69531e-11, -4.52932e-10, -1.31886e-08, -2.34729e-07, -3.16652e-06, -3.22463e-05, -0.00024751, -0.00142985, -0.00620591, -0.0201943, -0.0491487, -0.0892177, -0.120415, -0.120409, -0.0888507, -0.0481684, -0.0190906, -0.00550117, -0.00114562, -0.000171262, -1.82435e-05, -1.37347e-06, -7.24264e-08, 9.63395e-10, 8.55003e-08, 1.2285e-06, 1.35375e-05, 0.000113473, 0.000722348, 0.00348297, 0.0126825, 0.0347581, 0.0714267, 0.109593, 0.124962, 0.105332, 0.0652524
1.09333, 2.62768e-06, 1.40214e-05, 0.00012521, 0.000830225, 0.00406575, 0.0147177, 0.0394055, 0.0780593, 0.114408, 0.124033, 0.0994099, 0.0588534, 0.025708, 0.00827364, 0.00195838, 0.000340232, 4.3281e-05, 4.02054e-06, 2.719e-07, 1.30994e-08, -2.3834e-08, -4.20791e-07, -5.55999e-06, -5.46476e-05, -0.000400233, -0.0021836, -0.00887089, -0.0268152, -0.0602531, -0.100506, -0.124257, -0.113639, -0.0767061, -0.0381149, -0.0139005, -0.00370842, -0.000721007, -0.000101736, -1.03702e-05, -7.59651e-07, -3.9847e-08, -1.58143e-09, 3.45324e-11, 5.77454e-11, -4.42232e-10, -8.5303e-09, -1.58234e-07, -2.22327e-06, -2.35637e-05, -0.000188295, -0.00113277, -0.00512159, -0.0173672, -0.0440646, -0.0834252, -0.117492, -0.122659, -0.0945533, -0.0535836, -0.0222153, -0.00670176, -0.00146232, -0.000229265, -2.56388e-05, -2.02876e-06, -1.12505e-07, -2.22306e-09, 5.67463e-08, 8.54084e-07, 9.77747e-06, 8.5203e-05, 0.000564123, 0.00283032, 0.0107291, 0.0306282, 0.0655977, 0.104968, 0.124914, 0.109975, 0.0712209
1.1, 3.8147e-06, 1.95489e-05, 0.000167078, 0.00106101, 0.00497673, 0.0172564, 0.044257, 0.0839776, 0.117894, 0.122417, 0.0939644, 0.0532691, 0.0222778, 0.00686302, 0.00155465, 0.000258412, 3.14419e-05, 2.7927e-06, 1.80517e-07, 7.90163e-09, -3.75495e-08, -6.20008e-07, -7.84096e-06, -7.39149e-05, -0.000519154, -0.00271603, -0.0105791, -0.0306556, -0.066019, -0.105522, -0.124973, -0.109455, -0.07073, -0.0336331, -0.0117333, -0.00299289, -0.000556074, -7.494e-05, -7.29142e-06, -5.09693e-07, -2.54652e-08, -7.83857e-10, -2.07332e-11, -1.13379e-10, -1.67792e-10, -5.42338e-09, -1.06313e-07, -1.55207e-06, -1.7121e-05, -0.000142426, -0.000892239, -0.00420208, -0.014848, -0.0392713, -0.0775393, -0.113941, -0.124181, -0.0999919, -0.059229, -0.0256846, -0.0081108, -0.00185411, -0.000304824, -3.5782e-05, -2.97515e-06, -1.73697e-07, -5.83431e-09, 3.72336e-08, 5.90783e-07, 7.02305e-06, 6.36213e-05, 0.000438087, 0.00228692, 0.00902437, 0.0268314, 0.0598873, 0.0999331, 0.124101, 0.114106, 0.0772396
1.10667, 5.50391e-06, 2.70895e-05, 0.000221581, 0.00134764, 0.00605453, 0.0201091, 0.0494014, 0.0897908, 0.120741, 0.12008, 0.0882694, 0.0479165, 0.0191855, 0.00565744, 0.00122642, 0.000195034, 2.26968e-05, 1.9275e-06, 1.19079e-07, 4.1108e-09, -5.7104e-08, -9.06545e-07, -1.09917e-05, -9.93841e-05, -0.000669405, -0.00335811, -0.0125405, -0.0348346, -0.071898, -0.110112, -0.124921, -0.104773, -0.0648126, -0.0294916, -0.00984108, -0.00239993, -0.000426091, -5.48406e-05, -5.09284e-06, -3.39399e-07, -1.60463e-08, -6.18748e-10, -8.75367e-11, 9.08938e-11, -1.11768e-10, -3.62092e-09, -7.08211e-08, -1.07739e-06, -1.23695e-05, -0.000107115, -0.000698726, -0.0034276, -0.0126196, -0.0347915, -0.0716355, -0.109826, -0.124946, -0.105083, -0.0650539, -0.0295045, -0.00975182, -0.00233521, -0.000402534, -4.95921e-05, -4.33245e-06, -2.66054e-07, -1.06432e-08, 2.38682e-08, 4.06829e-07, 5.01653e-06, 4.72434e-05, 0.000338307, 0.00183738, 0.00754691, 0.0233683, 0.0543506, 0.0945672, 0.122538, 0.117653, 0.0832344
1.11333, 7.89236e-06, 3.73104e-05, 0.000292061, 0.00170122, 0.00732067, 0.0232899, 0.054806, 0.0954177, 0.122897, 0.117062, 0.082408, 0.042835, 0.0164198, 0.00463456, 0.000961438, 0.000146274, 1.62804e-05, 1.32187e-06, 7.80454e-08, 8.36916e-10, -8.53409e-08, -1.31635e-06, -1.53184e-05, -0.000132836, -0.000858006, -0.00412716, -0.0147763, -0.0393444, -0.0778252, -0.1142, -0.124101, -0.0996697, -0.0590193, -0.0256972, -0.00820153, -0.0019121, -0.000324374, -3.98685e-05, -3.53327e-06, -2.246e-07, -1.0305e-08, -3.3236e-10, 1.02694e-10, -4.35403e-11, -1.58969e-10, -2.16101e-09, -4.70084e-08, -7.43831e-07, -8.88583e-06, -8.00992e-05, -0.000544033, -0.00277961, -0.0106626, -0.0306399, -0.0657841, -0.105216, -0.124943, -0.109744, -0.0709997, -0.0336747, -0.0116483, -0.00292159, -0.000527965, -6.82578e-05, -6.26431e-06, -4.04578e-07, -1.78761e-08, 1.49783e-08, 2.78628e-07, 3.56345e-06, 3.48881e-05, 0.000259795, 0.00146786, 0.00627517, 0.020234, 0.0490347, 0.0889526, 0.120256, 0.120557, 0.0891258
1.12, 1.12478e-05, 5.10751e-05, 0.000382602, 0.00213442, 0.0087974, 0.0268087, 0.0604293, 0.100775, 0.124324, 0.113417, 0.0764611, 0.0380554, 0.0139655, 0.00377295, 0.000748985, 0.000109013, 1.1604e-05, 9.00766e-07, 5.08167e-08, -2.73506e-09, -1.26925e-07, -1.90041e-06, -2.12235e-05, -0.000176493, -0.00109319, -0.005042, -0.0173062, -0.0441697, -0.0837294, -0.117716, -0.122528, -0.0942268, -0.0534078, -0.0222498, -0.00679162, -0.00151363, -0.000245334, -2.87934e-05, -2.43531e-06, -1.47742e-07, -6.30393e-09, -1.15883e-10, -9.8224e-11, -3.04117e-11, 5.14657e-11, -1.46474e-09, -3.1081e-08, -5.10431e-07, -6.34733e-06, -5.95554e-05, -0.000421152, -0.00224105, -0.00895638, -0.0268238, -0.0600489, -0.100189, -0.124173, -0.113899, -0.0769996, -0.0381879, -0.0138228, -0.00363097, -0.000687803, -9.33017e-05, -8.99398e-06, -6.10923e-07, -2.87005e-08, 8.74866e-09, 1.89837e-07, 2.51727e-06, 2.56224e-05, 0.000198393, 0.00116604, 0.0051879, 0.0174184, 0.0439783, 0.0831707, 0.117299, 0.122766, 0.0948308
1.12667, 1.59313e-05, 6.94932e-05, 0.000498139, 0.00266152, 0.0105073, 0.0306701, 0.0662213, 0.105781, 0.124994, 0.10921, 0.0705054, 0.0335997, 0.0118042, 0.00305235, 0.000579821, 8.07327e-05, 8.21844e-06, 6.09899e-07, 3.28557e-08, -7.42265e-09, -1.8897e-07, -2.72905e-06, -2.92302e-05, -0.000233106, -0.00138454, -0.00612275, -0.0201472, -0.0492869, -0.0895336, -0.120597, -0.120229, -0.088528, -0.0480274, -0.0191432, -0.00558824, -0.00119049, -0.000184347, -2.06584e-05, -1.66721e-06, -9.6257e-08, -3.96071e-09, -2.29066e-10, 3.32819e-11, 8.40754e-11, -1.1225e-10, -9.19e-10, -2.02606e-08, -3.48519e-07, -4.50838e-06, -4.40284e-05, -0.000324154, -0.00179636, -0.00747914, -0.0233443, -0.0544861, -0.0948245, -0.122651, -0.117476, -0.0829803, -0.0430288, -0.0162966, -0.00448274, -0.000889994, -0.000126658, -1.28226e-05, -9.15664e-07, -4.56378e-08, 4.4573e-09, 1.28447e-07, 1.76856e-06, 1.87146e-05, 0.000150661, 0.000921066, 0.00426456, 0.0149079, 0.0392115, 0.0773005, 0.11372, 0.124243, 0.100265
1.13333, 2.24264e-05, 9.3979e-05, 0.000644592, 0.00329847, 0.0124726, 0.0348728, 0.0721236, 0.110354, 0.124895, 0.104511, 0.0646121, 0.029482, 0.00991542, 0.00245397, 0.00044605, 5.94118e-05, 5.78377e-06, 4.10323e-07, 2.10555e-08, -1.4081e-08, -2.81462e-07, -3.89691e-06, -4.00177e-05, -0.00030605, -0.00174309, -0.00739063, -0.0233135, -0.0546642, -0.0951574, -0.122792, -0.117245, -0.0826569, -0.0429183, -0.0163662, -0.00456874, -0.000930296, -0.000137618, -1.47237e-05, -1.13367e-06, -6.25721e-08, -2.53482e-09, 2.53178e-11, 3.56252e-11, -1.03687e-10, 1.27888e-11, -4.92576e-10, -1.33616e-08, -2.36505e-07, -3.18405e-06, -3.23647e-05, -0.000248066, -0.00143159, -0.00620908, -0.0201961, -0.0491435, -0.0892056, -0.120407, -0.120415, -0.0888631, -0.0481739, -0.0190885, -0.00549779, -0.00114388, -0.000170762, -1.81531e-05, -1.3629e-06, -7.15055e-08, 1.02694e-09, 8.61846e-08, 1.23612e-06, 1.35943e-05, 0.000113778, 0.000723471, 0.00348559, 0.0126855, 0.0347566, 0.0714168, 0.109582, 0.124962, 0.105344
1.14, 3.13755e-05, 0.000126321, 0.000828991, 0.00406281, 0.0147149, 0.0394085, 0.0780705, 0.114417, 0.124029, 0.0993976, 0.0588456, 0.0257086, 0.00827705, 0.00196057, 0.000340989, 4.34459e-05, 4.04455e-06, 2.74293e-07, 1.32826e-08, -2.36405e-08, -4.17729e-07, -5.53084e-06, -5.44615e-05, -0.000399429, -0.00218138, -0.00886757, -0.0268149, -0.060261, -0.100518, -0.12426, -0.113629, -0.0766949, -0.0381121, -0.0139035, -0.00371137, -0.000722281, -0.000102064, -1.04249e-05, -7.66001e-07, -4.02568e-08, -1.38732e-09, -7.02509e-11, -9.20911e-11, 7.78487e-11, 2.04007e-11, -4.4526e-10, -8.56486e-09, -1.59593e-07, -2.23626e-06, -2.36556e-05, -0.000188751, -0.00113429, -0.00512462, -0.0173696, -0.0440606, -0.0834136, -0.117483, -0.122664, -0.0945659, -0.0535905, -0.022214, -0.00669827, -0.00146034, -0.00022865, -2.55204e-05, -2.01382e-06, -1.11329e-07, -2.12283e-09, 5.73022e-08, 8.5952e-07, 9.82102e-06, 8.54483e-05, 0.00056508, 0.00283272, 0.0107323, 0.0306276, 0.0655889, 0.104957, 0.124913, 0.109986
1.14667, 4.36262e-05, 0.000168765, 0.00105961, 0.0049736, 0.017254, 0.0442612, 0.0839895, 0.117903, 0.122412, 0.0939519, 0.0532626, 0.0222792, 0.0068664, 0.00155659, 0.000259037, 3.15702e-05, 2.81038e-06, 1.82189e-07, 8.04301e-09, -3.72413e-08, -6.15653e-07, -7.80183e-06, -7.36803e-05, -0.000518197, -0.00271357, -0.0105758, -0.0306562, -0.0660281, -0.105534, -0.124974, -0.109444, -0.0707197, -0.0336316, -0.0117366, -0.00299561, -0.000557154, -7.52009e-05, -7.33254e-06, -5.13813e-07, -2.56588e-08, -1.00946e-09, -6.73554e-11, 1.04441e-10, -2.18805e-11, -8.60223e-11, -1.37114e-10, -5.5546e-09, -1.07218e-07, -1.56154e-06, -1.71921e-05, -0.000142798, -0.000893552, -0.00420494, -0.0148507, -0.0392686, -0.0775283, -0.113931, -0.124184, -0.100004, -0.0592371, -0.0256842, -0.00810728, -0.00185187, -0.000304074, -3.56279e-05, -2.95474e-06, -1.71883e-07, -5.66052e-09, 3.74983e-08, 5.94888e-07, 7.05595e-06, 6.38171e-05, 0.000438894, 0.00228909, 0.00902759, 0.0268317, 0.0598797, 0.0999209, 0.124097, 0.114116
1.15333, 6.02877e-05, 0.000224106, 0.00134608, 0.00605127, 0.0201073, 0.0494069, 0.0898031, 0.120748, 0.120072, 0.0882571, 0.0479113, 0.0191875, 0.00566071, 0.00122813, 0.000195546, 2.27958e-05, 1.94041e-06, 1.20239e-07, 4.23372e-09, -5.65761e-08, -9.00258e-07, -1.094e-05, -9.90902e-05, -0.000668276, -0.00335541, -0.0125374, -0.0348363, -0.0719082, -0.110123, -0.12492, -0.104761, -0.0648034, -0.0294912, -0.00984448, -0.00240241, -0.000426998, -5.50457e-05, -5.12305e-06, -3.42502e-07, -1.64771e-08, -5.28613e-10, 8.39991e-11, -7.37744e-11, -4.19114e-11, 9.22305e-11, -1.73645e-10, -3.61819e-09, -7.14241e-08, -1.08444e-06, -1.24239e-05, -0.000107416, -0.000699852, -0.00343025, -0.0126226, -0.0347899, -0.0716254, -0.109814, -0.124947, -0.105095, -0.0650633, -0.0295051, -0.00974835, -0.0023327, -0.000401629, -4.93937e-05, -4.3044e-06, -2.63421e-07, -1.05409e-08, 2.4211e-08, 4.09632e-07, 5.04143e-06, 4.73985e-05, 0.000338983, 0.00183932, 0.00755011, 0.0233695, 0.0543442, 0.0945549, 0.122532, 0.117662
1.16, 8.28006e-05, 0.000295793, 0.00169952, 0.00731733, 0.0232888, 0.0548128, 0.0954301, 0.122902, 0.117053, 0.0823963, 0.0428311, 0.0164223, 0.00463767, 0.000962917, 0.000146689, 1.63562e-05, 1.33124e-06, 7.88443e-08, 9.56747e-10, -8.44835e-08, -1.30751e-06, -1.5251e-05, -0.00013247, -0.000856686, -0.00412425, -0.0147736, -0.0393473, -0.0778363, -0.11421, -0.124098, -0.0996573, -0.0590114, -0.0256977, -0.00820499, -0.00191431, -0.000325127, -4.00286e-05, -3.55595e-06, -2.26842e-07, -1.02284e-08, -2.82233e-10, -1.13567e-10, 1.23901e-11, 8.70162e-11, -7.82892e-11, -9.81238e-11, -2.19242e-09, -4.75273e-08, -7.48806e-07, -8.92731e-06, -8.03401e-05, -0.000544989, -0.00278204, -0.0106658, -0.0306393, -0.0657752, -0.105204, -0.124942, -0.109755, -0.0710102, -0.0336764, -0.011645, -0.00291883, -0.000526883, -6.80044e-05, -6.22629e-06, -4.0089e-07, -1.75278e-08, 1.50688e-08, 2.80739e-07, 3.58206e-06, 3.50101e-05, 0.000260356, 0.00146958, 0.00627829, 0.0202358, 0.0490296, 0.0889406, 0.120249, 0.120564
1.16667, 0.000113022, 0.000388055, 0.00213263, 0.00879406, 0.0268084, 0.0604374, 0.100788, 0.124327, 0.113407, 0.0764501, 0.0380527, 0.0139684, 0.00377586, 0.000750254, 0.000109347, 1.16615e-05, 9.07509e-07, 5.13641e-08, -2.61127e-09, -1.25665e-07, -1.88843e-06, -2.11358e-05, -0.000176042, -0.00109166, -0.00503891, -0.0173038, -0.0441738, -0.0837411, -0.117724, -0.122523, -0.0942142, -0.0534012, -0.0222511, -0.00679504, -0.00151559, -0.000245955, -2.89177e-05, -2.45167e-06, -1.48985e-07, -6.49101e-09, -3.01612e-10, 6.44107e-11, 5.1848e-11, -9.72319e-11, 2.71085e-11, 1.29441e-11, -1.52801e-09, -3.12981e-08, -5.14112e-07, -6.37874e-06, -5.97469e-05, -0.000421958, -0.00224324, -0.00895964, -0.0268242, -0.0600412, -0.100177, -0.12417, -0.113909, -0.0770109, -0.0381908, -0.0138198, -0.00362797, -0.000686523, -9.29811e-05, -8.94288e-06, -6.05485e-07, -2.84179e-08, 8.954e-09, 1.91265e-07, 2.53112e-06, 2.57178e-05, 0.000198855, 0.00116755, 0.0051909, 0.0174207, 0.0439744, 0.0831592, 0.11729, 0.122771
1.17333, 0.000153326, 0.000506024, 0.00265971, 0.010504, 0.0306708, 0.0662305, 0.105793, 0.124995, 0.109199, 0.0704953, 0.0335982, 0.0118074, 0.00305503, 0.0005809, 8.09989e-05, 8.26183e-06, 6.14717e-07, 3.32301e-08, -7.29325e-09, -1.87272e-07, -2.71306e-06, -2.91166e-05, -0.000232554, -0.00138279, -0.00611953, -0.0201454, -0.0492923, -0.0895458, -0.120604, -0.120222, -0.0885156, -0.048022, -0.0191452, -0.00559156, -0.0011922, -0.000184853, -2.07534e-05, -1.67903e-06, -9.74862e-08, -4.08372e-09, -1.11407e-11, -5.82791e-12, -9.3669e-11, 6.99258e-11, 2.73629e-11, -1.18341e-10, -8.5274e-10, -2.05396e-08, -3.51144e-07, -4.53183e-06, -4.41798e-05, -0.000324827, -0.00179832, -0.00748239, -0.0233454, -0.0544796, -0.0948123, -0.122646, -0.117485, -0.0829923, -0.043033, -0.016294, -0.00447952, -0.000888495, -0.000126256, -1.27543e-05, -9.0819e-07, -4.49958e-08, 4.52625e-09, 1.29454e-07, 1.7789e-06, 1.87885e-05, 0.000151038, 0.000922373, 0.00426738, 0.0149106, 0.0392089, 0.0772897, 0.11371, 0.124246
1.18, 0.000206725, 0.000655881, 0.00329674, 0.0124696, 0.0348746, 0.0721339, 0.110364, 0.124894, 0.104499, 0.0646031, 0.0294816, 0.00991878, 0.00245641, 0.000446958, 5.96224e-05, 5.81621e-06, 4.1374e-07, 2.13138e-08, -1.39389e-08, -2.79239e-07, -3.8754e-06, -3.98715e-05, -0.000305381, -0.0017411, -0.00738732, -0.0233124, -0.0546709, -0.0951698, -0.122797, -0.117236, -0.082645, -0.0429143, -0.0163688, -0.0045719, -0.000931783, -0.000138027, -1.47964e-05, -1.14249e-06, -6.31651e-08, -2.38159e-09, -1.33216e-10, -6.28111e-11, 9.71544e-11, -1.72229e-11, -7.35347e-11, 6.33238e-11, -5.85524e-10, -1.34788e-08, -2.38293e-07, -3.2017e-06, -3.24832e-05, -0.000248623, -0.00143332, -0.00621224, -0.0201979, -0.0491382, -0.0891935, -0.1204, -0.120422, -0.0888756, -0.0481794, -0.0190865, -0.0054944, -0.00114215, -0.000170262, -1.80629e-05, -1.35218e-06, -7.07314e-08, 1.13061e-09, 8.69426e-08, 1.24362e-06, 1.36513e-05, 0.000114084, 0.000724595, 0.00348821, 0.0126885, 0.034755, 0.0714069, 0.109571, 0.124963
1.18667, 0.000277009, 0.000845006, 0.00406132, 0.0147122, 0.0394115, 0.0780817, 0.114427, 0.124026, 0.0993852, 0.0588378, 0.0257091, 0.00828045, 0.00196276, 0.000341745, 4.36111e-05, 4.06863e-06, 2.76699e-07, 1.34671e-08, -2.34541e-08, -4.14702e-07, -5.50171e-06, -5.42757e-05, -0.000398626, -0.00217915, -0.00886426, -0.0268146, -0.0602689, -0.100531, -0.124263, -0.113619, -0.0766837, -0.0381094, -0.0139065, -0.00371433, -0.000723554, -0.000102392, -1.04799e-05, -7.71912e-07, -4.06528e-08, -1.63577e-09, -4.60458e-11, 9.85182e-11, -6.29176e-11, -4.03599e-11, 9.08732e-11, -5.96642e-11, -3.90382e-10, -8.63046e-09, -1.61005e-07, -2.24918e-06, -2.37478e-05, -0.000189209, -0.00113581, -0.00512765, -0.0173719, -0.0440567, -0.083402, -0.117474, -0.122669, -0.0945784, -0.0535973, -0.0222127, -0.00669478, -0.00145835, -0.000228035, -2.5402e-05, -1.99911e-06, -1.10086e-07, -1.9874e-09, 5.77312e-08, 8.65153e-07, 9.86448e-06, 8.56939e-05, 0.000566036, 0.00283512, 0.0107354, 0.0306271, 0.0655802, 0.104945, 0.124911
1.19333, 0.00036891, 0.00108213, 0.00497259, 0.0172518, 0.0442655, 0.0840014, 0.117911, 0.122407, 0.0939394, 0.0532561, 0.0222805, 0.00686977, 0.00155853, 0.000259662, 3.16987e-05, 2.82811e-06, 1.8387e-07, 8.18553e-09, -3.69373e-08, -6.11302e-07, -7.76275e-06, -7.34461e-05, -0.000517239, -0.0027111, -0.0105726, -0.0306569, -0.0660372, -0.105546, -0.124975, -0.109433, -0.0707094, -0.03363, -0.0117398, -0.00299833, -0.000558235, -7.54616e-05, -7.3734e-06, -5.18262e-07, -2.61716e-08, -8.72968e-10, 4.68296e-11, -9.6526e-11, 5.64969e-12, 8.16582e-11, -7.7432e-11, -6.17182e-12, -1.52124e-10, -5.69765e-09, -1.08041e-07, -1.57113e-06, -1.72634e-05, -0.00014317, -0.000894865, -0.0042078, -0.0148535, -0.0392658, -0.0775174, -0.113921, -0.124187, -0.100017, -0.0592453, -0.0256837, -0.00810375, -0.00184962, -0.000303324, -3.54742e-05, -2.9343e-06, -1.70081e-07, -5.59232e-09, 3.79351e-08, 5.9883e-07, 7.08906e-06, 6.40131e-05, 0.000439702, 0.00229126, 0.0090308, 0.0268321, 0.0598721, 0.0999088, 0.124093
1.2, 0.000488281, 0.00137749, 0.00605105, 0.0201056, 0.0494125, 0.0898154, 0.120755, 0.120065, 0.0882449, 0.0479061, 0.0191895, 0.00566398, 0.00122983, 0.000196057, 2.2895e-05, 1.95338e-06, 1.21405e-07, 4.35793e-09, -5.60446e-08, -8.93949e-07, -1.08885e-05, -9.87963e-05, -0.000667146, -0.00335272, -0.0125344, -0.034838, -0.0719184, -0.110134, -0.124919, -0.104749, -0.0647942, -0.0294907, -0.00984788, -0.00240487, -0.000427905, -5.52511e-05, -5.15384e-06, -3.45638e-07, -1.6458e-08, -5.5044e-10, -1.17629e-10, 5.48807e-11, 5.20454e-11, -9.27395e-11, 3.75954e-11, 4.25873e-11, -2.193e-10, -3.5597e-09, -7.21349e-08, -1.09146e-06, -1.24784e-05, -0.000107717, -0.000700978, -0.0034329, -0.0126256, -0.0347883, -0.0716154, -0.109803, -0.124948, -0.105106, -0.0650727, -0.0295056, -0.00974489, -0.00233019, -0.000400724, -4.91955e-05, -4.27647e-06, -2.60878e-07, -1.02842e-08, 2.4373e-08, 4.12598e-07, 5.06631e-06, 4.75538e-05, 0.000339658, 0.00184126, 0.00755331, 0.0233706, 0.0543379, 0.0945427, 0.122527
1.20667, 0.000642309, 0.00174299, 0.00731835, 0.0232879, 0.0548196, 0.0954426, 0.122907, 0.117044, 0.0823845, 0.0428272, 0.0164249, 0.00464078, 0.000964395, 0.000147104, 1.64321e-05, 1.34065e-06, 7.96486e-08, 1.07792e-09, -8.36162e-08, -1.29868e-06, -1.51838e-05, -0.000132104, -0.000855365, -0.00412134, -0.0147708, -0.0393502, -0.0778474, -0.11422, -0.124095, -0.0996449, -0.0590034, -0.0256982, -0.00820844, -0.00191653, -0.000325881, -4.01893e-05, -3.57838e-06, -2.28772e-07, -1.05144e-08, -4.18152e-10, 8.63834e-11, 5.90636e-12, -8.89366e-11, 7.11033e-11, 1.32524e-11, -7.96992e-11, -1.3223e-11, -2.31333e-09, -4.79603e-08, -7.538e-07, -8.969e-06, -8.05811e-05, -0.000545946, -0.00278447, -0.010669, -0.0306387, -0.0657662, -0.105192, -0.124941, -0.109766, -0.0710206, -0.033678, -0.0116417, -0.00291606, -0.000525801, -6.77513e-05, -6.18842e-06, -3.97086e-07, -1.73635e-08, 1.53276e-08, 2.82758e-07, 3.60073e-06, 3.51324e-05, 0.000260917, 0.0014713, 0.00628142, 0.0202376, 0.0490245, 0.0889286, 0.120242
1.21333, 0.000839735, 0.0021923, 0.00879691, 0.0268086, 0.0604455, 0.1008, 0.124329, 0.113397, 0.076439, 0.03805, 0.0139714, 0.00377877, 0.000751523, 0.000109681, 1.17192e-05, 9.14282e-07, 5.19152e-08, -2.48702e-09, -1.24402e-07, -1.87654e-06, -2.10482e-05, -0.000175591, -0.00109014, -0.00503582, -0.0173015, -0.0441779, -0.0837529, -0.117733, -0.122517, -0.0942017, -0.0533945, -0.0222524, -0.00679846, -0.00151755, -0.000246576, -2.90418e-05, -2.46808e-06, -1.50698e-07, -6.58158e-09, -9.47143e-11, -5.11676e-11, -6.3135e-11, 9.26367e-11, -2.5718e-11, -5.84969e-11, 8.19604e-11, -8.92837e-11, -1.49424e-09, -3.15601e-08, -5.1788e-07, -6.41009e-06, -5.99387e-05, -0.000422763, -0.00224543, -0.0089629, -0.0268245, -0.0600334, -0.100164, -0.124166, -0.113918, -0.0770223, -0.0381936, -0.0138168, -0.00362496, -0.000685243, -9.26607e-05, -8.8918e-06, -6.0025e-07, -2.7959e-08, 9.03228e-09, 1.9274e-07, 2.54506e-06, 2.58132e-05, 0.000199316, 0.00116905, 0.00519389, 0.017423, 0.0439705, 0.0831477, 0.117281
1.22, 0.0010911, 0.00274101, 0.0105095, 0.0306721, 0.0662399, 0.105804, 0.124995, 0.109188, 0.0704851, 0.0335967, 0.0118106, 0.00305772, 0.000581978, 8.12654e-05, 8.30532e-06, 6.19558e-07, 3.3607e-08, -7.16591e-09, -1.85595e-07, -2.69719e-06, -2.90029e-05, -0.000232004, -0.00138104, -0.0061163, -0.0201436, -0.0492977, -0.089558, -0.120611, -0.120215, -0.0885033, -0.0480167, -0.0191472, -0.00559488, -0.00119392, -0.00018536, -2.0849e-05, -1.69121e-06, -9.83594e-08, -3.99936e-09, -2.11775e-10, -2.01559e-11, 9.48152e-11, -6.34071e-11, -2.70008e-11, 8.3574e-11, -6.44421e-11, -3.57556e-11, -8.60361e-10, -2.08427e-08, -3.53658e-07, -4.55548e-06, -4.43312e-05, -0.0003255, -0.00180028, -0.00748564, -0.0233465, -0.0544731, -0.0948, -0.122641, -0.117493, -0.0830044, -0.0430372, -0.0162915, -0.00447631, -0.000886997, -0.000125854, -1.26863e-05, -9.00566e-07, -4.45083e-08, 4.66548e-09, 1.30493e-07, 1.78917e-06, 1.88626e-05, 0.000151415, 0.000923681, 0.00427019, 0.0149133, 0.0392062, 0.0772789, 0.1137
1.22667, 0.001409, 0.00340672, 0.0124788, 0.0348773, 0.0721443, 0.110375, 0.124892, 0.104487, 0.064594, 0.0294811, 0.00992213, 0.00245885, 0.000447866, 5.98332e-05, 5.84875e-06, 4.17175e-07, 2.15739e-08, -1.38024e-08, -2.77057e-07, -3.85394e-06, -3.97256e-05, -0.000304713, -0.00173912, -0.00738401, -0.0233113, -0.0546776, -0.0951821, -0.122802, -0.117228, -0.0826331, -0.0429103, -0.0163713, -0.00457505, -0.00093327, -0.000138437, -1.48692e-05, -1.15087e-06, -6.38496e-08, -2.63893e-09, -3.28398e-11, 7.18931e-11, -9.09367e-11, 1.29865e-11, 6.9238e-11, -8.16918e-11, 2.50117e-11, 2.60655e-11, -6.55868e-10, -1.35095e-08, -2.40236e-07, -3.21933e-06, -3.26018e-05, -0.00024918, -0.00143505, -0.00621541, -0.0201997, -0.049133, -0.0891814, -0.120393, -0.120429, -0.0888881, -0.0481849, -0.0190845, -0.00549102, -0.00114041, -0.000169763, -1.79728e-05, -1.34168e-06, -6.98646e-08, 1.23029e-09, 8.76185e-08, 1.25129e-06, 1.37083e-05, 0.000114389, 0.000725718, 0.00349083, 0.0126915, 0.0347535, 0.0713971, 0.10956
1.23333, 0.00180835, 0.00420901, 0.0147267, 0.0394159, 0.078093, 0.114437, 0.124022, 0.0993728, 0.05883, 0.0257096, 0.00828386, 0.00196495, 0.000342502, 4.37765e-05, 4.09278e-06, 2.79118e-07, 1.36528e-08, -2.32752e-08, -4.11708e-07, -5.47255e-06, -5.40903e-05, -0.000397822, -0.00217693, -0.00886093, -0.0268143, -0.0602769, -0.100543, -0.124267, -0.113609, -0.0766725, -0.0381066, -0.0139094, -0.00371727, -0.000724828, -0.000102721, -1.05346e-05, -7.78219e-07, -4.12792e-08, -1.46464e-09, -1.23885e-11, -1.00186e-10, 5.43824e-11, 4.03592e-11, -8.77612e-11, 5.46045e-11, 1.88149e-11, -8.25287e-11, -2.93465e-10, -8.82819e-09, -1.62301e-07, -2.26215e-06, -2.38403e-05, -0.000189666, -0.00113732, -0.00513068, -0.0173742, -0.0440527, -0.0833904, -0.117466, -0.122674, -0.094591, -0.0536042, -0.0222113, -0.00669129, -0.00145636, -0.00022742, -2.52839e-05, -1.98433e-06, -1.08885e-07, -1.91384e-09, 5.82977e-08, 8.70642e-07, 9.90819e-06, 8.59396e-05, 0.000566992, 0.00283752, 0.0107386, 0.0306266, 0.0655714, 0.104933
1.24, 0.00230663, 0.00516954, 0.0172733, 0.0442718, 0.0840134, 0.117919, 0.122401, 0.093927, 0.0532496, 0.0222818, 0.00687314, 0.00156048, 0.000260287, 3.18274e-05, 2.84591e-06, 1.85562e-07, 8.32921e-09, -3.66372e-08, -6.06945e-07, -7.72372e-06, -7.3212e-05, -0.000516282, -0.00270863, -0.0105693, -0.0306575, -0.0660464, -0.105557, -0.124976, -0.109422, -0.0706992, -0.0336285, -0.011743, -0.00300105, -0.000559314, -7.57227e-05, -7.41485e-06, -5.22652e-07, -2.62612e-08, -9.7676e-10, -1.06732e-10, 8.72638e-11, 2.20096e-13, -7.85835e-11, 7.77832e-11, -1.17913e-11, -5.69682e-11, 7.05362e-11, -2.67855e-10, -5.70283e-09, -1.08932e-07, -1.58084e-06, -1.73346e-05, -0.000143543, -0.000896177, -0.00421065, -0.0148562, -0.0392631, -0.0775065, -0.113911, -0.12419, -0.100029, -0.0592535, -0.0256833, -0.00810023, -0.00184737, -0.000302575, -3.53205e-05, -2.91399e-06, -1.68324e-07, -5.4086e-09, 3.82121e-08, 6.0295e-07, 7.12212e-06, 6.42093e-05, 0.000440509, 0.00229343, 0.00903401, 0.0268325, 0.0598645, 0.0998966
1.24667, 0.00292413, 0.00631189, 0.0201369, 0.049421, 0.0898279, 0.120761, 0.120058, 0.0882326, 0.0479009, 0.0191915, 0.00566724, 0.00123154, 0.000196569, 2.29944e-05, 1.96639e-06, 1.2258e-07, 4.48355e-09, -5.55077e-08, -8.87614e-07, -1.08372e-05, -9.85025e-05, -0.000666017, -0.00335002, -0.0125313, -0.0348397, -0.0719286, -0.110145, -0.124918, -0.104737, -0.0647851, -0.0294903, -0.00985128, -0.00240734, -0.000428812, -5.54571e-05, -5.18434e-06, -3.48548e-07, -1.68618e-08, -6.14432e-10, 8.87402e-11, -4.45281e-11, -5.31079e-11, 8.98161e-11, -4.38008e-11, -3.32665e-11, 7.72399e-11, -6.62059e-11, -1.31562e-10, -3.60543e-09, -7.28692e-08, -1.09836e-06, -1.25332e-05, -0.000108018, -0.000702104, -0.00343555, -0.0126286, -0.0347866, -0.0716054, -0.109792, -0.124949, -0.105118, -0.0650821, -0.0295061, -0.00974142, -0.00232768, -0.000399818, -4.89976e-05, -4.24864e-06, -2.58255e-07, -1.01831e-08, 2.47049e-08, 4.15438e-07, 5.09133e-06, 4.77093e-05, 0.000340334, 0.00184321, 0.00755651, 0.0233718, 0.0543315, 0.0945305
1.25333, 0.00368417, 0.00766143, 0.0233321, 0.0548308, 0.0954553, 0.122912, 0.117036, 0.0823727, 0.0428233, 0.0164274, 0.00464389, 0.000965873, 0.00014752, 1.65082e-05, 1.35009e-06, 8.04581e-08, 1.20061e-09, -8.27372e-08, -1.28988e-06, -1.51168e-05, -0.000131739, -0.000854045, -0.00411844, -0.014768, -0.0393531, -0.0778585, -0.11423, -0.124092, -0.0996325, -0.0589954, -0.0256987, -0.00821189, -0.00191874, -0.000326636, -4.03498e-05, -3.60097e-06, -2.31155e-07, -1.05793e-08, -2.54598e-10, -9.10881e-11, -1.3779e-11, 8.63171e-11, -7.17401e-11, -2.58789e-12, 6.72578e-11, -7.57725e-11, 2.87203e-11, -5.59026e-11, -2.39906e-09, -4.82945e-08, -7.58992e-07, -9.01064e-06, -8.08223e-05, -0.000546903, -0.00278689, -0.0106722, -0.0306381, -0.0657573, -0.105181, -0.124939, -0.109777, -0.0710311, -0.0336797, -0.0116384, -0.00291329, -0.000524719, -6.74984e-05, -6.15058e-06, -3.93445e-07, -1.70311e-08, 1.54353e-08, 2.84882e-07, 3.61944e-06, 3.52547e-05, 0.000261478, 0.00147302, 0.00628454, 0.0202394, 0.0490194, 0.0889166
1.26, 0.00461325, 0.00924515, 0.02687, 0.0604598, 0.100813, 0.124332, 0.113387, 0.0764279, 0.0380474, 0.0139743, 0.00378167, 0.000752792, 0.000110016, 1.17771e-05, 9.21084e-07, 5.24701e-08, -2.36221e-09, -1.23138e-07, -1.86476e-06, -2.09607e-05, -0.00017514, -0.00108861, -0.00503273, -0.0172991, -0.044182, -0.0837647, -0.117742, -0.122512, -0.0941892, -0.0533878, -0.0222538, -0.00680188, -0.00151951, -0.000247197, -2.91665e-05, -2.4848e-06, -1.51997e-07, -6.60066e-09, -3.11268e-10, 2.88056e-11, 6.49221e-11, -8.97424e-11, 3.15163e-11, 4.67882e-11, -8.09725e-11, 5.3473e-11, 5.82028e-12, -1.0965e-10, -1.41232e-09, -3.19838e-08, -5.21499e-07, -6.44158e-06, -6.01308e-05, -0.000423569, -0.00224763, -0.00896615, -0.0268249, -0.0600257, -0.100152, -0.124163, -0.113928, -0.0770337, -0.0381965, -0.0138138, -0.00362195, -0.000683962, -9.23406e-05, -8.84098e-06, -5.94875e-07, -2.76665e-08, 9.22799e-09, 1.94179e-07, 2.55902e-06, 2.59089e-05, 0.000199778, 0.00117056, 0.00519688, 0.0174254, 0.0439667, 0.0831362
1.26667, 0.00574115, 0.0110912, 0.0307564, 0.0662579, 0.105817, 0.124996, 0.109176, 0.070475, 0.0335953, 0.0118138, 0.0030604, 0.000583057, 8.15321e-05, 8.34893e-06, 6.24421e-07, 3.39866e-08, -7.04089e-09, -1.83943e-07, -2.68143e-06, -2.88893e-05, -0.000231453, -0.00137929, -0.00611307, -0.0201418, -0.0493031, -0.0895702, -0.120618, -0.120208, -0.0884909, -0.0480114, -0.0191492, -0.00559819, -0.00119564, -0.000185867, -2.09447e-05, -1.70299e-06, -9.94462e-08, -4.24418e-09, -4.52935e-11, 2.44662e-11, -9.23582e-11, 6.37214e-11, 1.72488e-11, -7.58366e-11, 7.15255e-11, -1.76445e-11, -4.33205e-11, 3.92637e-11, -9.91827e-10, -2.09705e-08, -3.56291e-07, -4.57924e-06, -4.44827e-05, -0.000326173, -0.00180224, -0.00748888, -0.0233477, -0.0544666, -0.0947877, -0.122635, -0.117502, -0.0830164, -0.0430413, -0.0162889, -0.00447309, -0.000885497, -0.000125453, -1.26183e-05, -8.93148e-07, -4.38897e-08, 4.73685e-09, 1.31526e-07, 1.79956e-06, 1.89368e-05, 0.000151792, 0.000924987, 0.00427301, 0.014916, 0.0392035, 0.0772682
1.27333, 0.00710092, 0.0132288, 0.0349915, 0.072167, 0.110387, 0.124891, 0.104475, 0.064585, 0.0294807, 0.00992548, 0.00246128, 0.000448773, 6.00442e-05, 5.88138e-06, 4.20627e-07, 2.18358e-08, -1.36724e-08, -2.74921e-07, -3.83251e-06, -3.95799e-05, -0.000304045, -0.00173713, -0.0073807, -0.0233101, -0.0546843, -0.0951945, -0.122807, -0.117219, -0.0826212, -0.0429063, -0.0163739, -0.0045782, -0.000934756, -0.000138847, -1.49419e-05, -1.15972e-06, -6.46393e-08, -2.46078e-09, -9.41023e-11, -7.72613e-11, 8.75548e-11, -1.80904e-11, -5.92576e-11, 8.20473e-11, -4.26672e-11, -2.17935e-11, 6.56195e-11, -8.5961e-11, -5.57659e-10, -1.36883e-08, -2.42167e-07, -3.23688e-06, -3.27207e-05, -0.000249737, -0.00143678, -0.00621857, -0.0202015, -0.0491278, -0.0891693, -0.120386, -0.120436, -0.0889005, -0.0481904, -0.0190825, -0.00548763, -0.00113867, -0.000169264, -1.7883e-05, -1.33108e-06, -6.90951e-08, 1.34213e-09, 8.8363e-08, 1.25888e-06, 1.37656e-05, 0.000114695, 0.000726841, 0.00349344, 0.0126945, 0.0347519, 0.0713872
1.28, 0.00872881, 0.0156871, 0.0395691, 0.0781214, 0.114448, 0.124019, 0.0993605, 0.0588222, 0.0257102, 0.00828726, 0.00196714, 0.000343259, 4.39421e-05, 4.11701e-06, 2.8155e-07, 1.38398e-08, -2.31045e-08, -4.08742e-07, -5.44338e-06, -5.39053e-05, -0.000397018, -0.0021747, -0.00885761, -0.026814, -0.0602849, -0.100555, -0.12427, -0.113599, -0.0766614, -0.0381039, -0.0139124, -0.00372022, -0.000726101, -0.000103049, -1.059e-05, -7.84361e-07, -4.15544e-08, -1.64851e-09, -8.2481e-11, 9.57139e-11, -5.39632e-11, -3.17975e-11, 8.22735e-11, -6.4789e-11, 3.16815e-12, 5.4377e-11, -7.29864e-11, 3.57393e-11, -3.65742e-10, -8.94994e-09, -1.6353e-07, -2.27536e-06, -2.39327e-05, -0.000190123, -0.00113884, -0.00513371, -0.0173766, -0.0440488, -0.0833788, -0.117457, -0.122679, -0.0946036, -0.0536111, -0.02221, -0.00668779, -0.00145437, -0.000226806, -2.5166e-05, -1.96971e-06, -1.07656e-07, -1.7976e-09, 5.87602e-08, 8.76293e-07, 9.95185e-06, 8.61856e-05, 0.000567949, 0.00283992, 0.0107417, 0.0306261, 0.0655626
1.28667, 0.010664, 0.0184954, 0.0444756, 0.0840491, 0.11793, 0.122396, 0.0939145, 0.053243, 0.0222832, 0.00687651, 0.00156242, 0.000260913, 3.19563e-05, 2.86376e-06, 1.87263e-07, 8.47408e-09, -3.63403e-08, -6.02569e-07, -7.6848e-06, -7.29782e-05, -0.000515325, -0.00270617, -0.0105661, -0.0306581, -0.0660555, -0.105569, -0.124977, -0.109411, -0.0706889, -0.0336269, -0.0117463, -0.00300376, -0.000560394, -7.59842e-05, -7.45598e-06, -5.2694e-07, -2.67995e-08, -9.53682e-10, 6.08176e-11, -8.38607e-11, 3.86193e-12, 7.03121e-11, -8.05022e-11, 3.00434e-11, 3.59451e-11, -7.22486e-11, 6.14516e-11, -2.41845e-11, -2.6017e-10, -5.69226e-09, -1.09982e-07, -1.59037e-06, -1.74061e-05, -0.000143916, -0.000897489, -0.00421351, -0.0148589, -0.0392603, -0.0774956, -0.113901, -0.124192, -0.100042, -0.0592616, -0.0256828, -0.0080967, -0.00184512, -0.000301825, -3.51673e-05, -2.8937e-06, -1.66559e-07, -5.31743e-09, 3.86283e-08, 6.06937e-07, 7.15539e-06, 6.44056e-05, 0.000441316, 0.0022956, 0.00903722, 0.0268329, 0.0598569
1.29333, 0.0129481, 0.0216816, 0.0496901, 0.0898731, 0.120771, 0.120051, 0.0882204, 0.0478957, 0.0191935, 0.00567051, 0.00123324, 0.000197081, 2.30939e-05, 1.97945e-06, 1.23761e-07, 4.61068e-09, -5.49629e-08, -8.8125e-07, -1.07861e-05, -9.82088e-05, -0.000664888, -0.00334732, -0.0125282, -0.0348414, -0.0719388, -0.110156, -0.124917, -0.104725, -0.0647759, -0.0294898, -0.00985468, -0.00240981, -0.000429719, -5.56628e-05, -5.21511e-06, -3.51853e-07, -1.69265e-08, -5.31611e-10, -1.13112e-10, 4.2442e-11, 4.5841e-11, -8.63741e-11, 5.57007e-11, 1.18032e-11, -6.45084e-11, 7.1669e-11, -3.63797e-11, -1.96522e-11, -8.63964e-11, -3.76011e-09, -7.34088e-08, -1.10546e-06, -1.25881e-05, -0.000108319, -0.00070323, -0.0034382, -0.0126316, -0.034785, -0.0715955, -0.109781, -0.12495, -0.10513, -0.0650915, -0.0295067, -0.00973795, -0.00232517, -0.000398913, -4.87999e-05, -4.2209e-06, -2.55721e-07, -9.95558e-09, 2.48886e-08, 4.18428e-07, 5.11632e-06, 4.7865e-05, 0.00034101, 0.00184515, 0.00755971, 0.0233729, 0.0543251
1.3, 0.015625, 0.0252722, 0.0551834, 0.0955129, 0.122921, 0.117027, 0.0823609, 0.0428194, 0.0164299, 0.00464699, 0.00096735, 0.000147935, 1.65845e-05, 1.35957e-06, 8.1273e-08, 1.32501e-09, -8.18444e-08, -1.28112e-06, -1.505e-05, -0.000131374, -0.000852723, -0.00411552, -0.0147652, -0.0393559, -0.0778696, -0.11424, -0.124089, -0.0996202, -0.0589875, -0.0256992, -0.00821534, -0.00192095, -0.00032739, -4.05109e-05, -3.62377e-06, -2.33095e-07, -1.07381e-08, -4.45754e-10, 6.92552e-11, 1.06576e-11, -7.96528e-11, 7.63615e-11, -1.60355e-11, -4.91764e-11, 7.57558e-11, -5.37246e-11, 3.29982e-12, 4.15932e-11, -1.51605e-10, -2.30846e-09, -4.88281e-08, -7.64102e-07, -9.05234e-06, -8.10639e-05, -0.00054786, -0.00278931, -0.0106754, -0.0306376, -0.0657484, -0.105169, -0.124938, -0.109788, -0.0710416, -0.0336813, -0.0116351, -0.00291052, -0.000523636, -6.72459e-05, -6.11292e-06, -3.89709e-07, -1.68488e-08, 1.56895e-08, 2.86904e-07, 3.63827e-06, 3.53773e-05, 0.000262039, 0.00147474, 0.00628766, 0.0202412, 0.0490143
1.30667, 0.0187394, 0.0292907, 0.0609186, 0.100886, 0.124341, 0.113377, 0.0764169, 0.0380448, 0.0139772, 0.00378458, 0.00075406, 0.00011035, 1.1835e-05, 9.27915e-07, 5.30289e-08, -2.23675e-09, -1.21874e-07, -1.8531e-06, -2.08732e-05, -0.00017469, -0.00108708, -0.00502963, -0.0172967, -0.0441862, -0.0837765, -0.11775, -0.122507, -0.0941767, -0.0533812, -0.0222551, -0.0068053, -0.00152147, -0.000247818, -2.92911e-05, -2.50119e-06, -1.53633e-07, -6.80872e-09, -1.111e-10, -3.48542e-11, -5.9109e-11, 8.80086e-11, -4.4533e-11, -2.67794e-11, 7.24803e-11, -6.77549e-11, 2.35627e-11, 2.92883e-11, -6.3421e-11, 8.56109e-12, -1.53381e-09, -3.22614e-08, -5.25144e-07, -6.47327e-06, -6.03228e-05, -0.000424375, -0.00224982, -0.0089694, -0.0268252, -0.0600179, -0.10014, -0.12416, -0.113938, -0.0770451, -0.0381994, -0.0138108, -0.00361894, -0.000682682, -9.20208e-05, -8.7902e-06, -5.8967e-07, -2.72263e-08, 9.29895e-09, 1.95701e-07, 2.573e-06, 2.60047e-05, 0.00020024, 0.00117207, 0.00519986, 0.0174277, 0.0439628
1.31333, 0.0223366, 0.0337573, 0.0668512, 0.105912, 0.125006, 0.109166, 0.0704649, 0.0335938, 0.011817, 0.00306308, 0.000584135, 8.1799e-05, 8.39265e-06, 6.29307e-07, 3.43688e-08, -6.91851e-09, -1.82323e-07, -2.66577e-06, -2.87758e-05, -0.000230902, -0.00137754, -0.00610983, -0.02014, -0.0493085, -0.0895824, -0.120625, -0.120201, -0.0884786, -0.048006, -0.0191512, -0.0056015, -0.00119735, -0.000186374, -2.10404e-05, -1.71527e-06, -1.00481e-07, -4.10529e-09, -1.94866e-10, -2.81647e-11, 8.69869e-11, -6.97404e-11, 1.0845e-12, 6.09885e-11, -7.6441e-11, 4.34486e-11, 1.11311e-11, -5.44513e-11, 6.54257e-11, -7.78534e-11, -9.41892e-10, -2.11647e-08, -3.59025e-07, -4.60286e-06, -4.46346e-05, -0.000326846, -0.0018042, -0.00749212, -0.0233488, -0.0544601, -0.0947754, -0.12263, -0.11751, -0.0830285, -0.0430455, -0.0162863, -0.00446986, -0.000883998, -0.000125052, -1.25506e-05, -8.85612e-07, -4.34122e-08, 4.90085e-09, 1.32533e-07, 1.80995e-06, 1.90112e-05, 0.00015217, 0.000926294, 0.00427583, 0.0149187, 0.0392009
1.32, 0.0264608, 0.0386877, 0.0729292, 0.11051, 0.124902, 0.104464, 0.0645761, 0.0294803, 0.00992883, 0.00246372, 0.000449681, 6.02555e-05, 5.9141e-06, 4.24096e-07, 2.20994e-08, -1.35496e-08, -2.72835e-07, -3.81105e-06, -3.94347e-05, -0.000303377, -0.00173514, -0.00737738, -0.023309, -0.054691, -0.0952069, -0.122812, -0.11721, -0.0826093, -0.0429023, -0.0163764, -0.00458135, -0.000936241, -0.000139258, -1.50152e-05, -1.16829e-06, -6.52072e-08, -2.70379e-09, -5.70125e-11, 6.95802e-11, -8.71577e-11, 3.16126e-11, 4.12458e-11, -7.79727e-11, 6.10565e-11, -9.52076e-12, -4.218e-11, 6.68798e-11, -5.70523e-11, 1.75618e-12, -5.76011e-10, -1.39024e-08, -2.4394e-07, -3.25469e-06, -3.28397e-05, -0.000250294, -0.00143852, -0.00622174, -0.0202033, -0.0491226, -0.0891572, -0.120379, -0.120443, -0.088913, -0.0481959, -0.0190804, -0.00548424, -0.00113694, -0.000168765, -1.77932e-05, -1.32066e-06, -6.82235e-08, 1.4028e-09, 8.90998e-08, 1.26655e-06, 1.38228e-05, 0.000115001, 0.000727964, 0.00349606, 0.0126974, 0.0347504
1.32667, 0.0311539, 0.0440921, 0.0790945, 0.114608, 0.124033, 0.0993496, 0.0588145, 0.0257107, 0.00829066, 0.00196933, 0.000344016, 4.41079e-05, 4.14131e-06, 2.83995e-07, 1.40281e-08, -2.29426e-08, -4.05795e-07, -5.41418e-06, -5.37206e-05, -0.000396215, -0.00217247, -0.00885428, -0.0268137, -0.0602928, -0.100567, -0.124273, -0.113589, -0.0766502, -0.0381012, -0.0139154, -0.00372317, -0.000727375, -0.000103379, -1.0645e-05, -7.9056e-07, -4.22436e-08, -1.54235e-09, -3.23144e-12, -9.30834e-11, 6.08069e-11, 1.43308e-11, -7.09494e-11, 7.42183e-11, -3.11407e-11, -2.55455e-11, 6.2795e-11, -6.4669e-11, 3.53691e-11, -5.09373e-12, -4.14877e-10, -8.94549e-09, -1.64977e-07, -2.28841e-06, -2.40253e-05, -0.000190581, -0.00114035, -0.00513674, -0.0173789, -0.0440448, -0.0833672, -0.117448, -0.122684, -0.0946162, -0.053618, -0.0222087, -0.00668429, -0.00145239, -0.000226191, -2.50483e-05, -1.95504e-06, -1.06505e-07, -1.67591e-09, 5.92798e-08, 8.81867e-07, 9.99572e-06, 8.64317e-05, 0.000568905, 0.00284231, 0.0107448, 0.0306255
1.33333, 0.036454, 0.0499747, 0.0852839, 0.118137, 0.122414, 0.0939042, 0.0532367, 0.0222845, 0.00687987, 0.00156436, 0.000261538, 3.20854e-05, 2.88168e-06, 1.88974e-07, 8.62016e-09, -3.60456e-08, -5.98159e-07, -7.64603e-06, -7.27443e-05, -0.000514369, -0.0027037, -0.0105628, -0.0306588, -0.0660647, -0.105581, -0.124978, -0.1094, -0.0706787, -0.0336254, -0.0117495, -0.00300648, -0.000561474, -7.62456e-05, -7.49752e-06, -5.31513e-07, -2.69198e-08, -9.82381e-10, -1.0682e-10, 8.33261e-11, -1.73333e-11, -5.47162e-11, 8.07398e-11, -5.17792e-11, -5.30671e-12, 5.36023e-11, -6.89912e-11, 4.89833e-11, -8.43374e-12, -3.92662e-11, -1.75689e-10, -5.87536e-09, -1.10826e-07, -1.60007e-06, -1.74778e-05, -0.000144288, -0.000898802, -0.00421636, -0.0148617, -0.0392576, -0.0774847, -0.113891, -0.124195, -0.100054, -0.0592698, -0.0256823, -0.00809317, -0.00184287, -0.000301076, -3.50141e-05, -2.87356e-06, -1.6478e-07, -5.18919e-09, 3.89584e-08, 6.11059e-07, 7.18861e-06, 6.46022e-05, 0.000442124, 0.00229777, 0.00904043, 0.0268333
1.34, 0.0423939, 0.0563324, 0.0914302, 0.121041, 0.120077, 0.0882111, 0.0478907, 0.0191955, 0.00567377, 0.00123494, 0.000197594, 2.31936e-05, 1.99256e-06, 1.2495e-07, 4.73946e-09, -5.44074e-08, -8.74859e-07, -1.07353e-05, -9.79151e-05, -0.000663758, -0.00334462, -0.0125252, -0.0348432, -0.071949, -0.110167, -0.124916, -0.104713, -0.0647667, -0.0294893, -0.00985807, -0.00241227, -0.000430625, -5.58692e-05, -5.24598e-06, -3.54741e-07, -1.72546e-08, -6.48518e-10, 8.06863e-11, -5.01011e-11, -2.97338e-11, 7.8682e-11, -6.91192e-11, 1.72336e-11, 3.92982e-11, -6.86869e-11, 6.01862e-11, -2.37893e-11, -1.99285e-11, 4.69045e-11, -2.02359e-10, -3.69649e-09, -7.4122e-08, -1.11254e-06, -1.26429e-05, -0.00010862, -0.000704355, -0.00344084, -0.0126346, -0.0347834, -0.0715855, -0.10977, -0.12495, -0.105142, -0.0651009, -0.0295072, -0.00973447, -0.00232265, -0.000398008, -4.86025e-05, -4.1932e-06, -2.53182e-07, -9.80576e-09, 2.51871e-08, 4.21303e-07, 5.14149e-06, 4.80208e-05, 0.000341686, 0.00184709, 0.0075629, 0.0233741
1.34667, 0.0489988, 0.0631545, 0.0974645, 0.123271, 0.117063, 0.0823535, 0.0428158, 0.0164325, 0.0046501, 0.000968827, 0.000148351, 1.66609e-05, 1.36909e-06, 8.20932e-08, 1.45135e-09, -8.09356e-08, -1.27242e-06, -1.49833e-05, -0.000131009, -0.000851402, -0.00411261, -0.0147624, -0.0393588, -0.0778807, -0.11425, -0.124085, -0.0996078, -0.0589796, -0.0256997, -0.00821879, -0.00192316, -0.000328144, -4.0672e-05, -3.64635e-06, -2.35466e-07, -1.08941e-08, -2.67823e-10, -8.64047e-11, 1.95434e-12, 6.67292e-11, -8.06412e-11, 4.0218e-11, 2.03421e-11, -6.30814e-11, 6.81506e-11, -3.90357e-11, -5.35729e-12, 4.31741e-11, -6.23434e-11, -3.61842e-11, -2.41695e-09, -4.92712e-08, -7.69183e-07, -9.09429e-06, -8.13055e-05, -0.000548817, -0.00279174, -0.0106786, -0.030637, -0.0657395, -0.105157, -0.124937, -0.109799, -0.0710521, -0.033683, -0.0116317, -0.00290775, -0.000522554, -6.69936e-05, -6.07536e-06, -3.86056e-07, -1.65632e-08, 1.58188e-08, 2.89057e-07, 3.65704e-06, 3.55e-05, 0.0002626, 0.00147646, 0.00629078, 0.020243
1.35333, 0.0562848, 0.070422, 0.103317, 0.124794, 0.113429, 0.076412, 0.0380426, 0.0139802, 0.00378748, 0.000755329, 0.000110685, 1.18931e-05, 9.34776e-07, 5.35914e-08, -2.11053e-09, -1.20614e-07, -1.84157e-06, -2.07857e-05, -0.000174241, -0.00108555, -0.00502654, -0.0172944, -0.0441903, -0.0837883, -0.117759, -0.122502, -0.0941642, -0.0533746, -0.0222564, -0.00680871, -0.00152343, -0.00024844, -2.9416e-05, -2.51809e-06, -1.55047e-07, -6.77041e-09, -3.10504e-10, 3.23755e-11, 4.45585e-11, -8.38964e-11, 6.12715e-11, -2.23617e-12, -5.18204e-11, 7.17999e-11, -5.29496e-11, 1.0562e-11, 3.24848e-11, -5.77676e-11, 5.62118e-11, -8.97429e-11, -1.51708e-09, -3.25404e-08, -5.28939e-07, -6.50484e-06, -6.05153e-05, -0.000425181, -0.00225201, -0.00897265, -0.0268256, -0.0600102, -0.100128, -0.124156, -0.113948, -0.0770565, -0.0382023, -0.0138077, -0.00361593, -0.000681401, -9.17013e-05, -8.73959e-06, -5.84396e-07, -2.69127e-08, 9.49691e-09, 1.97123e-07, 2.5871e-06, 2.61006e-05, 0.000200703, 0.00117357, 0.00520285, 0.0174301
1.36, 0.0642571, 0.0781071, 0.108921, 0.125589, 0.109238, 0.0704635, 0.033593, 0.0118203, 0.00306575, 0.000585214, 8.20663e-05, 8.43647e-06, 6.34216e-07, 3.47536e-08, -6.79918e-09, -1.80744e-07, -2.65017e-06, -2.86625e-05, -0.000230352, -0.00137578, -0.0061066, -0.0201382, -0.049314, -0.0895947, -0.120632, -0.120194, -0.0884662, -0.0480007, -0.0191533, -0.00560481, -0.00119907, -0.000186882, -2.11366e-05, -1.7272e-06, -1.01479e-07, -4.36478e-09, -5.74865e-11, 1.09565e-11, -7.69305e-11, 7.76276e-11, -2.67644e-11, -3.50001e-11, 7.01768e-11, -6.4336e-11, 2.70925e-11, 1.90825e-11, -5.24735e-11, 6.11484e-11, -4.62251e-11, -1.83356e-11, -9.42453e-10, -2.14548e-08, -3.61577e-07, -4.62676e-06, -4.47866e-05, -0.000327519, -0.00180616, -0.00749536, -0.02335, -0.0544536, -0.0947631, -0.122625, -0.117519, -0.0830406, -0.0430497, -0.0162837, -0.00446664, -0.000882498, -0.000124651, -1.2483e-05, -8.78231e-07, -4.28103e-08, 4.94975e-09, 1.33628e-07, 1.82034e-06, 1.90857e-05, 0.000152548, 0.000927601, 0.00427865, 0.0149215
1.36667, 0.0729081, 0.086173, 0.114213, 0.125651, 0.104564, 0.0645792, 0.0294809, 0.00993223, 0.00246616, 0.000450589, 6.0467e-05, 5.94691e-06, 4.27583e-07, 2.23647e-08, -1.3435e-08, -2.70801e-07, -3.78953e-06, -3.92898e-05, -0.000302708, -0.00173315, -0.00737406, -0.0233079, -0.0546977, -0.0952193, -0.122818, -0.117202, -0.0825974, -0.0428983, -0.016379, -0.0045845, -0.000937727, -0.000139668, -1.50882e-05, -1.1771e-06, -6.60721e-08, -2.55063e-09, -9.8383e-11, -6.01025e-11, 8.63557e-11, -5.09121e-11, -1.33043e-11, 6.25748e-11, -7.19406e-11, 4.31945e-11, 3.47597e-12, -4.39745e-11, 6.19266e-11, -5.34979e-11, 2.52084e-11, -1.1073e-11, -6.41705e-10, -1.3948e-08, -2.4594e-07, -3.27238e-06, -3.29589e-05, -0.000250852, -0.00144025, -0.00622489, -0.0202051, -0.0491174, -0.0891452, -0.120372, -0.120449, -0.0889255, -0.0482015, -0.0190784, -0.00548085, -0.0011352, -0.000168267, -1.77038e-05, -1.31017e-06, -6.74801e-08, 1.55763e-09, 8.97882e-08, 1.27427e-06, 1.38802e-05, 0.000115307, 0.000729087, 0.00349868, 0.0127006
1.37333, 0.0822156, 0.0945743, 0.119135, 0.12499, 0.0994866, 0.0588237, 0.0257127, 0.00829414, 0.00197152, 0.000344774, 4.4274e-05, 4.16569e-06, 2.86454e-07, 1.42175e-08, -2.27903e-08, -4.02855e-07, -5.385e-06, -5.35361e-05, -0.000395412, -0.00217024, -0.00885095, -0.0268134, -0.0603008, -0.100579, -0.124276, -0.113579, -0.076639, -0.0380984, -0.0139183, -0.00372611, -0.000728648, -0.000103708, -1.07005e-05, -7.96876e-07, -4.25157e-08, -1.68862e-09, -7.36616e-11, 8.40056e-11, -7.17732e-11, 1.18747e-11, 4.86927e-11, -7.45444e-11, 5.76322e-11, -1.36318e-11, -3.23023e-11, 5.95533e-11, -5.96765e-11, 3.66618e-11, -2.6486e-12, -4.16155e-11, -3.2877e-10, -9.15467e-09, -1.66228e-07, -2.30162e-06, -2.41181e-05, -0.000191039, -0.00114187, -0.00513976, -0.0173812, -0.0440408, -0.0833556, -0.117439, -0.122689, -0.0946288, -0.0536248, -0.0222074, -0.00668079, -0.0014504, -0.000225577, -2.49308e-05, -1.94055e-06, -1.05257e-07, -1.6206e-09, 5.98222e-08, 8.87487e-07, 1.00396e-05, 8.66781e-05, 0.000569862, 0.00284473, 0.0107483
1.38, 0.0921418, 0.103257, 0.123638, 0.12363, 0.0940903, 0.0532538, 0.0222879, 0.00688337, 0.00156631, 0.000262164, 3.22147e-05, 2.89965e-06, 1.90695e-07, 8.7675e-09, -3.57518e-08, -5.937e-07, -7.60749e-06, -7.25105e-05, -0.000513412, -0.00270123, -0.0105596, -0.0306594, -0.0660738, -0.105593, -0.124979, -0.109389, -0.0706684, -0.0336239, -0.0117527, -0.00300919, -0.000562554, -7.65077e-05, -7.53901e-06, -5.35774e-07, -2.74301e-08, -9.87917e-10, 4.54279e-11, -8.64837e-11, 3.83529e-11, 2.88044e-11, -7.10939e-11, 6.90262e-11, -3.12811e-11, -1.77336e-11, 5.37593e-11, -6.33874e-11, 4.67695e-11, -1.41174e-11, -2.07384e-11, 3.81415e-11, -2.88554e-10, -5.84154e-09, -1.11829e-07, -1.60977e-06, -1.75494e-05, -0.000144661, -0.000900113, -0.00421921, -0.0148644, -0.0392548, -0.0774738, -0.113881, -0.124198, -0.100066, -0.059278, -0.0256819, -0.00808963, -0.00184062, -0.000300327, -3.48613e-05, -2.85338e-06, -1.63092e-07, -5.02865e-09, 3.93049e-08, 6.15141e-07, 7.22199e-06, 6.4799e-05, 0.000442933, 0.00229997, 0.00904407
1.38667, 0.102632, 0.112157, 0.127682, 0.121612, 0.0884612, 0.0479181, 0.0192005, 0.00567723, 0.00123665, 0.000198107, 2.32935e-05, 2.00571e-06, 1.26146e-07, 4.87006e-09, -5.38373e-08, -8.68451e-07, -1.06847e-05, -9.76218e-05, -0.000662628, -0.00334192, -0.0125221, -0.0348449, -0.0719592, -0.110178, -0.124915, -0.104702, -0.0647576, -0.0294889, -0.00986146, -0.00241474, -0.000431533, -5.60755e-05, -5.2768e-06, -3.58086e-07, -1.73722e-08, -5.59921e-10, -1.0525e-10, 6.29347e-11, 3.9276e-12, -6.08699e-11, 7.59353e-11, -4.82541e-11, -8.03975e-13, 4.44131e-11, -6.41004e-11, 5.54177e-11, -2.6085e-11, -1.00401e-11, 3.932e-11, -5.75757e-11, -9.58742e-11, -3.81707e-09, -7.476e-08, -1.1196e-06, -1.26981e-05, -0.000108922, -0.000705481, -0.00344349, -0.0126376, -0.0347818, -0.0715755, -0.109759, -0.124951, -0.105154, -0.0651103, -0.0295077, -0.009731, -0.00232014, -0.000397103, -4.84053e-05, -4.16569e-06, -2.50612e-07, -9.65652e-09, 2.54427e-08, 4.24268e-07, 5.16663e-06, 4.8177e-05, 0.000342364, 0.00184907, 0.00756673
1.39333, 0.113615, 0.121206, 0.131238, 0.118992, 0.0826859, 0.0428567, 0.0164393, 0.0046535, 0.000970319, 0.000148768, 1.67375e-05, 1.37864e-06, 8.29188e-08, 1.57991e-09, -8.00089e-08, -1.26383e-06, -1.49165e-05, -0.000130645, -0.00085008, -0.00410969, -0.0147597, -0.0393617, -0.0778918, -0.11426, -0.124082, -0.0995954, -0.0589716, -0.0257002, -0.00822224, -0.00192537, -0.000328899, -4.08334e-05, -3.66938e-06, -2.37476e-07, -1.10183e-08, -4.46902e-10, 7.42247e-11, -2.41591e-11, -4.36869e-11, 7.69821e-11, -6.31049e-11, 1.76607e-11, 3.15868e-11, -6.13655e-11, 6.19861e-11, -3.77537e-11, 1.633e-12, 3.17027e-11, -5.14571e-11, 5.05641e-11, -1.28139e-10, -2.40667e-09, -4.97101e-08, -7.74407e-07, -9.13615e-06, -8.15475e-05, -0.000549773, -0.00279416, -0.0106817, -0.0306364, -0.0657306, -0.105145, -0.124935, -0.10981, -0.0710626, -0.0336847, -0.0116284, -0.00290497, -0.000521472, -6.67416e-05, -6.03785e-06, -3.82436e-07, -1.63128e-08, 1.60192e-08, 2.91126e-07, 3.67598e-06, 3.5623e-05, 0.000263165, 0.00147824, 0.0062948
1.4, 0.125, 0.130327, 0.13429, 0.115835, 0.0768499, 0.038101, 0.0139892, 0.00379083, 0.000756621, 0.000111021, 1.19514e-05, 9.41666e-07, 5.41578e-08, -1.98341e-09, -1.19362e-07, -1.83019e-06, -2.06982e-05, -0.000173791, -0.00108402, -0.00502344, -0.017292, -0.0441944, -0.0838, -0.117767, -0.122497, -0.0941517, -0.0533679, -0.0222578, -0.00681213, -0.00152539, -0.000249062, -2.95412e-05, -2.53459e-06, -1.56639e-07, -6.99159e-09, -1.254e-10, -5.70541e-11, -2.01804e-11, 7.10235e-11, -7.4224e-11, 3.65235e-11, 1.56111e-11, -5.48556e-11, 6.58443e-11, -4.85211e-11, 1.40684e-11, 2.22347e-11, -4.75195e-11, 5.50368e-11, -4.64834e-11, -3.2072e-11, -1.53593e-09, -3.29116e-08, -5.32573e-07, -6.53669e-06, -6.07078e-05, -0.000425987, -0.0022542, -0.0089759, -0.0268259, -0.0600025, -0.100116, -0.124153, -0.113958, -0.0770679, -0.0382052, -0.0138047, -0.00361291, -0.00068012, -9.13821e-05, -8.68914e-06, -5.79171e-07, -2.65409e-08, 9.60664e-09, 1.98653e-07, 2.60116e-06, 2.6197e-05, 0.00020117, 0.00117517, 0.00520715
1.40667, 0.136681, 0.139436, 0.136835, 0.112222, 0.0710353, 0.0336743, 0.0118321, 0.00306909, 0.000586328, 8.23352e-05, 8.48045e-06, 6.39149e-07, 3.5141e-08, -6.68345e-09, -1.79215e-07, -2.63458e-06, -2.85496e-05, -0.000229801, -0.00137403, -0.00610336, -0.0201363, -0.0493194, -0.0896069, -0.120639, -0.120186, -0.0884539, -0.0479954, -0.0191553, -0.00560811, -0.00120078, -0.00018739, -2.12326e-05, -1.73952e-06, -1.02574e-07, -4.23794e-09, -2.06853e-10, 5.58125e-12, 5.73357e-11, -7.99485e-11, 5.434e-11, -2.87382e-12, -4.44227e-11, 6.6395e-11, -5.77206e-11, 2.67937e-11, 1.11923e-11, -4.16083e-11, 5.53131e-11, -5.0343e-11, 2.98691e-11, -3.74267e-11, -9.95578e-10, -2.15892e-08, -3.64346e-07, -4.65054e-06, -4.49388e-05, -0.000328192, -0.00180812, -0.0074986, -0.0233511, -0.0544471, -0.0947509, -0.122619, -0.117527, -0.0830526, -0.0430539, -0.0162811, -0.00446341, -0.000880997, -0.00012425, -1.24156e-05, -8.70835e-07, -4.22956e-08, 5.09854e-09, 1.34629e-07, 1.83086e-06, 1.91606e-05, 0.000152933, 0.000929045, 0.00428333
1.41333, 0.148536, 0.148448, 0.138882, 0.108241, 0.0653197, 0.0295919, 0.0099477, 0.00246956, 0.000451553, 6.06811e-05, 5.97988e-06, 4.31089e-07, 2.26317e-08, -1.33301e-08, -2.68818e-07, -3.76794e-06, -3.91453e-05, -0.000302041, -0.00173116, -0.00737074, -0.0233068, -0.0547044, -0.0952317, -0.122823, -0.117193, -0.0825855, -0.0428943, -0.0163816, -0.00458764, -0.000939212, -0.000140079, -1.51618e-05, -1.18582e-06, -6.66344e-08, -2.77836e-09, -3.78742e-11, 3.45151e-11, -7.87488e-11, 6.93971e-11, -2.28747e-11, -3.01632e-11, 6.31216e-11, -6.46414e-11, 3.92315e-11, -1.13476e-12, -3.36704e-11, 5.36139e-11, -5.43458e-11, 3.83502e-11, -1.31485e-11, -3.45146e-11, -5.77578e-10, -1.4193e-08, -2.4775e-07, -3.29027e-06, -3.30783e-05, -0.00025141, -0.00144198, -0.00622805, -0.020207, -0.0491121, -0.0891331, -0.120365, -0.120456, -0.088938, -0.048207, -0.0190764, -0.00547745, -0.00113346, -0.000167768, -1.76145e-05, -1.29979e-06, -6.66459e-08, 1.60994e-09, 9.05746e-08, 1.28195e-06, 1.39383e-05, 0.000115626, 0.000730413, 0.00350394
1.42, 0.160428, 0.157272, 0.140454, 0.103989, 0.059775, 0.0258622, 0.00831449, 0.00197512, 0.000345617, 4.4444e-05, 4.19026e-06, 2.88929e-07, 1.44081e-08, -2.26483e-08, -3.99902e-07, -5.35591e-06, -5.33516e-05, -0.00039461, -0.00216801, -0.00884762, -0.0268131, -0.0603088, -0.100592, -0.124279, -0.113569, -0.0766278, -0.0380957, -0.0139213, -0.00372905, -0.00072992, -0.000104038, -1.07559e-05, -8.03075e-07, -4.3201e-08, -1.58613e-09, -3.69983e-11, -7.02268e-11, 7.97892e-11, -4.30214e-11, -1.24862e-11, 5.56506e-11, -6.85616e-11, 5.07081e-11, -1.4345e-11, -2.37897e-11, 4.98114e-11, -5.67875e-11, 4.5267e-11, -2.1326e-11, -6.83088e-12, 1.81258e-11, -4.27792e-10, -9.1565e-09, -1.67653e-07, -2.3148e-06, -2.42111e-05, -0.000191497, -0.00114338, -0.00514279, -0.0173836, -0.0440369, -0.083344, -0.117431, -0.122694, -0.0946414, -0.0536317, -0.0222061, -0.00667729, -0.00144841, -0.000224963, -2.48136e-05, -1.92602e-06, -1.04121e-07, -1.46838e-09, 6.02902e-08, 8.9321e-07, 1.00844e-05, 8.69429e-05, 0.000571116, 0.00285086
1.42667, 0.172208, 0.165818, 0.141585, 0.0995672, 0.054467, 0.0224874, 0.00691029, 0.0015703, 0.000262921, 3.23503e-05, 2.91789e-06, 1.92431e-07, 8.91619e-09, -3.5457e-08, -5.89178e-07, -7.56923e-06, -7.22767e-05, -0.000512455, -0.00269876, -0.0105563, -0.0306601, -0.066083, -0.105604, -0.12498, -0.109377, -0.0706582, -0.0336223, -0.011756, -0.0030119, -0.000563634, -7.67697e-05, -7.58067e-06, -5.4041e-07, -2.75753e-08, -1.03641e-09, -7.75927e-11, 8.31438e-11, -6.15791e-11, 7.8209e-12, 4.38237e-11, -6.87928e-11, 6.04657e-11, -2.7915e-11, -1.21538e-11, 4.38072e-11, -5.73879e-11, 5.11552e-11, -2.98952e-11, 1.90625e-12, 2.39829e-11, -4.89722e-11, -1.9118e-10, -5.9953e-09, -1.12727e-07, -1.61951e-06, -1.76213e-05, -0.000145035, -0.000901425, -0.00422205, -0.0148671, -0.0392521, -0.077463, -0.113871, -0.124201, -0.100079, -0.0592862, -0.0256814, -0.0080861, -0.00183837, -0.000299578, -3.47086e-05, -2.83338e-06, -1.61314e-07, -4.95441e-09, 3.97149e-08, 6.19261e-07, 7.25678e-06, 6.50235e-05, 0.000444174, 0.00230737
1.43333, 0.183717, 0.173992, 0.14232, 0.0950803, 0.0494541, 0.0194642, 0.00571302, 0.00124132, 0.000198817, 2.34032e-05, 2.01925e-06, 1.27358e-07, 5.00282e-09, -5.32481e-08, -8.62049e-07, -1.06343e-05, -9.7329e-05, -0.000661497, -0.00333921, -0.012519, -0.0348466, -0.0719694, -0.110189, -0.124913, -0.10469, -0.0647484, -0.0294884, -0.00986485, -0.0024172, -0.000432439, -5.62823e-05, -5.30792e-06, -3.61022e-07, -1.76961e-08, -6.4019e-10, 6.39149e-11, -7.67406e-11, 2.95343e-11, 2.7781e-11, -6.47416e-11, 6.76895e-11, -4.11983e-11, 9.319e-13, 3.55782e-11, -5.59101e-11, 5.57114e-11, -3.809e-11, 1.08134e-11, 1.70511e-11, -3.80529e-11, 4.31601e-11, -1.92497e-10, -3.79858e-09, -7.54428e-08, -1.12674e-06, -1.27532e-05, -0.000109224, -0.000706606, -0.00344613, -0.0126407, -0.0347802, -0.0715655, -0.109748, -0.124952, -0.105166, -0.0651197, -0.0295083, -0.00972752, -0.00231762, -0.000396198, -4.82085e-05, -4.13817e-06, -2.48149e-07, -9.44051e-09, 2.56647e-08, 4.27331e-07, 5.19395e-06, 4.83746e-05, 0.000343669, 0.00185832
1.44, 0.194791, 0.181707, 0.142714, 0.0906332, 0.044788, 0.0167853, 0.00470124, 0.000976044, 0.00014948, 1.68292e-05, 1.38879e-06, 8.37648e-08, 1.71134e-09, -7.90628e-08, -1.25537e-06, -1.48497e-05, -0.000130281, -0.000848758, -0.00410678, -0.0147569, -0.0393646, -0.077903, -0.11427, -0.124079, -0.099583, -0.0589637, -0.0257008, -0.00822568, -0.00192758, -0.000329653, -4.0995e-05, -3.69208e-06, -2.39846e-07, -1.1163e-08, -3.06264e-10, -9.42438e-11, 5.08337e-11, 8.04619e-12, -5.59859e-11, 7.15457e-11, -5.34295e-11, 1.5028e-11, 2.51984e-11, -5.21607e-11, 5.86213e-11, -4.55986e-11, 1.99551e-11, 9.06853e-12, -3.30405e-11, 4.63409e-11, -4.97903e-11, -5.39774e-11, -2.47035e-09, -5.01838e-08, -7.79532e-07, -9.17828e-06, -8.17896e-05, -0.00055073, -0.00279658, -0.0106849, -0.0306359, -0.0657217, -0.105133, -0.124934, -0.109821, -0.0710731, -0.0336863, -0.0116251, -0.0029022, -0.000520389, -6.64898e-05, -6.00055e-06, -3.78761e-07, -1.61113e-08, 1.6239e-08, 2.93354e-07, 3.69818e-06, 3.58081e-05, 0.000264633, 0.00149011
1.44667, 0.205264, 0.188875, 0.142825, 0.0863293, 0.0405127, 0.0144402, 0.0038546, 0.000763944, 0.000111797, 1.20332e-05, 9.49494e-07, 5.47536e-08, -1.85472e-09, -1.18128e-07, -1.81893e-06, -2.06108e-05, -0.000173342, -0.00108249, -0.00502034, -0.0172896, -0.0441986, -0.0838118, -0.117776, -0.122491, -0.0941392, -0.0533613, -0.0222591, -0.00681554, -0.00152734, -0.000249684, -2.96664e-05, -2.55159e-06, -1.58087e-07, -6.98594e-09, -3.09099e-10, 6.501e-11, -1.44583e-11, -4.23695e-11, 7.1238e-11, -6.37389e-11, 2.95506e-11, 1.28577e-11, -4.60083e-11, 5.95804e-11, -5.2089e-11, 2.90761e-11, 3.37307e-13, -2.69751e-11, 4.41241e-11, -4.87599e-11, 3.98103e-11, -8.07874e-11, -1.55506e-09, -3.31873e-08, -5.36384e-07, -6.56843e-06, -6.09007e-05, -0.000426793, -0.00225639, -0.00897915, -0.0268263, -0.0599948, -0.100103, -0.124149, -0.113968, -0.0770793, -0.0382081, -0.0138017, -0.00360989, -0.000678838, -9.10632e-05, -8.63875e-06, -5.74029e-07, -2.61483e-08, 9.7326e-09, 2.00364e-07, 2.62034e-06, 2.63856e-05, 0.000202933, 0.00119069
1.45333, 0.214972, 0.195414, 0.142718, 0.0822676, 0.0366658, 0.0124161, 0.00315424, 0.000595983, 8.32555e-05, 8.56077e-06, 6.45574e-07, 3.55743e-08, -6.5711e-09, -1.77748e-07, -2.61893e-06, -2.84371e-05, -0.00022925, -0.00137227, -0.00610012, -0.0201345, -0.0493248, -0.0896191, -0.120645, -0.120179, -0.0884416, -0.0479901, -0.0191573, -0.00561142, -0.0012025, -0.000187898, -2.13292e-05, -1.75157e-06, -1.03594e-07, -4.46844e-09, -4.84953e-11, -4.08012e-11, -2.4147e-11, 6.60839e-11, -7.11822e-11, 4.37664e-11, -1.11547e-12, -3.74051e-11, 5.83089e-11, -5.72116e-11, 3.78793e-11, -8.96029e-12, -1.98161e-11, 4.06232e-11, -4.91849e-11, 4.50188e-11, -3.16893e-11, -2.29544e-11, -9.77586e-10, -2.18735e-08, -3.66946e-07, -4.67455e-06, -4.50911e-05, -0.000328865, -0.00181007, -0.00750184, -0.0233523, -0.0544406, -0.0947386, -0.122614, -0.117536, -0.0830647, -0.0430581, -0.0162785, -0.00446018, -0.000879496, -0.000123849, -1.23483e-05, -8.6344e-07, -4.17852e-08, 5.22878e-09, 1.36026e-07, 1.84907e-06, 1.93721e-05, 0.000155167, 0.000949597
1.46, 0.223756, 0.201247, 0.142459, 0.0785408, 0.0332782, 0.0106993, 0.00258305, 0.000464532, 6.18532e-05, 6.06868e-06, 4.36975e-07, 2.29732e-08, -1.32347e-08, -2.66881e-07, -3.74627e-06, -3.9001e-05, -0.000301373, -0.00172917, -0.00736742, -0.0233056, -0.0547112, -0.095244, -0.122828, -0.117184, -0.0825737, -0.0428903, -0.0163841, -0.00459079, -0.000940696, -0.000140491, -1.52351e-05, -1.19468e-06, -6.74846e-08, -2.63475e-09, -1.39053e-10, -3.49357e-12, 5.55918e-11, -7.4789e-11, 5.67949e-11, -1.62345e-11, -2.64123e-11, 5.45713e-11, -6.06087e-11, 4.60311e-11, -1.85991e-11, -1.16542e-11, 3.58666e-11, -4.84933e-11, 4.79537e-11, -3.6144e-11, 1.66604e-11, -1.6609e-11, -6.43932e-10, -1.42609e-08, -2.49747e-07, -3.30807e-06, -3.31978e-05, -0.000251967, -0.00144371, -0.00623121, -0.0202088, -0.0491069, -0.089121, -0.120357, -0.120463, -0.0889505, -0.0482126, -0.0190743, -0.00547406, -0.00113172, -0.00016727, -1.75253e-05, -1.28947e-06, -6.58391e-08, 1.72864e-09, 9.18323e-08, 1.30155e-06, 1.41975e-05, 0.000118565, 0.000757818
1.46667, 0.231469, 0.206307, 0.142111, 0.0752336, 0.0303748, 0.00927557, 0.0021259, 0.000363256, 4.60142e-05, 4.30009e-06, 2.95194e-07, 1.47217e-08, -2.25146e-08, -3.96912e-07, -5.32699e-06, -5.3167e-05, -0.000393807, -0.00216578, -0.00884429, -0.0268128, -0.0603168, -0.100604, -0.124282, -0.113559, -0.0766167, -0.038093, -0.0139243, -0.00373199, -0.000731193, -0.000104367, -1.08116e-05, -8.09448e-07, -4.3505e-08, -1.75989e-09, -2.31354e-11, 3.87999e-11, -7.36452e-11, 6.76252e-11, -3.18384e-11, -1.32253e-11, 4.81968e-11, -6.19271e-11, 5.31643e-11, -2.83071e-11, -2.62314e-12, 2.98591e-11, -4.65662e-11, 4.99375e-11, -4.09755e-11, 2.33804e-11, -2.45915e-12, -3.01432e-11, -3.56444e-10, -9.34384e-09, -1.68931e-07, -2.32811e-06, -2.43041e-05, -0.000191955, -0.0011449, -0.00514581, -0.0173859, -0.044033, -0.0833324, -0.117422, -0.122699, -0.0946541, -0.0536386, -0.0222048, -0.00667378, -0.00144641, -0.00022435, -2.46965e-05, -1.91157e-06, -1.02952e-07, -1.34823e-09, 6.16768e-08, 9.16854e-07, 1.0424e-05, 9.0905e-05, 0.000607767
1.47333, 0.237976, 0.210533, 0.141734, 0.0724206, 0.0279753, 0.0081317, 0.00176982, 0.000287011, 3.45193e-05, 3.06556e-06, 2.00178e-07, 9.26856e-09, -3.51531e-08, -5.84585e-07, -7.53126e-06, -7.20431e-05, -0.000511498, -0.00269628, -0.0105531, -0.0306607, -0.0660921, -0.105616, -0.124981, -0.109366, -0.0706479, -0.0336208, -0.0117592, -0.00301461, -0.000564713, -7.70323e-05, -7.62241e-06, -5.44735e-07, -2.80873e-08, -9.80461e-10, -8.23217e-12, -6.74282e-11, 7.51455e-11, -4.70826e-11, 1.79806e-12, 3.91093e-11, -6.08373e-11, 5.88869e-11, -3.77662e-11, 7.09633e-12, 2.26398e-11, -4.33346e-11, 5.0858e-11, -4.51837e-11, 2.94396e-11, -8.49534e-12, -1.26812e-11, 2.18558e-11, -2.81222e-10, -5.98099e-09, -1.13742e-07, -1.62924e-06, -1.76933e-05, -0.000145408, -0.000902736, -0.0042249, -0.0148699, -0.0392494, -0.0774521, -0.113861, -0.124204, -0.100091, -0.0592944, -0.025681, -0.00808256, -0.00183611, -0.000298829, -3.45562e-05, -2.81342e-06, -1.59603e-07, -4.76042e-09, 4.13736e-08, 6.50675e-07, 7.72107e-06, 7.04358e-05, 0.000493193
1.48, 0.243164, 0.213874, 0.141382, 0.0701648, 0.0260948, 0.00725565, 0.00150409, 0.000231736, 2.64477e-05, 2.22808e-06, 1.38048e-07, 5.47197e-09, -5.26255e-08, -8.55691e-07, -1.05839e-05, -9.70368e-05, -0.000660367, -0.00333651, -0.0125159, -0.0348483, -0.0719797, -0.1102, -0.124912, -0.104678, -0.0647393, -0.029488, -0.00986824, -0.00241966, -0.000433347, -5.64892e-05, -5.33891e-06, -3.64379e-07, -1.77873e-08, -6.32348e-10, -6.97626e-11, 7.79605e-11, -6.09432e-11, 1.81089e-11, 2.73557e-11, -5.70519e-11, 6.27896e-11, -4.66111e-11, 1.72722e-11, 1.42895e-11, -3.87546e-11, 5.05941e-11, -4.86099e-11, 3.51992e-11, -1.49786e-11, -6.75469e-12, 2.51835e-11, -4.1739e-11, -1.08617e-10, -3.91376e-09, -7.6069e-08, -1.1339e-06, -1.28085e-05, -0.000109526, -0.000707731, -0.00344877, -0.0126437, -0.0347786, -0.0715556, -0.109737, -0.124953, -0.105178, -0.0651292, -0.0295088, -0.00972404, -0.0023151, -0.000395293, -4.80119e-05, -4.11078e-06, -2.4563e-07, -9.22142e-09, 2.80289e-08, 4.71303e-07, 5.84406e-06, 5.58116e-05, 0.000409105
1.48667, 0.246938, 0.21629, 0.141097, 0.0685167, 0.0247443, 0.00663746, 0.0013203, 0.000194374, 2.11303e-05, 1.69178e-06, 9.94685e-08, 2.39399e-09, -7.80823e-08, -1.24708e-06, -1.47828e-05, -0.000129917, -0.000847437, -0.00410386, -0.0147541, -0.0393675, -0.0779141, -0.114279, -0.124076, -0.0995707, -0.0589558, -0.0257013, -0.00822912, -0.00192979, -0.000330408, -4.11569e-05, -3.71524e-06, -2.41883e-07, -1.13512e-08, -4.13394e-10, 6.68181e-11, -7.23693e-11, 3.49443e-11, 1.31401e-11, -5.03555e-11, 6.44631e-11, -5.44354e-11, 2.7618e-11, 4.93517e-12, -3.2812e-11, 4.90377e-11, -5.11041e-11, 4.05171e-11, -2.15035e-11, -5.84008e-13, 2.06676e-11, -3.50066e-11, 3.87696e-11, -1.32101e-10, -2.4502e-09, -5.06644e-08, -7.84747e-07, -9.22037e-06, -8.2032e-05, -0.000551687, -0.002799, -0.0106881, -0.0306353, -0.0657128, -0.105122, -0.124933, -0.109832, -0.0710836, -0.033688, -0.0116218, -0.00289942, -0.000519307, -6.62384e-05, -5.96329e-06, -3.75177e-07, -1.57072e-08, 1.96044e-08, 3.56986e-07, 4.61832e-06, 4.60403e-05, 0.000351703
1.49333, 0.249231, 0.217752, 0.140913, 0.0675129, 0.0239311, 0.00626964, 0.00121245, 0.000172794, 1.8114e-05, 1.39368e-06, 7.84995e-08, -8.31154e-10, -1.16897e-07, -1.80774e-06, -2.05237e-05, -0.000172892, -0.00108095, -0.00501724, -0.0172873, -0.0442027, -0.0838237, -0.117784, -0.122486, -0.0941267, -0.0533547, -0.0222604, -0.00681894, -0.0015293, -0.000250306, -2.9792e-05, -2.56823e-06, -1.59729e-07, -7.13452e-09, -1.59963e-10, -8.47378e-11, 5.12384e-11, -3.13913e-12, -4.06369e-11, 6.35159e-11, -6.07952e-11, 3.77907e-11, -5.24352e-12, -2.55297e-11, 4.60985e-11, -5.2519e-11, 4.52378e-11, -2.79378e-11, 5.91314e-12, 1.54563e-11, -3.18693e-11, 4.06965e-11, -4.2841e-11, -2.21227e-11, -1.60213e-09, -3.35153e-08, -5.40102e-07, -6.6004e-06, -6.10936e-05, -0.0004276, -0.00225858, -0.00898239, -0.0268267, -0.059987, -0.100091, -0.124146, -0.113978, -0.0770907, -0.038211, -0.0137987, -0.00360687, -0.000677556, -9.07445e-05, -8.58856e-06, -5.68831e-07, -2.56222e-08, 1.48854e-08, 2.93419e-07, 3.92746e-06, 4.04417e-05, 0.000318317
1.5, 0.25, 0.218241, 0.140849, 0.0671759, 0.0236596, 0.00614755, 0.0011769, 0.000165739, 1.71372e-05, 1.29816e-06, 7.18546e-08, -5.01642e-09, -1.76312e-07, -2.60317e-06, -2.8325e-05, -0.000228701, -0.00137052, -0.00609688, -0.0201327, -0.0493302, -0.0896314, -0.120652, -0.120172, -0.0884293, -0.0479848, -0.0191593, -0.00561472, -0.00120421, -0.000188406, -2.14255e-05, -1.76399e-06, -1.04645e-07, -4.40302e-09, -2.16987e-10, 6.31003e-11, -2.08923e-11, -2.79287e-11, 5.96001e-11, -6.52214e-11, 4.73903e-11, -1.60075e-11, -1.69747e-11, 4.17107e-11, -5.27132e-11, 4.91991e-11, -3.41383e-11, 1.26381e-11, 9.69537e-12, -2.80861e-11, 3.93739e-11, -4.23191e-11, 3.64441e-11, -6.07871e-11, -9.88657e-10, -2.20631e-08, -3.69696e-07, -4.69848e-06, -4.52437e-05, -0.000329539, -0.00181203, -0.00750507, -0.0233534, -0.0544342, -0.0947263, -0.122609, -0.117544, -0.0830768, -0.0430623, -0.0162759, -0.00445695, -0.000877995, -0.000123449, -1.22812e-05, -8.56144e-07, -4.08854e-08, 1.29554e-08, 2.72849e-07, 3.70453e-06, 3.86194e-05, 0.000307363
1.50667, 0.249231, 0.217752, 0.140913, 0.0675129, 0.0239311, 0.00626964, 0.00121245, 0.000172794, 1.8114e-05, 1.39368e-06, 7.84745e-08, -1.08227e-08, -2.64906e-07, -3.72458e-06, -3.88566e-05, -0.000300706, -0.00172718, -0.0073641, -0.0233045, -0.0547179, -0.0952564, -0.122833, -0.117176, -0.0825618, -0.0428863, -0.0163867, -0.00459393, -0.000942181, -0.000140902, -1.53089e-05, -1.20345e-06, -6.81239e-08, -2.84376e-09, -2.4597e-12, -4.07367e-11, -1.24727e-11, 5.24447e-11, -6.72358e-11, 5.59621e-11, -2.70543e-11, -7.26483e-12, 3.58384e-11, -5.15557e-11, 5.22345e-11, -3.99503e-11, 1.94762e-11, 3.45023e-12, -2.36171e-11, 3.7297e-11, -4.26771e-11, 3.97818e-11, -3.06805e-11, -4.70124e-12, -6.30694e-10, -1.446e-08, -2.51604e-07, -3.32606e-06, -3.33175e-05, -0.000252525, -0.00144544, -0.00623436, -0.0202106, -0.0491018, -0.089109, -0.12035, -0.12047, -0.088963, -0.0482181, -0.0190723, -0.00547066, -0.00112998, -0.000166773, -1.74364e-05, -1.27911e-06, -6.45639e-08, 1.35741e-08, 2.9263e-07, 3.92791e-06, 4.04427e-05, 0.000318317
1.51333, 0.246938, 0.21629, 0.141097, 0.0685167, 0.0247443, 0.00663746, 0.0013203, 0.000194374, 2.11303e-05, 1.69178e-06, 9.93793e-08, -1.86663e-08, -3.93733e-07, -5.29835e-06, -5.29824e-05, -0.000393004, -0.00216354, -0.00884096, -0.0268125, -0.0603248, -0.100616, -0.124285, -0.113549, -0.0766055, -0.0380903, -0.0139272, -0.00373493, -0.000732465, -0.000104698, -1.08673e-05, -8.15759e-07, -4.41501e-08, -1.62213e-09, -1.03767e-10, 4.42468e-12, 4.18864e-11, -6.63724e-11, 6.30015e-11, -3.80126e-11, 3.42186e-12, 2.84855e-11, -4.89326e-11, 5.41772e-11, -4.52076e-11, 2.62957e-11, -3.19888e-12, -1.84899e-11, 3.44817e-11, -4.23815e-11, 4.17335e-11, -3.37182e-11, 2.02745e-11, -1.76921e-11, -4.04619e-10, -9.38308e-09, -1.70363e-07, -2.34134e-06, -2.43974e-05, -0.000192414, -0.00114641, -0.00514883, -0.0173882, -0.044029, -0.0833208, -0.117413, -0.122704, -0.0946667, -0.0536455, -0.0222035, -0.00667027, -0.00144442, -0.000223736, -2.45796e-05, -1.8972e-06, -1.00921e-07, 1.65546e-08, 3.55591e-07, 4.61904e-06, 4.60417e-05, 0.000351704
1.52, 0.243164, 0.213874, 0.141382, 0.0701648, 0.0260948, 0.00725565, 0.00150409, 0.000231736, 2.64477e-05, 2.22808e-06, 1.37778e-07, -2.89186e-08, -5.79726e-07, -7.49348e-06, -7.18102e-05, -0.00051054, -0.00269381, -0.0105498, -0.0306614, -0.0661013, -0.105628, -0.124982, -0.109355, -0.0706377, -0.0336193, -0.0117624, -0.00301731, -0.000565793, -7.72947e-05, -7.66432e-06, -5.49356e-07, -2.82421e-08, -1.11797e-09, -2.78277e-12, 2.74681e-11, -6.22149e-11, 6.79662e-11, -4.8441e-11, 1.48397e-11, 1.97015e-11, -4.47516e-11, 5.48625e-11, -4.97334e-11, 3.29497e-11, -1.01553e-11, -1.27463e-11, 3.09223e-11, -4.13743e-11, 4.31124e-11, -3.69239e-11, 2.48548e-11, -9.81018e-12, -1.34903e-11, -2.26397e-10, -6.11932e-09, -1.14632e-07, -1.6391e-06, -1.77654e-05, -0.000145782, -0.000904047, -0.00422774, -0.0148726, -0.0392466, -0.0774412, -0.113851, -0.124207, -0.100104, -0.0593026, -0.0256805, -0.00807902, -0.00183386, -0.00029808, -3.44041e-05, -2.79344e-06, -1.56622e-07, 2.2389e-08, 4.69587e-07, 5.84479e-06, 5.58127e-05, 0.000409106
1.52667, 0.237976, 0.210533, 0.141734, 0.0724206, 0.0279753, 0.0081317, 0.00176982, 0.000287011, 3.45193e-05, 3.06556e-06, 1.99442e-07, -4.26186e-08, -8.49104e-07, -1.05333e-05, -9.67449e-05, -0.000659237, -0.0033338, -0.0125128, -0.03485, -0.0719899, -0.110211, -0.124911, -0.104666, -0.0647302, -0.0294875, -0.00987162, -0.00242212, -0.000434254, -5.66965e-05, -5.37016e-06, -3.67384e-07, -1.81651e-08, -5.91994e-10, -5.01429e-12, -5.46888e-11, 7.02898e-11, -5.78272e-11, 2.66678e-11, 9.59315e-12, -3.89525e-11, 5.41351e-11, -5.33445e-11, 3.92759e-11, -1.73051e-11, -6.44387e-12, 2.66251e-11, -3.96223e-11, 4.38714e-11, -3.97208e-11, 2.8957e-11, -1.42117e-11, -1.75936e-12, 1.15421e-11, -1.7926e-10, -3.88885e-09, -7.68021e-08, -1.14103e-06, -1.28639e-05, -0.000109828, -0.000708856, -0.00345141, -0.0126467, -0.034777, -0.0715456, -0.109726, -0.124953, -0.10519, -0.0651386, -0.0295094, -0.00972056, -0.00231258, -0.000394389, -4.78154e-05, -4.08344e-06, -2.41076e-07, 3.16009e-08, 6.48968e-07, 7.72162e-06, 7.0436e-05, 0.000493193
1.53333, 0.231469, 0.206307, 0.142111, 0.0752336, 0.0303748, 0.00927557, 0.0021259, 0.000363256, 4.60142e-05, 4.30009e-06, 2.93394e-07, -6.24081e-08, -1.23844e-06, -1.47159e-05, -0.000129553, -0.000846114, -0.00410094, -0.0147513, -0.0393704, -0.0779252, -0.114289, -0.124072, -0.0995583, -0.0589479, -0.0257018, -0.00823256, -0.00193199, -0.000331163, -4.13189e-05, -3.73814e-06, -2.44288e-07, -1.14012e-08, -3.9356e-10, -5.19529e-11, 6.92696e-11, -6.55948e-11, 3.8502e-11, -1.66534e-12, -3.15143e-11, 5.18521e-11, -5.58518e-11, 4.50967e-11, -2.45164e-11, 3.43345e-13, 2.16087e-11, -3.71006e-11, 4.39571e-11, -4.20369e-11, 3.28104e-11, -1.87732e-11, 2.81094e-12, 1.22701e-11, -2.71172e-11, -6.17401e-11, -2.5467e-09, -5.10805e-08, -7.89995e-07, -9.2626e-06, -8.22746e-05, -0.000552643, -0.00280141, -0.0106912, -0.0306347, -0.0657039, -0.10511, -0.124931, -0.109843, -0.0710941, -0.0336897, -0.0116185, -0.00289664, -0.000518224, -6.59872e-05, -5.926e-06, -3.68434e-07, 4.54878e-08, 9.15337e-07, 1.04244e-05, 9.09041e-05, 0.000607767
1.54, 0.223756, 0.201247, 0.142459, 0.0785408, 0.0332782, 0.0106993, 0.00258305, 0.000464532, 6.18532e-05, 6.06868e-06, 4.33014e-07, -9.28293e-08, -1.79566e-06, -2.04371e-05, -0.000172442, -0.00107942, -0.00501413, -0.0172849, -0.0442068, -0.0838355, -0.117793, -0.122481, -0.0941142, -0.053348, -0.0222618, -0.00682235, -0.00153125, -0.000250928, -2.99176e-05, -2.58532e-06, -1.61135e-07, -7.25096e-09, -2.58408e-10, 5.95892e-11, -7.1189e-11, 4.98498e-11, -1.38215e-11, -2.24667e-11, 4.78922e-11, -5.70658e-11, 5.02216e-11, -3.16386e-11, 7.52311e-12, 1.59061e-11, -3.37935e-11, 4.33209e-11, -4.38063e-11, 3.6349e-11, -2.32624e-11, 7.41928e-12, 8.31889e-12, -2.15909e-11, 2.90537e-11, -9.22274e-11, -1.56633e-09, -3.38735e-08, -5.43861e-07, -6.63237e-06, -6.12869e-05, -0.000428406, -0.00226076, -0.00898563, -0.026827, -0.0599793, -0.100079, -0.124142, -0.113988, -0.0771021, -0.0382139, -0.0137956, -0.00360385, -0.000676275, -9.04261e-05, -8.5383e-06, -5.58764e-07, 6.55595e-08, 1.30024e-06, 1.41978e-05, 0.000118563, 0.000757817
1.54667, 0.214972, 0.195414, 0.142718, 0.0822676, 0.0366658, 0.0124161, 0.00315424, 0.000595983, 8.32555e-05, 8.56076e-06, 6.37736e-07, -1.39504e-07, -2.58582e-06, -2.82131e-05, -0.000228151, -0.00136876, -0.00609363, -0.0201309, -0.0493357, -0.0896436, -0.120659, -0.120165, -0.0884169, -0.0479795, -0.0191613, -0.00561802, -0.00120592, -0.000188914, -2.15224e-05, -1.77611e-06, -1.0578e-07, -4.52605e-09, -8.17204e-11, -7.66803e-11, 6.00856e-11, -2.65334e-11, -1.19013e-11, 4.21643e-11, -5.68017e-11, 5.44479e-11, -3.85021e-11, 1.49846e-11, 9.56598e-12, -2.96968e-11, 4.19211e-11, -4.49658e-11, 3.95034e-11, -2.76127e-11, 1.21117e-11, 4.05049e-12, -1.82947e-11, 2.87017e-11, -3.51919e-11, -3.60456e-13, -1.04422e-09, -2.22654e-08, -3.72399e-07, -4.72256e-06, -4.53964e-05, -0.000330213, -0.00181398, -0.0075083, -0.0233546, -0.0544277, -0.0947141, -0.122603, -0.117553, -0.0830889, -0.0430665, -0.0162733, -0.00445372, -0.000876493, -0.000123049, -1.22139e-05, -8.41292e-07, 9.42984e-08, 1.84761e-06, 1.93725e-05, 0.000155165, 0.000949597
1.55333, 0.205264, 0.188875, 0.142825, 0.0863293, 0.0405127, 0.0144402, 0.0038546, 0.000763944, 0.000111797, 1.20331e-05, 9.35494e-07, -2.08351e-07, -3.7007e-06, -3.8712e-05, -0.000300039, -0.00172519, -0.00736077, -0.0233034, -0.0547246, -0.0952688, -0.122838, -0.117167, -0.0825499, -0.0428823, -0.0163892, -0.00459706, -0.000943664, -0.000141314, -1.53826e-05, -1.21245e-06, -6.88688e-08, -2.76467e-09, -1.54359e-10, 6.69873e-11, -3.9381e-11, 1.31637e-14, 3.46185e-11, -5.48844e-11, 5.75623e-11, -4.49183e-11, 2.2596e-11, 2.65517e-12, -2.48191e-11, 3.97222e-11, -4.5454e-11, 4.22024e-11, -3.17561e-11, 1.68329e-11, -4.39193e-13, -1.46794e-11, 2.63981e-11, -3.34284e-11, 3.4745e-11, -5.35687e-11, -6.13335e-10, -1.46131e-08, -2.53556e-07, -3.344e-06, -3.34374e-05, -0.000253084, -0.00144716, -0.00623751, -0.0202124, -0.0490966, -0.0890969, -0.120343, -0.120477, -0.0889755, -0.0482237, -0.0190703, -0.00546725, -0.00112824, -0.000166275, -1.73471e-05, -1.25725e-06, 1.34797e-07, 2.61815e-06, 2.63861e-05, 0.000202933, 0.00119069
1.56, 0.194791, 0.181707, 0.142714, 0.0906332, 0.044788, 0.0167853, 0.00470124, 0.000976044, 0.00014948, 1.68291e-05, 1.36595e-06, -3.06939e-07, -5.26638e-06, -5.2798e-05, -0.000392201, -0.00216131, -0.00883762, -0.0268122, -0.0603328, -0.100628, -0.124288, -0.113539, -0.0765944, -0.0380876, -0.0139302, -0.00373786, -0.000733737, -0.000105028, -1.09233e-05, -8.22086e-07, -4.45551e-08, -1.80073e-09, 2.66658e-11, -5.26831e-11, 1.30047e-11, 2.52584e-11, -5.11572e-11, 5.93473e-11, -5.06819e-11, 3.02045e-11, -4.74062e-12, -1.91825e-11, 3.66977e-11, -4.52141e-11, 4.43757e-11, -3.56221e-11, 2.15226e-11, -5.10516e-12, -1.07394e-11, 2.36697e-11, -3.21439e-11, 3.5472e-11, -3.41071e-11, 1.50303e-11, -4.19115e-10, -9.49987e-09, -1.71699e-07, -2.35472e-06, -2.44908e-05, -0.000192873, -0.00114792, -0.00515185, -0.0173906, -0.0440251, -0.0833092, -0.117404, -0.122709, -0.0946793, -0.0536525, -0.0222021, -0.00666676, -0.00144243, -0.000223123, -2.44622e-05, -1.86522e-06, 1.91475e-07, 3.69433e-06, 3.58085e-05, 0.000264634, 0.00149011
1.56667, 0.183717, 0.173992, 0.14232, 0.0950803, 0.0494541, 0.0194642, 0.00571302, 0.00124132, 0.000198817, 2.34029e-05, 1.98438e-06, -4.47876e-07, -7.44989e-06, -7.15777e-05, -0.000509584, -0.00269133, -0.0105466, -0.030662, -0.0661105, -0.10564, -0.124983, -0.109344, -0.0706275, -0.0336177, -0.0117657, -0.00302002, -0.000566873, -7.75579e-05, -7.7062e-06, -5.53833e-07, -2.87192e-08, -9.85373e-10, -9.10993e-11, 2.62185e-11, 1.41503e-11, -4.54926e-11, 5.95841e-11, -5.55687e-11, 3.76332e-11, -1.25144e-11, -1.28257e-11, 3.28327e-11, -4.41948e-11, 4.59532e-11, -3.91376e-11, 2.61157e-11, -9.89759e-12, -6.50592e-12, 2.05474e-11, -3.04423e-11, 3.52697e-11, -3.49522e-11, 2.99047e-11, -2.94754e-11, -2.38055e-10, -6.15981e-09, -1.15641e-07, -1.64888e-06, -1.78377e-05, -0.000146156, -0.000905358, -0.00423058, -0.0148753, -0.0392439, -0.0774304, -0.113841, -0.12421, -0.100116, -0.0593109, -0.0256801, -0.00807547, -0.0018316, -0.000297332, -3.42509e-05, -2.74688e-06, 2.70006e-07, 5.18736e-06, 4.83746e-05, 0.00034367, 0.00185832
1.57333, 0.172208, 0.165818, 0.141585, 0.0995672, 0.054467, 0.0224874, 0.00691029, 0.0015703, 0.000262921, 3.23496e-05, 2.86638e-06, -6.50919e-07, -1.04733e-05, -9.64527e-05, -0.000658107, -0.00333109, -0.0125098, -0.0348518, -0.0720001, -0.110222, -0.12491, -0.104654, -0.064721, -0.0294871, -0.00987501, -0.00242458, -0.000435161, -5.69038e-05, -5.40144e-06, -3.70699e-07, -1.82291e-08, -7.19774e-10, 2.4393e-11, 1.18343e-12, -3.78083e-11, 5.80592e-11, -5.93396e-11, 4.46835e-11, -2.0537e-11, -5.80588e-12, 2.81232e-11, -4.23496e-11, 4.68661e-11, -4.22283e-11, 3.05443e-11, -1.47623e-11, -2.01512e-12, 1.70486e-11, -2.83136e-11, 3.46457e-11, -3.57477e-11, 3.20568e-11, -2.46806e-11, 1.00381e-11, -1.58305e-10, -3.97532e-09, -7.74268e-08, -1.14829e-06, -1.29193e-05, -0.00011013, -0.000709981, -0.00345405, -0.0126497, -0.0347755, -0.0715357, -0.109715, -0.124954, -0.105202, -0.0651481, -0.0295099, -0.00971708, -0.00231006, -0.000393484, -4.76173e-05, -4.01591e-06, 3.77965e-07, 7.24595e-06, 6.50227e-05, 0.000444175, 0.00230737
1.58, 0.160428, 0.157272, 0.140454, 0.103989, 0.059775, 0.0258622, 0.00831449, 0.00197512, 0.000345617, 4.44423e-05, 4.11402e-06, -9.42103e-07, -1.46348e-05, -0.000129188, -0.000844791, -0.00409802, -0.0147485, -0.0393733, -0.0779363, -0.114299, -0.124069, -0.0995459, -0.05894, -0.0257023, -0.00823599, -0.0019342, -0.000331918, -4.14813e-05, -3.76135e-06, -2.46366e-07, -1.16924e-08, -3.37437e-10, -2.19261e-11, -2.82238e-11, 5.45721e-11, -6.17438e-11, 5.11328e-11, -2.86533e-11, 1.79888e-12, 2.25795e-11, -3.96408e-11, 4.70491e-11, -4.48186e-11, 3.47363e-11, -1.964e-11, 2.69131e-12, 1.31961e-11, -2.57625e-11, 3.35946e-11, -3.61683e-11, 3.37412e-11, -2.71878e-11, 1.77045e-11, -9.63095e-12, -9.93252e-11, -2.52916e-09, -5.16037e-08, -7.95183e-07, -9.30497e-06, -8.25174e-05, -0.0005536, -0.00280383, -0.0106944, -0.0306342, -0.065695, -0.105098, -0.12493, -0.109854, -0.0711046, -0.0336914, -0.0116152, -0.00289386, -0.000517142, -6.57332e-05, -5.82858e-06, 5.25096e-07, 1.00674e-05, 8.69411e-05, 0.000571117, 0.00285085
1.58667, 0.148536, 0.148448, 0.138882, 0.108241, 0.0653197, 0.0295919, 0.0099477, 0.00246956, 0.000451553, 6.06772e-05, 5.86513e-06, -1.35412e-06, -2.03283e-05, -0.000171993, -0.00107789, -0.00501103, -0.0172825, -0.044211, -0.0838473, -0.117801, -0.122476, -0.0941017, -0.0533414, -0.0222631, -0.00682575, -0.00153321, -0.000251551, -3.00436e-05, -2.60214e-06, -1.62852e-07, -7.25248e-09, -2.62833e-10, -2.17044e-11, 4.8869e-11, -6.25242e-11, 5.67345e-11, -3.66815e-11, 9.88842e-12, 1.62285e-11, -3.60403e-11, 4.64405e-11, -4.68323e-11, 3.86164e-11, -2.44667e-11, 7.56649e-12, 9.01742e-12, -2.27978e-11, 3.21096e-11, -3.61911e-11, 3.51046e-11, -2.95832e-11, 2.08044e-11, -1.02175e-11, -2.45638e-12, -4.74711e-11, -1.63976e-09, -3.41447e-08, -5.47696e-07, -6.6644e-06, -6.14803e-05, -0.000429212, -0.00226295, -0.00898887, -0.0268274, -0.0599716, -0.100067, -0.124139, -0.113998, -0.0771135, -0.0382168, -0.0137926, -0.00360083, -0.000674992, -9.01031e-05, -8.39824e-06, 7.23875e-07, 1.39119e-05, 0.000115623, 0.000730413, 0.00350394
1.59333, 0.136681, 0.139436, 0.136835, 0.112222, 0.0710353, 0.0336743, 0.0118321, 0.00306909, 0.000586328, 8.23275e-05, 8.30658e-06, -1.93205e-06, -2.8066e-05, -0.000227601, -0.001367, -0.00609039, -0.0201291, -0.0493411, -0.0896558, -0.120666, -0.120158, -0.0884046, -0.0479742, -0.0191633, -0.00562132, -0.00120763, -0.000189423, -2.16192e-05, -1.78863e-06, -1.06725e-07, -4.62477e-09, -1.43236e-10, 3.80109e-11, -6.14662e-11, 6.12194e-11, -4.44116e-11, 1.83366e-11, 9.11542e-12, -3.15309e-11, 4.49825e-11, -4.81931e-11, 4.2107e-11, -2.91745e-11, 1.25588e-11, 4.54517e-12, -1.94331e-11, 3.0187e-11, -3.57992e-11, 3.61227e-11, -3.1734e-11, 2.37159e-11, -1.34447e-11, 2.34371e-12, 7.23893e-12, -5.27505e-11, -1.00358e-09, -2.25383e-08, -3.75079e-07, -4.74672e-06, -4.55493e-05, -0.000330887, -0.00181594, -0.00751153, -0.0233557, -0.0544212, -0.0947018, -0.122598, -0.117561, -0.083101, -0.0430708, -0.0162707, -0.00445048, -0.00087499, -0.000122642, -1.20135e-05, 9.90114e-07, 1.91198e-05, 0.000152931, 0.000929045, 0.00428332
1.6, 0.125, 0.130327, 0.13429, 0.115835, 0.0768499, 0.038101, 0.0139892, 0.00379083, 0.000756621, 0.000111007, 1.16902e-05, -2.74003e-06, -3.85134e-05, -0.00029937, -0.0017232, -0.00735744, -0.0233022, -0.0547314, -0.0952812, -0.122843, -0.117158, -0.0825381, -0.0428783, -0.0163918, -0.0046002, -0.000945148, -0.000141726, -1.54567e-05, -1.22122e-06, -6.96753e-08, -2.83703e-09, -5.24596e-11, -5.99111e-11, 6.42746e-11, -5.16037e-11, 2.69886e-11, 1.30781e-12, -2.61092e-11, 4.2625e-11, -4.88274e-11, 4.51282e-11, -3.36905e-11, 1.76108e-11, -1.82468e-13, -1.56871e-11, 2.78281e-11, -3.49792e-11, 3.67711e-11, -3.36086e-11, 2.64631e-11, -1.66582e-11, 5.63755e-12, 5.197e-12, -1.52505e-11, 3.16424e-13, -6.7394e-10, -1.47216e-08, -2.55529e-07, -3.36201e-06, -3.35574e-05, -0.000253642, -0.00144889, -0.00624066, -0.0202142, -0.0490914, -0.0890849, -0.120336, -0.120483, -0.088988, -0.0482293, -0.0190683, -0.00546385, -0.0011265, -0.000165766, -1.70614e-05, 1.3434e-06, 2.61336e-05, 0.000201167, 0.00117517, 0.00520715
1.60667, 0.113615, 0.121206, 0.131238, 0.118992, 0.0826859, 0.0428567, 0.0164393, 0.0046535, 0.000970319, 0.000148745, 1.63501e-05, -3.86341e-06, -5.25315e-05, -0.000391395, -0.00215908, -0.00883428, -0.0268119, -0.0603408, -0.100641, -0.124291, -0.113529, -0.0765832, -0.0380848, -0.0139331, -0.0037408, -0.000735009, -0.000105359, -1.09791e-05, -8.28589e-07, -4.50516e-08, -1.74193e-09, -1.01649e-10, 6.46993e-11, -5.79992e-11, 3.56583e-11, -7.10259e-12, -1.97873e-11, 3.93254e-11, -4.86616e-11, 4.7597e-11, -3.79378e-11, 2.26605e-11, -5.12203e-12, -1.15832e-11, 2.50375e-11, -3.37202e-11, 3.70276e-11, -3.51775e-11, 2.9014e-11, -1.97927e-11, 8.94559e-12, 2.10332e-12, -1.21158e-11, 1.97795e-11, -3.84952e-11, -3.7814e-10, -9.63872e-09, -1.73054e-07, -2.36811e-06, -2.45843e-05, -0.000193331, -0.00114943, -0.00515486, -0.0173929, -0.0440212, -0.0832977, -0.117396, -0.122713, -0.0946919, -0.0536594, -0.0222008, -0.00666325, -0.00144043, -0.000222493, -2.40566e-05, 1.80793e-06, 3.55241e-05, 0.000263161, 0.00147824, 0.0062948
1.61333, 0.102632, 0.112157, 0.127682, 0.121612, 0.0884612, 0.0479181, 0.0192005, 0.00567723, 0.00123665, 0.000198072, 2.27229e-05, -5.41209e-06, -7.12196e-05, -0.000508621, -0.00268886, -0.0105433, -0.0306627, -0.0661197, -0.105651, -0.124984, -0.109333, -0.0706173, -0.0336162, -0.0117689, -0.00302272, -0.000567952, -7.78209e-05, -7.74842e-06, -5.58341e-07, -2.89954e-08, -1.12456e-09, 3.63112e-11, -6.37962e-11, 4.41177e-11, -1.59957e-11, -1.25968e-11, 3.50513e-11, -4.76272e-11, 4.94311e-11, -4.18364e-11, 2.76404e-11, -1.02247e-11, -7.14999e-12, 2.1825e-11, -3.2016e-11, 3.68733e-11, -3.64131e-11, 3.1336e-11, -2.28146e-11, 1.22555e-11, -1.10465e-12, -9.33458e-12, 1.80015e-11, -2.43651e-11, 1.96394e-11, -2.81011e-10, -6.20354e-09, -1.16622e-07, -1.65875e-06, -1.791e-05, -0.00014653, -0.000906668, -0.00423342, -0.014878, -0.0392412, -0.0774195, -0.113831, -0.124213, -0.100128, -0.0593191, -0.0256796, -0.00807192, -0.00182934, -0.000296557, -3.36772e-05, 2.41269e-06, 4.8023e-05, 0.000342358, 0.00184907, 0.00756673
1.62, 0.0921418, 0.103257, 0.123638, 0.12363, 0.0940903, 0.0532538, 0.0222879, 0.00688337, 0.0015663, 0.000262114, 3.13772e-05, -7.53207e-06, -9.59701e-05, -0.000656967, -0.00332838, -0.0125067, -0.0348535, -0.0720104, -0.110233, -0.124909, -0.104642, -0.0647119, -0.0294867, -0.00987839, -0.00242703, -0.000436068, -5.71116e-05, -5.43272e-06, -3.73882e-07, -1.85648e-08, -5.96357e-10, -8.37568e-11, 5.18301e-11, -2.52229e-11, -4.59134e-12, 2.97831e-11, -4.56595e-11, 5.05464e-11, -4.53018e-11, 3.24776e-11, -1.54362e-11, -2.42145e-12, 1.82051e-11, -2.98635e-11, 3.62912e-11, -3.72888e-11, 3.33974e-11, -2.56906e-11, 1.5536e-11, -4.38971e-12, -6.39471e-12, 1.56828e-11, -2.26584e-11, 2.6727e-11, -3.27507e-11, -1.30494e-10, -4.03767e-09, -7.81051e-08, -1.1555e-06, -1.29749e-05, -0.000110433, -0.000711106, -0.00345669, -0.0126527, -0.0347739, -0.0715257, -0.109704, -0.124955, -0.105213, -0.0651575, -0.0295105, -0.00971359, -0.00230753, -0.000392539, -4.6809e-05, 3.19228e-06, 6.45609e-05, 0.000442923, 0.00229997, 0.00904407
1.62667, 0.0822156, 0.0945743, 0.119135, 0.12499, 0.0994866, 0.0588237, 0.0257127, 0.00829414, 0.00197152, 0.000344698, 4.30508e-05, -1.04175e-05, -0.000128539, -0.000843454, -0.00409509, -0.0147457, -0.0393762, -0.0779475, -0.114309, -0.124066, -0.0995335, -0.0589321, -0.0257028, -0.00823943, -0.0019364, -0.000332673, -4.16436e-05, -3.78455e-06, -2.48706e-07, -1.17073e-08, -4.6772e-10, 4.97476e-11, -3.47478e-11, 4.14685e-12, 2.35161e-11, -4.27004e-11, 5.08596e-11, -4.82463e-11, 3.70948e-11, -2.06966e-11, 2.56276e-12, 1.41968e-11, -2.72635e-11, 3.52678e-11, -3.7781e-11, 3.51678e-11, -2.83877e-11, 1.87547e-11, -7.72264e-12, -3.31362e-12, 1.3149e-11, -2.08768e-11, 2.5918e-11, -2.8105e-11, 2.45489e-11, -1.20968e-10, -2.55504e-09, -5.20674e-08, -8.00464e-07, -9.34736e-06, -8.27604e-05, -0.000554557, -0.00280624, -0.0106976, -0.0306336, -0.0656861, -0.105086, -0.124928, -0.109865, -0.0711152, -0.033693, -0.0116119, -0.00289107, -0.000515999, -6.45982e-05, 4.18654e-06, 8.63132e-05, 0.000569846, 0.00284473, 0.0107483
1.63333, 0.0729081, 0.086173, 0.114213, 0.125651, 0.104564, 0.0645792, 0.0294809, 0.00993223, 0.00246615, 0.000450475, 5.86933e-05, -1.43181e-05, -0.000171118, -0.00107634, -0.00500792, -0.0172801, -0.0442152, -0.0838591, -0.11781, -0.12247, -0.0940892, -0.0533348, -0.0222644, -0.00682915, -0.00153516, -0.000252174, -3.01698e-05, -2.61922e-06, -1.64287e-07, -7.48715e-09, -1.74229e-10, -4.93746e-11, 1.3423e-11, 1.62632e-11, -3.87005e-11, 5.02886e-11, -5.05798e-11, 4.14096e-11, -2.59401e-11, 7.75759e-12, 9.82408e-12, -2.42214e-11, 3.37935e-11, -3.78679e-11, 3.66179e-11, -3.08732e-11, 2.18787e-11, -1.10736e-11, -1.15643e-13, 1.04209e-11, -1.8851e-11, 2.47339e-11, -2.77461e-11, 2.78389e-11, -2.70232e-11, -3.86937e-11, -1.65569e-09, -3.44889e-08, -5.51472e-07, -6.69657e-06, -6.16739e-05, -0.000430019, -0.00226513, -0.00899211, -0.0268277, -0.0599639, -0.100055, -0.124136, -0.114007, -0.077125, -0.0382197, -0.0137896, -0.0035978, -0.000673621, -8.85154e-05, 5.44084e-06, 0.000114753, 0.000729061, 0.00349868, 0.0127006
1.64, 0.0642571, 0.0781071, 0.108921, 0.125589, 0.109238, 0.0704635, 0.033593, 0.0118203, 0.00306575, 0.000585041, 7.95111e-05, -1.95524e-05, -0.000226418, -0.00136521, -0.00608714, -0.0201273, -0.0493466, -0.0896681, -0.120673, -0.120151, -0.0883923, -0.047969, -0.0191653, -0.00562461, -0.00120934, -0.000189932, -2.17163e-05, -1.80091e-06, -1.07949e-07, -4.57684e-09, -1.95983e-10, 2.0212e-11, 8.01545e-12, -3.36213e-11, 4.87538e-11, -5.22095e-11, 4.5334e-11, -3.10947e-11, 1.31121e-11, 5.11636e-12, -2.07475e-11, 3.18616e-11, -3.75298e-11, 3.77198e-11, -3.31148e-11, 2.48747e-11, -1.44116e-11, 3.17267e-12, 7.51889e-12, -1.65918e-11, 2.32827e-11, -2.71741e-11, 2.81659e-11, -2.647e-11, 2.14734e-11, -5.29689e-11, -1.03083e-09, -2.27384e-08, -3.77843e-07, -4.77087e-06, -4.57025e-05, -0.000331561, -0.00181789, -0.00751475, -0.0233568, -0.0544148, -0.0946896, -0.122592, -0.117569, -0.0831131, -0.043075, -0.0162681, -0.00444724, -0.000873355, -0.000120429, 7.00466e-06, 0.000151713, 0.00092756, 0.00427865, 0.0149215
1.64667, 0.0562848, 0.070422, 0.103317, 0.124794, 0.113429, 0.076412, 0.0380426, 0.0139802, 0.00378747, 0.00075507, 0.000107024, -2.65303e-05, -0.00029777, -0.00172115, -0.00735411, -0.0233011, -0.0547381, -0.0952936, -0.122848, -0.117149, -0.0825262, -0.0428744, -0.0163943, -0.00460333, -0.000946631, -0.000142138, -1.55307e-05, -1.23032e-06, -7.02851e-08, -2.95269e-09, -5.15061e-11, -2.79582e-12, -2.74624e-11, 4.61796e-11, -5.30407e-11, 4.87758e-11, -3.60835e-11, 1.857e-11, 1.08632e-13, -1.68559e-11, 2.94683e-11, -3.67505e-11, 3.84484e-11, -3.50814e-11, 2.77096e-11, -1.7705e-11, 6.52356e-12, 4.46485e-12, -1.41139e-11, 2.15723e-11, -2.63293e-11, 2.81962e-11, -2.72873e-11, 2.39381e-11, -1.92719e-11, -9.8247e-12, -6.61458e-10, -1.49049e-08, -2.57445e-07, -3.38012e-06, -3.36776e-05, -0.000254201, -0.00145062, -0.00624381, -0.020216, -0.0490862, -0.0890728, -0.120329, -0.12049, -0.0890005, -0.0482348, -0.0190662, -0.00546043, -0.00112456, -0.000162693, 8.93043e-06, 0.000199454, 0.00117351, 0.00520285, 0.0174301
1.65333, 0.0489988, 0.0631545, 0.0974645, 0.123271, 0.117063, 0.0823535, 0.0428158, 0.0164325, 0.00465008, 0.000968443, 0.000143137, -3.57705e-05, -0.000389227, -0.00215676, -0.00883093, -0.0268116, -0.0603488, -0.100653, -0.124294, -0.113519, -0.0765721, -0.0380821, -0.0139361, -0.00374373, -0.000736281, -0.00010569, -1.10354e-05, -8.34867e-07, -4.5652e-08, -1.74386e-09, -6.09819e-11, -2.11373e-11, 4.24831e-11, -5.29777e-11, 5.1638e-11, -4.08223e-11, 2.40675e-11, -5.15798e-12, -1.25659e-11, 2.66154e-11, -3.55171e-11, 3.87794e-11, -3.67418e-11, 3.03504e-11, -2.09214e-11, 9.90755e-12, 1.28249e-12, -1.14343e-11, 1.96119e-11, -2.52125e-11, 2.79576e-11, -2.78808e-11, 2.5262e-11, -2.05862e-11, 1.41022e-11, -2.07588e-11, -4.11424e-10, -9.70911e-09, -1.74474e-07, -2.3815e-06, -2.4678e-05, -0.000193791, -0.00115094, -0.00515787, -0.0173952, -0.0440172, -0.0832861, -0.117387, -0.122718, -0.0947045, -0.0536663, -0.0221995, -0.00665972, -0.00143815, -0.00021824, 1.12703e-05, 0.000260746, 0.00147636, 0.00629077, 0.020243
1.66, 0.0423939, 0.0563324, 0.0914302, 0.121041, 0.120077, 0.0882111, 0.0478907, 0.0191955, 0.00567374, 0.00123438, 0.000190214, -4.79198e-05, -0.000505677, -0.00268625, -0.01054, -0.0306634, -0.0661289, -0.105663, -0.124985, -0.109322, -0.0706071, -0.0336147, -0.0117721, -0.00302542, -0.000569032, -7.80844e-05, -7.79046e-06, -5.63031e-07, -2.92854e-08, -1.11902e-09, -4.10728e-11, 3.70884e-11, -5.19319e-11, 5.38187e-11, -4.52214e-11, 2.95352e-11, -1.06378e-11, -7.90164e-12, 2.33077e-11, -3.38187e-11, 3.86905e-11, -3.80678e-11, 3.27651e-11, -2.40278e-11, 1.32945e-11, -2.00297e-12, -8.57167e-12, 1.74132e-11, -2.38278e-11, 2.7447e-11, -2.82213e-11, 2.63605e-11, -2.22895e-11, 1.65632e-11, -1.00195e-11, -5.25758e-12, -2.52767e-10, -6.30955e-09, -1.17561e-07, -1.66869e-06, -1.79825e-05, -0.000146905, -0.000907978, -0.00423626, -0.0148807, -0.0392385, -0.0774087, -0.113821, -0.124215, -0.100141, -0.0593273, -0.0256792, -0.00806835, -0.00182667, -0.000290694, 1.40724e-05, 0.000338952, 0.00184694, 0.0075629, 0.0233741
1.66667, 0.036454, 0.0499747, 0.0852839, 0.118137, 0.122414, 0.0939042, 0.0532367, 0.0222845, 0.00687982, 0.00156353, 0.000251157, -6.37834e-05, -0.000652963, -0.00332548, -0.0125036, -0.0348552, -0.0720207, -0.110244, -0.124908, -0.10463, -0.0647028, -0.0294862, -0.00988176, -0.00242949, -0.000436975, -5.73194e-05, -5.46432e-06, -3.77034e-07, -1.87913e-08, -6.71796e-10, 1.45193e-11, -5.00944e-11, 5.52078e-11, -4.91841e-11, 3.48966e-11, -1.62777e-11, -2.89333e-12, 1.95551e-11, -3.16484e-11, 3.8163e-11, -3.90319e-11, 3.4921e-11, -2.69911e-11, 1.66535e-11, -5.36453e-12, -5.54747e-12, 1.49903e-11, -2.21813e-11, 2.66628e-11, -2.83002e-11, 2.72299e-11, -2.38186e-11, 1.85835e-11, -1.21421e-11, 5.0183e-12, -2.93022e-12, -1.6764e-10, -4.04861e-09, -7.88226e-08, -1.16273e-06, -1.30307e-05, -0.000110736, -0.000712231, -0.00345932, -0.0126557, -0.0347723, -0.0715158, -0.109693, -0.124956, -0.105225, -0.065167, -0.0295111, -0.00971006, -0.0023044, -0.000384486, 1.73744e-05, 0.000438122, 0.00229754, 0.00904042, 0.0268333
1.67333, 0.0311539, 0.0440921, 0.0790945, 0.114608, 0.124033, 0.0993496, 0.0588145, 0.0257107, 0.00829058, 0.00196811, 0.000329499, -8.43548e-05, -0.000838004, -0.00409188, -0.0147429, -0.0393791, -0.0779586, -0.114319, -0.124063, -0.0995212, -0.0589242, -0.0257033, -0.00824286, -0.0019386, -0.000333428, -4.18065e-05, -3.80772e-06, -2.50993e-07, -1.19071e-08, -3.814e-10, -5.63215e-11, 5.55376e-11, -5.26096e-11, 4.00683e-11, -2.20182e-11, 2.4239e-12, 1.53713e-11, -2.90027e-11, 3.71805e-11, -3.96082e-11, 3.67871e-11, -2.97782e-11, 1.99526e-11, -8.77372e-12, -2.38444e-12, 1.23587e-11, -2.02814e-11, 2.56061e-11, -2.81115e-11, 2.78581e-11, -2.51503e-11, 2.04592e-11, -1.43726e-11, 7.51676e-12, -5.79669e-13, -8.90067e-12, -8.66397e-11, -2.62155e-09, -5.25113e-08, -8.05772e-07, -9.38985e-06, -8.30036e-05, -0.000555513, -0.00280866, -0.0107007, -0.0306331, -0.0656773, -0.105075, -0.124927, -0.109876, -0.0711257, -0.0336947, -0.0116085, -0.00288741, -0.000504982, 2.11959e-05, 0.000563089, 0.00284195, 0.0107448, 0.0306255
1.68, 0.0264608, 0.0386877, 0.0729292, 0.11051, 0.124902, 0.104464, 0.0645761, 0.0294803, 0.00992871, 0.00246196, 0.000429502, -0.000110842, -0.00106891, -0.00500439, -0.0172778, -0.0442193, -0.0838709, -0.117818, -0.122465, -0.0940767, -0.0533282, -0.0222658, -0.00683255, -0.00153711, -0.000252797, -3.0296e-05, -2.63635e-06, -1.65891e-07, -7.50264e-09, -2.86036e-10, 4.95394e-11, -5.54735e-11, 4.49575e-11, -2.77931e-11, 8.00884e-12, 1.0775e-11, -2.58822e-11, 3.57287e-11, -3.97725e-11, 3.83333e-11, -3.23569e-11, 2.31595e-11, -1.22009e-11, 8.93206e-13, 9.53652e-12, -1.81392e-11, 2.42803e-11, -2.7651e-11, 2.82343e-11, -2.62682e-11, 2.21736e-11, -1.65056e-11, 9.87461e-12, -2.90404e-12, -3.86885e-12, 8.16294e-12, -7.5132e-11, -1.64372e-09, -3.48455e-08, -5.55272e-07, -6.72881e-06, -6.18677e-05, -0.000430825, -0.00226731, -0.00899535, -0.0268281, -0.0599562, -0.100043, -0.124132, -0.114017, -0.0771364, -0.0382226, -0.0137865, -0.00359351, -0.000658606, 2.55276e-05, 0.000719574, 0.00349551, 0.0126974, 0.0347504
1.68667, 0.0223366, 0.0337573, 0.0668512, 0.105912, 0.125006, 0.109166, 0.0704649, 0.0335938, 0.0118169, 0.00306054, 0.000556259, -0.000144704, -0.0013551, -0.00608326, -0.0201254, -0.049352, -0.0896803, -0.12068, -0.120144, -0.08838, -0.0479637, -0.0191674, -0.0056279, -0.00121106, -0.000190441, -2.18137e-05, -1.81336e-06, -1.08965e-07, -4.74856e-09, -9.24148e-11, -6.0607e-11, 4.94183e-11, -3.35291e-11, 1.3814e-11, 5.79024e-12, -2.22913e-11, 3.37971e-11, -3.95034e-11, 3.95312e-11, -3.46947e-11, 2.62412e-11, -1.56161e-11, 4.25935e-12, 6.54431e-12, -1.57679e-11, 2.26906e-11, -2.69169e-11, 2.83501e-11, -2.71582e-11, 2.37084e-11, -1.85176e-11, 1.21748e-11, -5.29826e-12, -1.52935e-12, 7.76659e-12, -1.40413e-11, -1.98549e-11, -1.07395e-09, -2.29413e-08, -3.80604e-07, -4.79511e-06, -4.58558e-05, -0.000332235, -0.00181984, -0.00751798, -0.023358, -0.0544083, -0.0946773, -0.122587, -0.117578, -0.0831252, -0.0430792, -0.0162654, -0.00444219, -0.000852974, 3.03178e-05, 0.000914279, 0.004275, 0.0149187, 0.0392009
1.69333, 0.0187394, 0.0292907, 0.0609186, 0.100886, 0.124341, 0.113377, 0.0764169, 0.0380447, 0.013977, 0.00378094, 0.00071578, -0.000187688, -0.00170737, -0.00734985, -0.0232999, -0.0547449, -0.095306, -0.122853, -0.117141, -0.0825144, -0.0428704, -0.0163969, -0.00460647, -0.000948113, -0.00014255, -1.5605e-05, -1.23926e-06, -7.11322e-08, -2.88375e-09, -1.45179e-10, 5.16664e-11, -3.91692e-11, 1.97844e-11, 4.46211e-13, -1.82381e-11, 3.13773e-11, -3.87805e-11, 4.03529e-11, -3.67595e-11, 2.91649e-11, -1.8988e-11, 7.68645e-12, 3.40366e-12, -1.3182e-11, 2.08448e-11, -2.591e-11, 2.8199e-11, -2.78077e-11, 2.5046e-11, -2.03877e-11, 1.4396e-11, -7.679e-12, 8.24185e-13, 5.63079e-12, -1.12532e-11, 1.50921e-11, -4.1095e-11, -6.45153e-10, -1.50776e-08, -2.59394e-07, -3.39826e-06, -3.3798e-05, -0.000254759, -0.00145235, -0.00624695, -0.0202178, -0.049081, -0.0890608, -0.120322, -0.120497, -0.089013, -0.0482404, -0.019064, -0.00545446, -0.00109701, 3.54563e-05, 0.00115498, 0.00519863, 0.0174276, 0.0439628
1.7, 0.015625, 0.0252722, 0.0551834, 0.0955129, 0.122921, 0.117027, 0.0823609, 0.0428193, 0.0164295, 0.00464181, 0.000915102, -0.000241859, -0.00213802, -0.00882623, -0.0268112, -0.0603568, -0.100665, -0.124297, -0.113508, -0.076561, -0.0380794, -0.013939, -0.00374666, -0.000737552, -0.000106021, -1.10917e-05, -8.41412e-07, -4.60449e-08, -1.87368e-09, 5.77079e-12, -4.55676e-11, 2.58453e-11, -5.22237e-12, -1.37355e-11, 2.8465e-11, -3.75877e-11, 4.07732e-11, -3.8521e-11, 3.18985e-11, -2.22848e-11, 1.11458e-11, 1.38146e-13, -1.03995e-11, 1.87539e-11, -2.4633e-11, 2.77764e-11, -2.82058e-11, 2.61702e-11, -2.20959e-11, 1.65156e-11, -1.00228e-11, 3.20417e-12, 3.38939e-12, -9.29044e-12, 1.41199e-11, -1.79782e-11, 6.16632e-12, -4.37872e-10, -9.80097e-09, -1.7587e-07, -2.39497e-06, -2.47719e-05, -0.00019425, -0.00115246, -0.00516089, -0.0173975, -0.0440133, -0.0832745, -0.117378, -0.122723, -0.0947171, -0.0536732, -0.0221979, -0.00665258, -0.00140106, 4.07546e-05, 0.00145062, 0.00628582, 0.0202411, 0.0490143
1.70667, 0.0129481, 0.0216816, 0.0496901, 0.0898731, 0.120771, 0.120051, 0.0882204, 0.0478956, 0.0191929, 0.00566317, 0.00116236, -0.000309631, -0.0026608, -0.0105348, -0.0306639, -0.0661381, -0.105675, -0.124986, -0.10931, -0.0705969, -0.0336132, -0.0117753, -0.00302812, -0.000570111, -7.83481e-05, -7.83284e-06, -5.6751e-07, -2.97391e-08, -1.05572e-09, -7.95896e-11, 3.13972e-11, -1.11814e-11, -8.8008e-12, 2.50593e-11, -3.59095e-11, 4.07669e-11, -3.99488e-11, 3.44089e-11, -2.54741e-11, 1.46081e-11, -3.22713e-12, -7.43944e-12, 1.64294e-11, -2.30905e-11, 2.70803e-11, -2.83442e-11, 2.70668e-11, -2.36235e-11, 1.85123e-11, -1.23067e-11, 5.58857e-12, 1.08255e-12, -7.22004e-12, 1.24228e-11, -1.64069e-11, 1.87891e-11, -2.82317e-11, -2.40894e-10, -6.38831e-09, -1.18541e-07, -1.67862e-06, -1.80551e-05, -0.000147279, -0.000909288, -0.0042391, -0.0148835, -0.0392358, -0.0773978, -0.113811, -0.124218, -0.100153, -0.0593356, -0.0256783, -0.00805971, -0.00177696, 4.59233e-05, 0.00181135, 0.00755699, 0.0233728, 0.0543251
1.71333, 0.010664, 0.0184954, 0.0444756, 0.0840491, 0.11793, 0.122396, 0.0939145, 0.053243, 0.0222823, 0.00686618, 0.00146684, -0.000393802, -0.003291, -0.0124976, -0.0348568, -0.0720309, -0.110255, -0.124906, -0.104618, -0.0646937, -0.0294858, -0.00988514, -0.00243194, -0.000437883, -5.75276e-05, -5.49576e-06, -3.80398e-07, -1.89273e-08, -7.35047e-10, 2.05973e-11, -1.76777e-11, -3.46017e-12, 2.11625e-11, -3.37341e-11, 4.03125e-11, -4.10147e-11, 3.66648e-11, -2.85236e-11, 1.80427e-11, -6.66538e-12, -4.32277e-12, 1.3886e-11, -2.12904e-11, 2.61112e-11, -2.82159e-11, 2.77228e-11, -2.49528e-11, 2.0365e-11, -1.45079e-11, 7.9543e-12, -1.26777e-12, -5.04973e-12, 1.0572e-11, -1.49799e-11, 1.8057e-11, -1.9822e-11, 1.50749e-11, -1.80689e-10, -4.09311e-09, -7.95055e-08, -1.17002e-06, -1.30865e-05, -0.000111039, -0.000713355, -0.00346195, -0.0126587, -0.0347707, -0.0715059, -0.109682, -0.124956, -0.105237, -0.0651764, -0.029511, -0.00969945, -0.00223808, 5.05466e-05, 0.00224857, 0.00903325, 0.0268326, 0.0598569
1.72, 0.00872881, 0.0156871, 0.0395691, 0.0781214, 0.114448, 0.124019, 0.0993605, 0.0588221, 0.025709, 0.0082728, 0.00183904, -0.000497563, -0.0040453, -0.014736, -0.0393818, -0.0779698, -0.114329, -0.124059, -0.0995088, -0.0589163, -0.0257038, -0.00824629, -0.00194081, -0.000334184, -4.19694e-05, -3.83119e-06, -2.53164e-07, -1.21265e-08, -3.68799e-10, -3.38083e-11, 2.09619e-12, 1.67788e-11, -3.10519e-11, 3.93893e-11, -4.16911e-11, 3.86342e-11, -3.14009e-11, 2.14187e-11, -1.01491e-11, -1.07218e-12, 1.11405e-11, -1.92424e-11, 2.48711e-11, -2.78162e-11, 2.81276e-11, -2.6068e-11, 2.20536e-11, -1.6604e-11, 1.02784e-11, -3.63942e-12, -2.79942e-12, 8.59012e-12, -1.33853e-11, 1.69365e-11, -1.911e-11, 1.9803e-11, -2.21638e-11, -8.24863e-11, -2.65168e-09, -5.29979e-08, -8.11061e-07, -9.43248e-06, -8.32471e-05, -0.00055647, -0.00281107, -0.0107039, -0.0306325, -0.0656684, -0.105063, -0.124926, -0.109887, -0.0711362, -0.0336955, -0.0115953, -0.00279932, 5.40547e-05, 0.00277493, 0.0107359, 0.0306257, 0.0655626
1.72667, 0.00710092, 0.0132288, 0.0349915, 0.072167, 0.110387, 0.124891, 0.104475, 0.0645849, 0.029479, 0.00990539, 0.00229064, -0.000624517, -0.00494165, -0.0172695, -0.0442231, -0.0838827, -0.117827, -0.12246, -0.0940642, -0.0533216, -0.0222671, -0.00683594, -0.00153907, -0.00025342, -3.04226e-05, -2.65338e-06, -1.67556e-07, -7.56965e-09, -2.78822e-10, 2.55854e-12, 1.18291e-11, -2.78573e-11, 3.79793e-11, -4.19518e-11, 4.02869e-11, -3.40738e-11, 2.4704e-11, -1.36492e-11, 2.28769e-12, 8.21145e-12, -1.6958e-11, 2.33646e-11, -2.71431e-11, 2.82724e-11, -2.69543e-11, 2.35592e-11, -1.85732e-11, 1.25373e-11, -6.00902e-12, -4.90474e-13, 6.49582e-12, -1.16339e-11, 1.56242e-11, -1.82978e-11, 1.95825e-11, -1.95463e-11, 1.64782e-11, -7.71915e-11, -1.67038e-09, -3.51651e-08, -5.59124e-07, -6.76109e-06, -6.20617e-05, -0.000431632, -0.0022695, -0.00899858, -0.0268284, -0.0599486, -0.10003, -0.124129, -0.114027, -0.0771478, -0.0382243, -0.0137698, -0.00347705, 5.56954e-05, 0.00340429, 0.0126861, 0.0347514, 0.0713872
1.73333, 0.00574115, 0.0110912, 0.0307564, 0.0662579, 0.105817, 0.124996, 0.109176, 0.0704748, 0.0335927, 0.0117861, 0.00283444, -0.000778673, -0.0059991, -0.0201153, -0.0493569, -0.0896926, -0.120687, -0.120137, -0.0883677, -0.0479584, -0.0191694, -0.0056312, -0.00121277, -0.000190951, -2.1911e-05, -1.82594e-06, -1.1001e-07, -4.81559e-09, -1.34011e-10, 3.30645e-12, -2.41952e-11, 3.60654e-11, -4.17723e-11, 4.15932e-11, -3.65105e-11, 2.78675e-11, -1.71365e-11, 5.7315e-12, 5.1189e-12, -1.44511e-11, 2.15992e-11, -2.61968e-11, 2.81502e-11, -2.75991e-11, 2.48645e-11, -2.03945e-11, 1.47081e-11, -8.35343e-12, 1.85498e-12, 4.30842e-12, -9.74088e-12, 1.41331e-11, -1.72829e-11, 1.90844e-11, -1.95333e-11, 1.86837e-11, -1.77554e-11, -2.36382e-11, -1.07857e-09, -2.31832e-08, -3.83344e-07, -4.81945e-06, -4.60093e-05, -0.000332909, -0.00182179, -0.0075212, -0.0233591, -0.0544019, -0.0946651, -0.122582, -0.117586, -0.0831372, -0.0430817, -0.0162439, -0.00428897, 5.45053e-05, 0.00415156, 0.014904, 0.0392027, 0.0772681
1.74, 0.00461325, 0.00924515, 0.02687, 0.0604598, 0.100813, 0.124332, 0.113387, 0.0764277, 0.0380438, 0.0139361, 0.0034843, -0.000964421, -0.00723743, -0.0232871, -0.0547507, -0.0953184, -0.122858, -0.117132, -0.0825026, -0.0428665, -0.0163994, -0.0046096, -0.000949595, -0.000142963, -1.56795e-05, -1.24822e-06, -7.18975e-08, -2.95617e-09, -8.75515e-11, -2.1783e-11, 3.36074e-11, -4.11296e-11, 4.25248e-11, -3.86795e-11, 3.08765e-11, -2.05799e-11, 9.23186e-12, 1.88537e-12, -1.17382e-11, 1.95841e-11, -2.49788e-11, 2.77561e-11, -2.79918e-11, 2.59531e-11, -2.20473e-11, 1.67683e-11, -1.06492e-11, 4.21388e-12, 2.049e-12, -7.72428e-12, 1.24764e-11, -1.60725e-11, 1.83732e-11, -1.93396e-11, 1.9015e-11, -1.7535e-11, 1.44539e-11, -3.45915e-11, -6.66397e-10, -1.52171e-08, -2.61383e-07, -3.41642e-06, -3.39185e-05, -0.000255318, -0.00145407, -0.0062501, -0.0202196, -0.0490759, -0.0890487, -0.120314, -0.120503, -0.0890253, -0.0482434, -0.0190363, -0.00525384, 4.92843e-05, 0.00503259, 0.0174084, 0.0439654, 0.0831362
1.74667, 0.00368417, 0.00766143, 0.0233321, 0.0548308, 0.0954553, 0.122912, 0.117036, 0.0823723, 0.0428181, 0.0163753, 0.0042549, -0.00118649, -0.00867673, -0.0267945, -0.0603635, -0.100677, -0.1243, -0.113498, -0.0765499, -0.0380768, -0.013942, -0.00374959, -0.000738823, -0.000106352, -1.1148e-05, -8.47922e-07, -4.65741e-08, -1.8483e-09, -6.73543e-11, 2.96226e-11, -4.00162e-11, 4.30536e-11, -4.05496e-11, 3.36996e-11, -2.39496e-11, 1.27615e-11, -1.46629e-12, -8.83675e-12, 1.73304e-11, -2.34942e-11, 2.70886e-11, -2.81236e-11, 2.68105e-11, -2.35134e-11, 1.86959e-11, -1.28723e-11, 6.56228e-12, -2.6028e-13, -5.60305e-12, 1.06692e-11, -1.46769e-11, 1.74541e-11, -1.89294e-11, 1.91135e-11, -1.81001e-11, 1.60336e-11, -1.34798e-11, -4.15475e-12, -4.29252e-10, -9.92438e-09, -1.77249e-07, -2.4085e-06, -2.48658e-05, -0.00019471, -0.00115397, -0.0051639, -0.0173999, -0.0440094, -0.083263, -0.117369, -0.122728, -0.0947295, -0.0536766, -0.0221616, -0.00639122, 3.85732e-05, 0.00606387, 0.0202154, 0.0490175, 0.0889165
1.75333, 0.00292413, 0.00631189, 0.0201369, 0.049421, 0.0898279, 0.120761, 0.120058, 0.088232, 0.0478935, 0.0191208, 0.00516149, -0.00144988, -0.0103369, -0.0306417, -0.0661454, -0.105687, -0.124987, -0.109299, -0.0705867, -0.0336117, -0.0117786, -0.00303082, -0.00057119, -7.86119e-05, -7.8753e-06, -5.72131e-07, -3.00389e-08, -1.1431e-09, -3.42926e-12, -3.89562e-11, 4.31458e-11, -4.20911e-11, 3.63055e-11, -2.72139e-11, 1.62906e-11, -4.91023e-12, -5.76699e-12, 1.48523e-11, -2.17497e-11, 2.61472e-11, -2.79874e-11, 2.74239e-11, -2.47748e-11, 2.04692e-11, -1.49993e-11, 8.87668e-12, -2.59672e-12, -3.39795e-12, 8.72892e-12, -1.31085e-11, 1.63346e-11, -1.83039e-11, 1.89949e-11, -1.84705e-11, 1.68547e-11, -1.43331e-11, 1.09101e-11, -1.57134e-11, -2.60973e-10, -6.44118e-09, -1.19547e-07, -1.68857e-06, -1.81279e-05, -0.000147654, -0.000910598, -0.00424194, -0.0148862, -0.0392331, -0.077387, -0.1138, -0.124221, -0.100165, -0.0593387, -0.0256306, -0.00772094, 2.06401e-05, 0.00726217, 0.0233381, 0.0543288, 0.0945304
1.76, 0.00230663, 0.00516954, 0.0172733, 0.0442718, 0.0840134, 0.117919, 0.122401, 0.0939262, 0.0532393, 0.0221865, 0.00621956, -0.00175977, -0.0122371, -0.0348269, -0.0720383, -0.110266, -0.124905, -0.104606, -0.0646846, -0.0294854, -0.00988851, -0.0024344, -0.00043879, -5.7736e-05, -5.52738e-06, -3.83624e-07, -1.92245e-08, -6.69031e-10, -5.40381e-11, 4.24725e-11, -4.32784e-11, 3.86625e-11, -3.03412e-11, 1.97903e-11, -8.42118e-12, -2.54994e-12, 1.21648e-11, -1.97545e-11, 2.49342e-11, -2.75787e-11, 2.77831e-11, -2.58158e-11, 2.20682e-11, -1.70076e-11, 1.11329e-11, -4.93598e-12, -1.13131e-12, 6.67424e-12, -1.13819e-11, 1.50242e-11, -1.74671e-11, 1.86575e-11, -1.86278e-11, 1.7474e-11, -1.53537e-11, 1.24586e-11, -9.13328e-12, 3.08528e-13, -1.65742e-10, -4.15988e-09, -8.01776e-08, -1.17735e-06, -1.31424e-05, -0.000111343, -0.00071448, -0.00346459, -0.0126616, -0.0347691, -0.0714959, -0.109671, -0.124957, -0.105248, -0.0651788, -0.029448, -0.0092626, -6.5239e-06, 0.00864415, 0.0267857, 0.0598605, 0.0998964
1.76667, 0.00180835, 0.00420901, 0.0147267, 0.0394159, 0.078093, 0.114437, 0.124022, 0.0993716, 0.0588156, 0.0255819, 0.00744436, -0.00212136, -0.0143948, -0.0393412, -0.0779769, -0.114338, -0.124056, -0.0994964, -0.0589084, -0.0257044, -0.00824972, -0.00194301, -0.00033494, -4.21325e-05, -3.85458e-06, -2.55513e-07, -1.22038e-08, -4.53488e-10, 3.16503e-11, -4.42506e-11, 4.07377e-11, -3.33008e-11, 2.32306e-11, -1.19713e-11, 7.90963e-13, 9.28593e-12, -1.75198e-11, 2.34539e-11, -2.68955e-11, 2.78791e-11, -2.66215e-11, 2.34738e-11, -1.8875e-11, 1.33065e-11, -7.25359e-12, 1.17401e-12, 4.52553e-12, -9.51375e-12, 1.35348e-11, -1.64256e-11, 1.81023e-11, -1.85671e-11, 1.78872e-11, -1.61952e-11, 1.36631e-11, -1.05011e-11, 6.86281e-12, -6.12289e-12, -1.02069e-10, -2.66497e-09, -5.34974e-08, -8.16368e-07, -9.47519e-06, -8.34907e-05, -0.000557427, -0.00281348, -0.0107071, -0.030632, -0.0656595, -0.105051, -0.124924, -0.109898, -0.0711369, -0.0336122, -0.0110349, -4.51951e-05, 0.0102258, 0.0305618, 0.0655656, 0.104933
1.77333, 0.001409, 0.00340672, 0.0124788, 0.0348773, 0.0721443, 0.110375, 0.124892, 0.104485, 0.064574, 0.0293109, 0.00885037, -0.00253974, -0.0168252, -0.0441678, -0.0838887, -0.117835, -0.122454, -0.0940517, -0.0533151, -0.0222684, -0.00683934, -0.00154102, -0.000254043, -3.05493e-05, -2.67063e-06, -1.69075e-07, -7.75155e-09, -2.12509e-10, -5.03807e-11, 4.24088e-11, -3.60626e-11, 2.6581e-11, -1.55325e-11, 4.23159e-12, 6.23493e-12, -1.50592e-11, 2.17135e-11, -2.5938e-11, 2.77054e-11, -2.71795e-11, 2.46687e-11, -2.05799e-11, 1.53734e-11, -9.52521e-12, 3.49423e-12, 2.30525e-12, -7.52314e-12, 1.18809e-11, -1.51885e-11, 1.73328e-11, -1.8286e-11, 1.80868e-11, -1.6841e-11, 1.46983e-11, -1.18504e-11, 8.50478e-12, -4.92214e-12, -5.38748e-13, -6.00687e-11, -1.70968e-09, -3.54813e-08, -5.62992e-07, -6.79345e-06, -6.2256e-05, -0.000432438, -0.00227168, -0.00900181, -0.0268288, -0.0599409, -0.100018, -0.124125, -0.114036, -0.0771456, -0.0381141, -0.0130548, -9.78901e-05, 0.0120216, 0.0346647, 0.0713888, 0.109559
1.78, 0.0010911, 0.00274101, 0.0105095, 0.0306721, 0.0662399, 0.105804, 0.124995, 0.109185, 0.0704575, 0.0333713, 0.0104507, -0.00301966, -0.0195398, -0.0492817, -0.0896966, -0.120693, -0.12013, -0.0883554, -0.0479532, -0.0191714, -0.00563448, -0.00121447, -0.00019146, -2.20086e-05, -1.83841e-06, -1.11193e-07, -4.80701e-09, -1.95958e-10, 4.05512e-11, -3.86462e-11, 2.98105e-11, -1.9076e-11, 7.74633e-12, 3.03295e-12, -1.23879e-11, 1.97218e-11, -2.47082e-11, 2.72575e-11, -2.74792e-11, 2.56369e-11, -2.21018e-11, 1.73107e-11, -1.17262e-11, 5.80369e-12, 3.69231e-14, -5.42997e-12, 1.00787e-11, -1.37674e-11, 1.6355e-11, -1.77848e-11, 1.8067e-11, -1.72802e-11, 1.55509e-11, -1.30506e-11, 9.97238e-12, -6.52923e-12, 2.90985e-12, -4.08895e-13, -4.20781e-11, -1.07537e-09, -2.34281e-08, -3.86101e-07, -4.84384e-06, -4.61629e-05, -0.000333583, -0.00182375, -0.00752442, -0.0233603, -0.0543955, -0.0946528, -0.122576, -0.117593, -0.0831306, -0.0429363, -0.0153366, -0.00016732, 0.0140443, 0.0390851, 0.0772671, 0.113699
1.78667, 0.000839735, 0.0021923, 0.00879691, 0.0268086, 0.0604455, 0.1008, 0.124329, 0.113394, 0.076401, 0.0377533, 0.0122561, -0.00356534, -0.0225462, -0.0546487, -0.0953191, -0.122862, -0.117123, -0.0824907, -0.0428625, -0.016402, -0.00461272, -0.000951077, -0.000143376, -1.5754e-05, -1.25737e-06, -7.25739e-08, -3.06501e-09, -4.51527e-11, -4.27829e-11, 3.28614e-11, -2.25731e-11, 1.13087e-11, -2.97362e-13, -9.52387e-12, 1.74908e-11, -2.32115e-11, 2.65338e-11, -2.75127e-11, 2.6364e-11, -2.34216e-11, 1.90955e-11, -1.38312e-11, 8.07697e-12, -2.25566e-12, -3.25677e-12, 8.14731e-12, -1.21764e-11, 1.51775e-11, -1.70664e-11, 1.78248e-11, -1.75043e-11, 1.62068e-11, -1.40825e-11, 1.13079e-11, -8.08395e-12, 4.61347e-12, -1.11148e-12, -2.87247e-12, -1.78612e-11, -6.91534e-10, -1.53598e-08, -2.63374e-07, -3.43465e-06, -3.40392e-05, -0.000255877, -0.0014558, -0.00625324, -0.0202214, -0.0490707, -0.0890367, -0.120307, -0.120508, -0.0890122, -0.0480523, -0.0178911, -0.000256319, 0.0163035, 0.0438067, 0.0831308, 0.11728
1.79333, 0.000642309, 0.00174299, 0.00731835, 0.0232879, 0.0548196, 0.0954425, 0.122907, 0.117039, 0.0823326, 0.042439, 0.0142747, -0.00418012, -0.0258463, -0.0602258, -0.100673, -0.124302, -0.113488, -0.0765387, -0.0380741, -0.0139449, -0.00375251, -0.000740094, -0.000106684, -1.12046e-05, -8.54349e-07, -4.716e-08, -1.82552e-09, -9.61067e-11, 3.47079e-11, -2.60089e-11, 1.48907e-11, -3.73149e-12, -6.48617e-12, 1.50336e-11, -2.14544e-11, 2.55344e-11, -2.72729e-11, 2.68373e-11, -2.45218e-11, 2.07062e-11, -1.5816e-11, 1.0289e-11, -4.54687e-12, -1.0275e-12, 6.10715e-12, -1.04317e-11, 1.38121e-11, -1.6137e-11, 1.73603e-11, -1.75072e-11, 1.66545e-11, -1.49299e-11, 1.24918e-11, -9.52682e-12, 6.22845e-12, -2.79575e-12, -5.91333e-13, 3.39093e-12, -2.05553e-11, -4.20642e-10, -1.00432e-08, -1.78644e-07, -2.42206e-06, -2.49599e-05, -0.000195169, -0.00115548, -0.0051669, -0.0174022, -0.0440055, -0.0832514, -0.11736, -0.122729, -0.0947072, -0.0534262, -0.0207243, -0.000367754, 0.0188051, 0.0488044, 0.0889047, 0.12024
1.8, 0.000488281, 0.00137749, 0.00605105, 0.0201056, 0.0494125, 0.0898154, 0.120754, 0.120058, 0.0881744, 0.0474013, 0.0165106, -0.00486625, -0.0294355, -0.0659605, -0.105676, -0.124986, -0.109288, -0.0705765, -0.0336102, -0.0117818, -0.00303352, -0.000572269, -7.88762e-05, -7.91773e-06, -5.76845e-07, -3.03291e-08, -1.1958e-09, 7.21713e-12, -2.99125e-11, 1.84565e-11, -7.24498e-12, -3.29567e-12, 1.23663e-11, -1.94469e-11, 2.42626e-11, -2.6757e-11, 2.70471e-11, -2.53867e-11, 2.21224e-11, -1.76566e-11, 1.24135e-11, -6.80998e-12, 1.23263e-12, 3.98068e-12, -8.55234e-12, 1.22727e-11, -1.50045e-11, 1.66758e-11, -1.72858e-11, 1.68852e-11, -1.55787e-11, 1.35052e-11, -1.08353e-11, 7.75081e-12, -4.44514e-12, 1.10224e-12, 2.09966e-12, -5.22187e-12, -9.22559e-13, -2.77869e-10, -6.5026e-09, -1.20546e-07, -1.69857e-06, -1.82008e-05, -0.000148029, -0.000911907, -0.00424477, -0.0148889, -0.0392304, -0.0773761, -0.11379, -0.124219, -0.10013, -0.0590124, -0.0238366, -0.000504404, 0.0215503, 0.0540443, 0.0945092, 0.122524
1.80667, 0.00036891, 0.00108213, 0.00497259, 0.0172518, 0.0442655, 0.0840013, 0.11791, 0.122396, 0.0938444, 0.0526036, 0.018963, -0.00562456, -0.0333019, -0.0717918, -0.110245, -0.124901, -0.104594, -0.0646755, -0.0294849, -0.00989188, -0.00243685, -0.000439697, -5.79446e-05, -5.55919e-06, -3.86839e-07, -1.94998e-08, -6.62777e-10, -5.07109e-11, 2.16664e-11, -1.08156e-11, 2.45563e-14, 9.50658e-12, -1.72008e-11, 2.27236e-11, -2.59628e-11, 2.69851e-11, -2.6002e-11, 2.33247e-11, -1.93298e-11, 1.4425e-11, -9.01869e-12, 3.49784e-12, 1.79212e-12, -6.5596e-12, 1.05761e-11, -1.36807e-11, 1.57777e-11, -1.68399e-11, 1.68924e-11, -1.60171e-11, 1.43312e-11, -1.19884e-11, 9.15739e-12, -6.0226e-12, 2.76311e-12, 4.45476e-13, -3.4483e-12, 5.98618e-12, -1.33573e-11, -1.56826e-10, -4.217e-09, -8.08669e-08, -1.18468e-06, -1.31984e-05, -0.000111646, -0.000715604, -0.00346722, -0.0126646, -0.0347675, -0.071486, -0.109659, -0.124951, -0.105197, -0.0647557, -0.0272215, -0.000668816, 0.0245347, 0.0594831, 0.0998621, 0.12409
1.81333, 0.000277009, 0.000845006, 0.00406132, 0.0147122, 0.0394115, 0.0780816, 0.114426, 0.124011, 0.0992578, 0.0579996, 0.0216257, -0.0064541, -0.0374251, -0.0776504, -0.114305, -0.124049, -0.0994838, -0.0589005, -0.0257049, -0.00825314, -0.00194521, -0.000335695, -4.2296e-05, -3.878e-06, -2.57864e-07, -1.23349e-08, -4.62782e-10, 1.49207e-11, -1.45882e-11, 3.44832e-12, 6.47375e-12, -1.473e-11, 2.09252e-11, -2.48917e-11, 2.6646e-11, -2.6356e-11, 2.42957e-11, -2.08139e-11, 1.62983e-11, -1.11459e-11, 5.74064e-12, -4.32241e-13, -4.47664e-12, 8.74136e-12, -1.218e-11, 1.46747e-11, -1.61719e-11, 1.66728e-11, -1.62355e-11, 1.49554e-11, -1.29672e-11, 1.04251e-11, -7.50226e-12, 4.37133e-12, -1.20659e-12, -1.83381e-12, 4.60647e-12, -7.06366e-12, 5.90308e-12, -1.13405e-10, -2.69017e-09, -5.39861e-08, -8.21711e-07, -9.51799e-06, -8.37346e-05, -0.000558383, -0.00281589, -0.0107102, -0.0306314, -0.0656506, -0.105038, -0.124913, -0.109824, -0.0705913, -0.0308647, -0.000863144, 0.0277472, 0.0650684, 0.10488, 0.124905
1.82, 0.000206725, 0.000655881, 0.00329674, 0.0124696, 0.0348746, 0.0721338, 0.110363, 0.124874, 0.104329, 0.0635328, 0.0244861, -0.00735187, -0.0417754, -0.0834595, -0.117784, -0.122443, -0.0940388, -0.0533085, -0.0222698, -0.00684273, -0.00154297, -0.000254667, -3.06762e-05, -2.68795e-06, -1.70647e-07, -7.86256e-09, -2.28877e-10, -2.40632e-11, 6.85582e-12, 3.28838e-12, -1.20513e-11, 1.88778e-11, -2.35474e-11, 2.60268e-11, -2.64389e-11, 2.50196e-11, -2.20883e-11, 1.80089e-11, -1.31647e-11, 7.93331e-12, -2.66534e-12, -2.32847e-12, 6.79042e-12, -1.05199e-11, 1.33784e-11, -1.52877e-11, 1.62266e-11, -1.62281e-11, 1.53656e-11, -1.37545e-11, 1.15326e-11, -8.85985e-12, 5.90079e-12, -2.82575e-12, -2.08524e-13, 3.05484e-12, -5.5888e-12, 7.66802e-12, -1.1114e-11, -5.29881e-11, -1.7365e-09, -3.58141e-08, -5.66861e-07, -6.8259e-06, -6.24504e-05, -0.000433245, -0.00227386, -0.00900504, -0.0268292, -0.0599331, -0.100005, -0.124108, -0.113933, -0.0764462, -0.0347432, -0.00108897, 0.0311694, 0.0707383, 0.109482, 0.124955
1.82667, 0.000153326, 0.000506024, 0.00265971, 0.010504, 0.0306708, 0.0662304, 0.10579, 0.124967, 0.108974, 0.0691371, 0.0275241, -0.00831255, -0.0463134, -0.0891362, -0.120619, -0.120114, -0.0883425, -0.0479479, -0.0191734, -0.00563777, -0.00121618, -0.00019197, -2.21065e-05, -1.85095e-06, -1.12317e-07, -4.88126e-09, -1.75981e-10, 7.04959e-12, -7.81873e-14, -9.18337e-12, 1.65939e-11, -2.19362e-11, 2.51265e-11, -2.62431e-11, 2.5483e-11, -2.31335e-11, 1.9533e-11, -1.50485e-11, 1.00476e-11, -4.87904e-12, -1.42078e-13, 4.74731e-12, -8.72039e-12, 1.19038e-11, -1.41973e-11, 1.55568e-11, -1.59912e-11, 1.55525e-11, -1.43356e-11, 1.24601e-11, -1.00719e-11, 7.32554e-12, -4.3841e-12, 1.40217e-12, 1.47095e-12, -4.10577e-12, 6.39094e-12, -8.26402e-12, 8.54977e-12, -4.92115e-11, -1.08563e-09, -2.36602e-08, -3.88885e-07, -4.86828e-06, -4.63168e-05, -0.000334258, -0.0018257, -0.00752764, -0.0233614, -0.0543889, -0.0946388, -0.122552, -0.117452, -0.0822392, -0.0388246, -0.00134709, 0.0347746, 0.0764222, 0.113589, 0.124234
1.83333, 0.000113022, 0.000388055, 0.00213263, 0.00879406, 0.0268084, 0.0604371, 0.100784, 0.124289, 0.113111, 0.0747368, 0.0307119, -0.00932819, -0.0509893, -0.094593, -0.122758, -0.117103, -0.082478, -0.0428585, -0.0164045, -0.00461585, -0.000952558, -0.000143789, -1.58287e-05, -1.2665e-06, -7.33362e-08, -3.09026e-09, -7.78151e-11, -5.4077e-12, -6.17504e-12, 1.40887e-11, -2.0067e-11, 2.39476e-11, -2.57642e-11, 2.56748e-11, -2.39325e-11, 2.08487e-11, -1.67715e-11, 1.20553e-11, -7.04378e-12, 2.05387e-12, 2.63851e-12, -6.80443e-12, 1.02694e-11, -1.29131e-11, 1.46697e-11, -1.55252e-11, 1.55105e-11, -1.46985e-11, 1.31903e-11, -1.11169e-11, 8.62028e-12, -5.85449e-12, 2.97021e-12, -1.16185e-13, -2.57563e-12, 4.98782e-12, -7.02604e-12, 8.60486e-12, -1.03302e-11, -1.32958e-11, -7.03217e-10, -1.55178e-08, -2.6536e-07, -3.45295e-06, -3.41601e-05, -0.000256437, -0.00145752, -0.00625638, -0.0202232, -0.0490653, -0.0890221, -0.120274, -0.120318, -0.087883, -0.0430663, -0.00163737, 0.0385276, 0.0820414, 0.117127, 0.122754
1.84, 8.28006e-05, 0.000295793, 0.00169952, 0.00731733, 0.0232887, 0.0548124, 0.095425, 0.122851, 0.116666, 0.0802484, 0.0340135, -0.0103881, -0.0557432, -0.0997389, -0.124159, -0.113462, -0.0765263, -0.0380713, -0.0139479, -0.00375544, -0.000741365, -0.000107016, -1.12613e-05, -8.60883e-07, -4.76643e-08, -1.882e-09, -6.12851e-11, -4.0706e-12, 1.13645e-11, -1.79516e-11, 2.24949e-11, -2.50002e-11, 2.55857e-11, -2.44693e-11, 2.1935e-11, -1.83082e-11, 1.39276e-11, -9.12994e-12, 4.22974e-12, 4.92261e-13, -4.79718e-12, 8.49632e-12, -1.1451e-11, 1.35757e-11, -1.48346e-11, 1.52369e-11, -1.4834e-11, 1.37088e-11, -1.19751e-11, 9.76088e-12, -7.21001e-12, 4.46701e-12, -1.67772e-12, -1.02601e-12, 3.52126e-12, -5.70672e-12, 7.50034e-12, -8.85196e-12, 9.34786e-12, -2.43525e-11, -4.25542e-10, -1.01495e-08, -1.8006e-07, -2.43565e-06, -2.50542e-05, -0.000195629, -0.00115699, -0.00516991, -0.0174045, -0.0440013, -0.0832363, -0.117317, -0.122477, -0.0932854, -0.0474158, -0.00195852, 0.0423839, 0.0875102, 0.12003, 0.12054
1.84667, 6.02877e-05, 0.000224106, 0.00134608, 0.00605127, 0.0201072, 0.0494064, 0.0897959, 0.120678, 0.119569, 0.0855807, 0.0373843, -0.0114786, -0.0605051, -0.104482, -0.124793, -0.109254, -0.0705644, -0.0336085, -0.011785, -0.00303621, -0.000573348, -7.91407e-05, -7.96034e-06, -5.81496e-07, -3.07046e-08, -1.18009e-09, -3.15791e-11, 7.86726e-12, -1.56127e-11, 2.07765e-11, -2.3952e-11, 2.52094e-11, -2.47317e-11, 2.27731e-11, -1.96345e-11, 1.56372e-11, -1.11076e-11, 6.35465e-12, -1.66134e-12, -2.72686e-12, 6.6091e-12, -9.83101e-12, 1.22892e-11, -1.39268e-11, 1.47325e-11, -1.4737e-11, 1.40041e-11, -1.26292e-11, 1.07254e-11, -8.42532e-12, 5.86465e-12, -3.18389e-12, 5.14052e-13, 2.01941e-12, -4.31085e-12, 6.26979e-12, -7.8287e-12, 8.93688e-12, -9.79087e-12, 1.15931e-12, -2.81754e-10, -6.57728e-09, -1.21539e-07, -1.70861e-06, -1.82738e-05, -0.000148404, -0.000913216, -0.0042476, -0.0148916, -0.0392273, -0.0773603, -0.113733, -0.123888, -0.0983511, -0.0518102, -0.00230793, 0.0462901, 0.0927369, 0.12224, 0.117628
1.85333, 4.36262e-05, 0.000168765, 0.00105961, 0.0049736, 0.017254, 0.0442604, 0.0839793, 0.117808, 0.121761, 0.0906371, 0.0407714, -0.0125831, -0.0651954, -0.108731, -0.124644, -0.104551, -0.0646636, -0.0294843, -0.00989525, -0.0024393, -0.000440605, -5.81535e-05, -5.591e-06, -3.90157e-07, -1.97036e-08, -7.11637e-10, -1.3192e-11, -1.33874e-11, 1.87983e-11, -2.26232e-11, 2.45427e-11, -2.47094e-11, 2.33459e-11, -2.07278e-11, 1.71572e-11, -1.29464e-11, 8.39662e-12, -3.79027e-12, -6.23519e-13, 4.63476e-12, -8.07597e-12, 1.08275e-11, -1.28134e-11, 1.4003e-11, -1.44065e-11, 1.40683e-11, -1.3065e-11, 1.14946e-11, -9.47645e-12, 7.13531e-12, -4.60533e-12, 2.01451e-12, 5.1206e-13, -2.8658e-12, 4.94955e-12, -6.68741e-12, 8.02249e-12, -8.92231e-12, 9.24635e-12, -1.45135e-11, -1.60374e-10, -4.26283e-09, -8.15706e-08, -1.19204e-06, -1.32546e-05, -0.00011195, -0.000716728, -0.00346984, -0.0126676, -0.0347654, -0.071469, -0.109585, -0.124519, -0.102984, -0.0561773, -0.00268156, 0.0501836, 0.097626, 0.123709, 0.114069
1.86, 3.13755e-05, 0.000126321, 0.000828991, 0.00406281, 0.0147149, 0.0394073, 0.0780562, 0.11429, 0.123192, 0.0953171, 0.0441139, -0.0136823, -0.0697262, -0.112398, -0.123708, -0.0994283, -0.0588886, -0.0257051, -0.00825655, -0.0019474, -0.000336451, -4.24596e-05, -3.90158e-06, -2.60149e-07, -1.25278e-08, -4.32436e-10, -2.10808e-11, 1.63971e-11, -2.10236e-11, 2.35857e-11, -2.43944e-11, 2.36386e-11, -2.15675e-11, 1.84614e-11, -1.46164e-11, 1.03238e-11, -5.862e-12, 1.48059e-12, 2.60343e-12, -6.21253e-12, 9.21253e-12, -1.15105e-11, 1.3058e-11, -1.38448e-11, 1.38968e-11, -1.32718e-11, 1.20521e-11, -1.03411e-11, 8.25302e-12, -5.91331e-12, 3.44456e-12, -9.69756e-13, -1.40159e-12, 3.56735e-12, -5.44584e-12, 6.9708e-12, -8.09698e-12, 8.79704e-12, -9.13777e-12, 5.85719e-12, -1.13123e-10, -2.72628e-09, -5.44685e-08, -8.27083e-07, -9.56087e-06, -8.39787e-05, -0.00055934, -0.0028183, -0.0107133, -0.03063, -0.065632, -0.104942, -0.124356, -0.107088, -0.0604357, -0.00307388, 0.0539937, 0.10208, 0.124402, 0.109922
1.86667, 2.24264e-05, 9.3979e-05, 0.000644592, 0.00329847, 0.0124725, 0.0348711, 0.0721038, 0.110184, 0.123826, 0.0995184, 0.0473438, -0.0147541, -0.0740029, -0.115398, -0.121998, -0.0939673, -0.0532961, -0.0222707, -0.00684609, -0.00154491, -0.000255291, -3.08033e-05, -2.70524e-06, -1.72295e-07, -7.9292e-09, -2.69736e-10, 7.93292e-12, -1.92609e-11, 2.23398e-11, -2.37824e-11, 2.36401e-11, -2.21356e-11, 1.95259e-11, -1.6089e-11, 1.21039e-11, -7.84222e-12, 3.55128e-12, 5.47933e-13, -4.27038e-12, 7.4695e-12, -1.00383e-11, 1.19112e-11, -1.30591e-11, 1.34902e-11, -1.32436e-11, 1.23843e-11, -1.10005e-11, 9.19426e-12, -7.08026e-12, 4.77393e-12, -2.39429e-12, 5.06191e-14, 2.15322e-12, -4.13113e-12, 5.80898e-12, -7.13274e-12, 8.06529e-12, -8.59087e-12, 8.66891e-12, -1.02532e-11, -5.66283e-11, -1.75402e-09, -3.6157e-08, -5.7074e-07, -6.85844e-06, -6.2645e-05, -0.000434052, -0.00227603, -0.00900818, -0.0268283, -0.059912, -0.0998801, -0.123395, -0.110571, -0.0644967, -0.00347777, 0.0576423, 0.105999, 0.124295, 0.105256
1.87333, 1.59313e-05, 6.94932e-05, 0.000498139, 0.00266151, 0.0105071, 0.0306676, 0.0661938, 0.105556, 0.123637, 0.103139, 0.0503872, -0.0157742, -0.0779252, -0.117655, -0.119536, -0.0882501, -0.0479344, -0.0191748, -0.00564102, -0.00121789, -0.00019248, -2.22044e-05, -1.86362e-06, -1.13396e-07, -4.98591e-09, -1.45828e-10, -2.05968e-11, 2.07583e-11, -2.28731e-11, 2.33414e-11, -2.24156e-11, 2.03277e-11, -1.7336e-11, 1.37051e-11, -9.69634e-12, 5.55291e-12, -1.49703e-12, -2.28195e-12, 5.62782e-12, -8.42113e-12, 1.05811e-11, -1.20616e-11, 1.28536e-11, -1.29777e-11, 1.24822e-11, -1.14395e-11, 9.93785e-12, -8.07985e-12, 5.97295e-12, -3.73033e-12, 1.45836e-12, 7.39444e-13, -2.77352e-12, 4.56419e-12, -6.05006e-12, 7.18503e-12, -7.94209e-12, 8.30976e-12, -8.31862e-12, 6.85252e-12, -4.66611e-11, -1.10435e-09, -2.38872e-08, -3.91687e-07, -4.89279e-06, -4.64708e-05, -0.000334932, -0.00182764, -0.00753073, -0.0233608, -0.0543639, -0.0944777, -0.121644, -0.113347, -0.0682658, -0.00388465, 0.0610454, 0.109289, 0.123377, 0.100145
1.88, 1.12478e-05, 5.10751e-05, 0.000382602, 0.0021344, 0.00879715, 0.0268051, 0.0603916, 0.10048, 0.122612, 0.10608, 0.0531656, -0.0167166, -0.0813901, -0.1191, -0.116357, -0.0823581, -0.042843, -0.0164062, -0.00461892, -0.000954037, -0.000144203, -1.59037e-05, -1.27561e-06, -7.41389e-08, -3.10105e-09, -1.08417e-10, 1.7e-11, -2.16985e-11, 2.27372e-11, -2.23949e-11, 2.08474e-11, -1.8332e-11, 1.50965e-11, -1.139e-11, 7.44934e-12, -3.4944e-12, -2.83438e-13, 3.72046e-12, -6.68786e-12, 9.09114e-12, -1.08693e-11, 1.1997e-11, -1.2477e-11, 1.23416e-11, -1.16466e-11, 1.04657e-11, -8.88899e-12, 7.01455e-12, -4.94687e-12, 2.78839e-12, -6.40925e-13, -1.40518e-12, 3.26633e-12, -4.87603e-12, 6.17999e-12, -7.14178e-12, 7.74006e-12, -7.97168e-12, 7.83409e-12, -8.01846e-12, -1.73642e-11, -7.07836e-10, -1.56824e-08, -2.67353e-07, -3.4713e-06, -3.42811e-05, -0.000256996, -0.00145924, -0.00625933, -0.0202225, -0.0490348, -0.0888143, -0.119127, -0.115336, -0.0716447, -0.00428455, 0.0641147, 0.111856, 0.12165, 0.094668
1.88667, 7.89236e-06, 3.73104e-05, 0.000292061, 0.0017012, 0.0073203, 0.0232848, 0.0547545, 0.0950311, 0.120752, 0.108248, 0.0555979, -0.017554, -0.0842943, -0.119674, -0.112507, -0.0763703, -0.0380524, -0.0139495, -0.00375828, -0.000742632, -0.000107348, -1.13181e-05, -8.67487e-07, -4.81526e-08, -1.94066e-09, -3.84921e-11, -2.13135e-11, 2.18101e-11, -2.2064e-11, 2.10676e-11, -1.90523e-11, 1.62477e-11, -1.28886e-11, 9.20305e-12, -5.4054e-12, 1.68722e-12, 1.78363e-12, -4.87118e-12, 7.46928e-12, -9.50456e-12, 1.09358e-11, -1.17499e-11, 1.19633e-11, -1.1615e-11, 1.07643e-11, -9.4882e-12, 7.873e-12, -6.01428e-12, 4.00865e-12, -1.95401e-12, -6.00948e-14, 1.94858e-12, -3.64105e-12, 5.07643e-12, -6.21093e-12, 7.01407e-12, -7.47255e-12, 7.58601e-12, -7.37704e-12, 6.48556e-12, -2.06044e-11, -4.36527e-10, -1.02522e-08, -1.81486e-07, -2.44928e-06, -2.51486e-05, -0.000196089, -0.00115848, -0.00517264, -0.0174033, -0.0439628, -0.0829685, -0.115875, -0.116467, -0.0745337, -0.00466634, 0.0667596, 0.113614, 0.119128, 0.0889069
1.89333, 5.50391e-06, 2.70895e-05, 0.000221581, 0.00134761, 0.00605399, 0.0201019, 0.0493315, 0.0892879, 0.118067, 0.109556, 0.0576027, -0.0182585, -0.0865365, -0.119332, -0.108039, -0.0703611, -0.0335845, -0.0117863, -0.00303879, -0.000574422, -7.94052e-05, -8.00311e-06, -5.86145e-07, -3.10888e-08, -1.17347e-09, -5.10051e-11, 1.99741e-11, -2.14267e-11, 2.0975e-11, -1.94762e-11, 1.71313e-11, -1.41595e-11, 1.07768e-11, -7.19038e-12, 3.58959e-12, -1.43041e-13, -3.00807e-12, 5.74861e-12, -7.99477e-12, 9.69133e-12, -1.08105e-11, 1.13537e-11, -1.13437e-11, 1.08253e-11, -9.86158e-12, 8.52637e-12, -6.90571e-12, 5.0882e-12, -3.16617e-12, 1.22654e-12, 6.4574e-13, -2.37798e-12, 3.90468e-12, -5.17606e-12, 6.15379e-12, -6.81521e-12, 7.15046e-12, -7.16508e-12, 6.87215e-12, -6.52453e-12, -3.24333e-12, -2.80749e-10, -6.65582e-09, -1.22535e-07, -1.71868e-06, -1.83469e-05, -0.000148779, -0.0009145, -0.00425003, -0.0148893, -0.0391777, -0.0770162, -0.111933, -0.116682, -0.0768345, -0.005018, 0.0688902, 0.114487, 0.115837, 0.0829423
1.9, 3.8147e-06, 1.95489e-05, 0.000167078, 0.00106096, 0.00497592, 0.0172463, 0.0441626, 0.0833274, 0.114582, 0.109929, 0.0591004, -0.0188029, -0.088021, -0.118038, -0.103016, -0.064399, -0.0294526, -0.00989583, -0.00244156, -0.000441504, -5.83623e-05, -5.62287e-06, -3.93502e-07, -1.99149e-08, -7.43589e-10, 6.56206e-14, -2.08109e-11, 2.0555e-11, -1.95855e-11, 1.77218e-11, -1.51702e-11, 1.21335e-11, -8.80926e-12, 5.38148e-12, -2.0174e-12, -1.13902e-12, 3.96672e-12, -6.37304e-12, 8.29049e-12, -9.67914e-12, 1.05256e-11, -1.08373e-11, 1.06457e-11, -9.99847e-12, 8.95752e-12, -7.59765e-12, 5.99836e-12, -4.24456e-12, 2.41984e-12, -6.06584e-13, -1.12241e-12, 2.6984e-12, -4.06777e-12, 5.18516e-12, -6.02019e-12, 6.55473e-12, -6.78496e-12, 6.71799e-12, -6.3755e-12, 5.65778e-12, -1.02215e-11, -1.67863e-10, -4.30675e-09, -8.22791e-08, -1.19942e-06, -1.33108e-05, -0.000112252, -0.000717814, -0.00347188, -0.0126636, -0.0347008, -0.0710281, -0.10735, -0.115935, -0.0784533, -0.00532702, 0.0704192, 0.114408, 0.111813, 0.0768525
1.90667, 2.62768e-06, 1.40214e-05, 0.000125209, 0.000830153, 0.00406457, 0.0147036, 0.0392789, 0.0772237, 0.11033, 0.109304, 0.0600162, -0.019161, -0.0886602, -0.115772, -0.097501, -0.0585446, -0.0256626, -0.00825596, -0.00194933, -0.000337194, -4.2623e-05, -3.92524e-06, -2.6245e-07, -1.27075e-08, -4.24866e-10, -3.02252e-11, 1.96212e-11, -1.93697e-11, 1.79974e-11, -1.58919e-11, 1.3238e-11, -1.02217e-11, 7.01938e-12, -3.79468e-12, 6.9152e-13, 2.16556e-12, -4.67716e-12, 6.76635e-12, -8.38252e-12, 9.49825e-12, -1.0108e-11, 1.0229e-11, -9.89438e-12, 9.15417e-12, -8.07053e-12, 6.71323e-12, -5.1591e-12, 3.4861e-12, -1.77186e-12, 8.86963e-14, 1.49401e-12, -2.92007e-12, 4.13876e-12, -5.11404e-12, 5.82009e-12, -6.24448e-12, 6.38516e-12, -6.25317e-12, 5.86742e-12, -5.33093e-12, 1.34014e-12, -1.09893e-10, -2.76414e-09, -5.49538e-08, -8.32471e-07, -9.60373e-06, -8.42201e-05, -0.000560239, -0.00281985, -0.0107068, -0.0305451, -0.0650689, -0.102185, -0.114191, -0.0793033, -0.00558076, 0.0712653, 0.113322, 0.107101, 0.0707113
1.91333, 1.79891e-06, 9.9955e-06, 9.32555e-05, 0.000645555, 0.00329949, 0.012456, 0.0347022, 0.0710461, 0.105353, 0.10763, 0.0602825, -0.019309, -0.088378, -0.112527, -0.0915627, -0.0528502, -0.0222133, -0.00684375, -0.00154646, -0.000255894, -3.09299e-05, -2.72257e-06, -1.7394e-07, -8.01776e-09, -2.84705e-10, 1.23865e-11, -1.89207e-11, 1.79392e-11, -1.62984e-11, 1.40567e-11, -1.13884e-11, 8.46011e-12, -5.42912e-12, 2.43691e-12, 3.9092e-13, -2.95062e-12, 5.1583e-12, -6.95405e-12, 8.29849e-12, -9.17444e-12, 9.58565e-12, -9.55166e-12, 9.11024e-12, -8.3107e-12, 7.21241e-12, -5.88319e-12, 4.39301e-12, -2.81467e-12, 1.21821e-12, 3.29297e-13, -1.76983e-12, 3.04943e-12, -4.12776e-12, 4.97267e-12, -5.5641e-12, 5.89227e-12, -5.9597e-12, 5.77773e-12, -5.36821e-12, 4.71777e-12, -5.83693e-12, -6.23934e-11, -1.77105e-09, -3.65013e-08, -5.74631e-07, -6.89087e-06, -6.28353e-05, -0.000434774, -0.00227699, -0.00899796, -0.0267164, -0.0591956, -0.0964988, -0.111432, -0.0793084, -0.00576703, 0.0713557, 0.11119, 0.101753, 0.0645864
1.92, 1.22397e-06, 7.08213e-06, 6.90268e-05, 0.000498894, 0.00266155, 0.0104832, 0.0304456, 0.0648573, 0.0997014, 0.104877, 0.0598417, -0.0192261, -0.0871127, -0.108307, -0.0852688, -0.0473587, -0.019097, -0.00563616, -0.00121899, -0.000192958, -2.23012e-05, -1.87628e-06, -1.14501e-07, -5.06632e-09, -1.42915e-10, -2.15629e-11, 1.74805e-11, -1.63691e-11, 1.45598e-11, -1.22723e-11, 9.66027e-12, -6.87298e-12, 4.04733e-12, -1.30728e-12, -1.24169e-12, 3.51086e-12, -5.43315e-12, 6.95971e-12, -8.06316e-12, 8.73426e-12, -8.98042e-12, 8.82729e-12, -8.31099e-12, 7.48083e-12, -6.39408e-12, 5.11238e-12, -3.70235e-12, 2.22932e-12, -7.56845e-13, -6.56114e-13, 1.95494e-12, -3.09681e-12, 4.04395e-12, -4.77049e-12, 5.26004e-12, -5.50731e-12, 5.51536e-12, -5.29756e-12, 4.87431e-12, -4.29748e-12, 2.43802e-12, -4.27742e-11, -1.12322e-09, -2.41168e-08, -3.94489e-07, -4.91706e-06, -4.66181e-05, -0.000335481, -0.00182783, -0.00751543, -0.0232134, -0.0534565, -0.0903544, -0.107655, -0.0784056, -0.00587452, 0.0706294, 0.107988, 0.0958247, 0.0585373
1.92667, 8.27668e-07, 4.98731e-06, 5.07754e-05, 0.000383132, 0.00213313, 0.0087632, 0.0265142, 0.058712, 0.093429, 0.101026, 0.0586489, -0.0188959, -0.0848196, -0.103134, -0.0786852, -0.042103, -0.0163009, -0.00461055, -0.000954626, -0.000144566, -1.59767e-05, -1.28471e-06, -7.49219e-08, -3.13903e-09, -1.12244e-10, 1.47177e-11, -1.61183e-11, 1.4722e-11, -1.28396e-11, 1.05792e-11, -8.08035e-12, 5.47322e-12, -2.87726e-12, 3.97809e-13, 1.87435e-12, -3.86688e-12, 5.52384e-12, -6.80901e-12, 7.70177e-12, -8.19918e-12, 8.31441e-12, -8.07193e-12, 7.51024e-12, -6.67556e-12, 5.62095e-12, -4.40514e-12, 3.08724e-12, -1.72704e-12, 3.81756e-13, 8.9559e-13, -2.05996e-12, 3.06987e-12, -3.89588e-12, 4.51574e-12, -4.91721e-12, 5.09599e-12, -5.05837e-12, 4.81725e-12, -4.39362e-12, 3.80041e-12, -3.74898e-12, -2.21087e-11, -7.13087e-10, -1.58461e-08, -2.69342e-07, -3.48923e-06, -3.43917e-05, -0.000257369, -0.00145847, -0.00623712, -0.0200288, -0.0478907, -0.0838157, -0.102869, -0.0765481, -0.00589337, 0.0690395, 0.103707, 0.0893782, 0.0526147
1.93333, 5.56244e-07, 3.49069e-06, 3.71175e-05, 0.000292345, 0.00169817, 0.00727269, 0.0229052, 0.0526558, 0.0865944, 0.0960826, 0.0566737, -0.0183065, -0.081473, -0.0970407, -0.071874, -0.0371061, -0.0138079, -0.00374508, -0.000742593, -0.000107604, -1.13717e-05, -8.73996e-07, -4.86686e-08, -1.97279e-09, -4.08919e-11, -1.66143e-11, 1.45081e-11, -1.30612e-11, 1.11788e-11, -9.00589e-12, 6.66316e-12, -4.26414e-12, 1.9117e-12, 3.0396e-13, -2.30778e-12, 4.03916e-12, -5.45418e-12, 6.52359e-12, -7.2353e-12, 7.59055e-12, -7.60324e-12, 7.30105e-12, -6.7192e-12, 5.90163e-12, -4.89842e-12, 3.76129e-12, -2.54569e-12, 1.30413e-12, -8.76159e-14, -1.05786e-12, 2.09021e-12, -2.97749e-12, 3.69231e-12, -4.21693e-12, 4.54146e-12, -4.66517e-12, 4.5936e-12, -4.34063e-12, 3.92583e-12, -3.38166e-12, 2.34065e-12, -1.67736e-11, -4.46544e-10, -1.0357e-08, -1.8289e-07, -2.46221e-06, -2.52269e-05, -0.000196274, -0.00115646, -0.00514115, -0.0171499, -0.0425277, -0.0769448, -0.0971021, -0.0737073, -0.00581566, 0.0665557, 0.0983586, 0.0824746, 0.0468588
1.94, 3.71535e-07, 2.42827e-06, 2.69602e-05, 0.000221576, 0.00134225, 0.00598808, 0.019609, 0.0467244, 0.0792581, 0.0900669, 0.0539026, -0.0174521, -0.0770687, -0.0900712, -0.0648918, -0.0323809, -0.0115969, -0.003019, -0.000573592, -7.95524e-05, -8.04071e-06, -5.90672e-07, -3.14452e-08, -1.19257e-09, -4.77339e-11, 1.33021e-11, -1.29245e-11, 1.14275e-11, -9.60876e-12, 7.56921e-12, -5.41489e-12, 3.24322e-12, -1.14162e-12, -8.14349e-13, 2.56118e-12, -4.05001e-12, 5.24526e-12, -6.12623e-12, 6.68433e-12, -6.92433e-12, 6.86295e-12, -6.52492e-12, 5.94531e-12, -5.16436e-12, 4.22663e-12, -3.18097e-12, 2.07435e-12, -9.54955e-13, -1.3274e-13, 1.14775e-12, -2.05634e-12, 2.82756e-12, -3.44061e-12, 3.8806e-12, -4.14031e-12, 4.21924e-12, -4.12505e-12, 3.87036e-12, -3.47382e-12, 2.95436e-12, -2.56764e-12, -7.23743e-12, -2.81173e-10, -6.73152e-09, -1.23499e-07, -1.72762e-06, -1.83954e-05, -0.000148753, -0.000910843, -0.00420617, -0.0145594, -0.0373868, -0.0698, -0.090393, -0.0698751, -0.00563587, 0.0631665, 0.0919684, 0.0751752, 0.0412997
1.94667, 2.46636e-07, 1.67887e-06, 1.94474e-05, 0.000166721, 0.00105246, 0.00488573, 0.0166097, 0.0409435, 0.0714807, 0.08302, 0.0503402, -0.0163329, -0.0716245, -0.082282, -0.0577887, -0.0279309, -0.0096442, -0.00241288, -0.000439645, -5.83931e-05, -5.64651e-06, -3.96556e-07, -2.01472e-08, -7.52176e-10, -6.43119e-12, -1.2756e-11, 1.12954e-11, -9.85284e-12, 8.14607e-12, -6.27622e-12, 4.3334e-12, -2.40027e-12, 5.50745e-13, 1.15147e-12, -2.65511e-12, 3.92002e-12, -4.91878e-12, 5.63501e-12, -6.06536e-12, 6.21633e-12, -6.10348e-12, 5.75245e-12, -5.19414e-12, 4.46531e-12, -3.60677e-12, 2.66016e-12, -1.66882e-12, 6.7391e-13, 2.85773e-13, -1.17563e-12, 1.96376e-12, -2.6279e-12, 3.14839e-12, -3.51348e-12, 3.71786e-12, -3.76314e-12, 3.65551e-12, -3.40801e-12, 3.03756e-12, -2.56709e-12, 1.88843e-12, -6.75403e-12, -1.73623e-10, -4.35158e-09, -8.292e-08, -1.205e-06, -1.33297e-05, -0.000111972, -0.000711987, -0.00341167, -0.0122363, -0.0324781, -0.0624351, -0.0827953, -0.0650648, -0.00535127, 0.0588802, 0.0845815, 0.067539, 0.0359563
1.95333, 1.62719e-07, 1.15322e-06, 1.39225e-05, 0.000124401, 0.000817426, 0.0039424, 0.0138863, 0.035328, 0.0633219, 0.075001, 0.0460103, -0.0149558, -0.0651814, -0.0737395, -0.0506067, -0.0237503, -0.00792392, -0.00190868, -0.000333966, -4.2518e-05, -3.93579e-06, -2.64324e-07, -1.28529e-08, -4.37823e-10, -2.27791e-11, 1.05815e-11, -9.71463e-12, 8.35584e-12, -6.80045e-12, 5.12664e-12, -3.41077e-12, 1.72249e-12, -1.23154e-13, -1.33546e-12, 2.61048e-12, -3.67021e-12, 4.49296e-12, -5.06813e-12, 5.39357e-12, -5.47707e-12, 5.33503e-12, -4.98918e-12, 4.4684e-12, -3.8054e-12, 3.03535e-12, -2.19592e-12, 1.3233e-12, -4.53665e-13, -3.79508e-13, 1.14632e-12, -1.82255e-12, 2.38559e-12, -2.82151e-12, 3.12087e-12, -3.27977e-12, 3.29952e-12, -3.18753e-12, 2.95485e-12, -2.61699e-12, 2.19136e-12, -1.77447e-12, -2.01727e-12, -1.08557e-10, -2.79638e-09, -5.5334e-08, -8.35016e-07, -9.59047e-06, -8.36187e-05, -0.00055152, -0.00273816, -0.0101565, -0.0278019, -0.0548982, -0.0743751, -0.059312, -0.0049622, 0.0537265, 0.0762595, 0.0596217, 0.0308368
1.96, 1.06695e-07, 7.84966e-07, 9.87703e-06, 9.18509e-05, 0.000627131, 0.00313551, 0.0114132, 0.0298832, 0.0548394, 0.0660872, 0.0409556, -0.0133342, -0.0578031, -0.064519, -0.0433801, -0.0198247, -0.00640865, -0.00148982, -0.000250819, -3.06546e-05, -2.71937e-06, -1.74807e-07, -8.10845e-09, -2.81714e-10, 3.37101e-12, -9.28388e-12, 8.16898e-12, -6.94649e-12, 5.57131e-12, -4.1132e-12, 2.63462e-12, -1.19311e-12, -1.61383e-13, 1.38579e-12, -2.44692e-12, 3.31916e-12, -3.98634e-12, 4.43997e-12, -4.68104e-12, 4.71738e-12, -4.56285e-12, 4.23876e-12, -3.76911e-12, 3.18266e-12, -2.51004e-12, 1.78229e-12, -1.03158e-12, 2.87845e-13, 4.21149e-13, -1.07025e-12, 1.63736e-12, -2.10719e-12, 2.46656e-12, -2.70799e-12, 2.82887e-12, -2.83162e-12, 2.72219e-12, -2.51104e-12, 2.21164e-12, -1.84067e-12, 1.37303e-12, -2.8419e-12, -6.5922e-11, -1.78541e-09, -3.66653e-08, -5.741e-07, -6.83933e-06, -6.18131e-05, -0.000422186, -0.00216723, -0.00829349, -0.0233499, -0.0472307, -0.0652099, -0.0526746, -0.00447224, 0.0477559, 0.06708, 0.0514745, 0.025939
1.96667, 6.95305e-08, 5.25818e-07, 6.91696e-06, 6.68156e-05, 0.000472804, 0.00244329, 0.00916092, 0.0246044, 0.0460882, 0.0563724, 0.0352381, -0.0114884, -0.0495755, -0.0547035, -0.0361343, -0.0161325, -0.00506995, -0.00114111, -0.000185369, -2.18005e-05, -1.85689e-06, -1.14392e-07, -5.09414e-09, -1.53965e-10, -1.19609e-11, 7.5159e-12, -6.68688e-12, 5.62561e-12, -4.45334e-12, 3.22368e-12, -1.9882e-12, 7.92726e-13, 3.22286e-13, -1.32378e-12, 2.18448e-12, -2.8851e-12, 3.41309e-12, -3.76386e-12, 3.93798e-12, -3.943e-12, 3.79252e-12, -3.5028e-12, 3.09563e-12, -2.59466e-12, 2.02531e-12, -1.41403e-12, 7.86682e-13, -1.68117e-13, -4.18303e-13, 9.52358e-13, -1.41761e-12, 1.79917e-12, -2.08804e-12, 2.27854e-12, -2.36898e-12, 2.36093e-12, -2.26055e-12, 2.07641e-12, -1.81994e-12, 1.50445e-12, -1.16961e-12, -3.51283e-13, -4.08965e-11, -1.13031e-09, -2.40631e-08, -3.90438e-07, -4.81642e-06, -4.50304e-05, -0.000317715, -0.00168163, -0.00661883, -0.019106, -0.0394673, -0.0553869, -0.0452322, -0.00388823, 0.0410397, 0.0571354, 0.0431436, 0.0212511
1.97333, 4.50329e-08, 3.46007e-07, 4.74608e-06, 4.74556e-05, 0.000346757, 0.00184487, 0.0070969, 0.0194785, 0.0371199, 0.0459653, 0.0289374, -0.0094448, -0.0406049, -0.0443828, -0.0288871, -0.012645, -0.00387877, -0.000848654, -0.000133541, -1.51665e-05, -1.24424e-06, -7.36764e-08, -3.13427e-09, -1.03109e-10, 4.47711e-12, -6.04126e-12, 5.26076e-12, -4.38797e-12, 3.43413e-12, -2.44293e-12, 1.4537e-12, -5.02176e-13, -3.80487e-13, 1.16826e-12, -1.84108e-12, 2.38418e-12, -2.78874e-12, 3.05079e-12, -3.17271e-12, 3.1608e-12, -3.02534e-12, 2.78134e-12, -2.44543e-12, 2.03676e-12, -1.57615e-12, 1.08394e-12, -5.81308e-13, 8.78813e-14, 3.78575e-13, -8.01802e-13, 1.16778e-12, -1.46704e-12, 1.69146e-12, -1.83676e-12, 1.90186e-12, -1.88901e-12, 1.80265e-12, -1.65005e-12, 1.44052e-12, -1.18531e-12, 8.8258e-13, -1.23266e-12, -2.41827e-11, -7.05803e-10, -1.55485e-08, -2.60797e-07, -3.32235e-06, -3.20333e-05, -0.000232683, -0.00126522, -0.00510276, -0.0150467, -0.0316363, -0.0450026, -0.0370845, -0.00322016, 0.0336686, 0.0465315, 0.03467, 0.0167525
1.98, 2.89874e-08, 2.22603e-07, 3.13194e-06, 3.22628e-05, 0.000242223, 0.00132024, 0.00518623, 0.0144846, 0.0279828, 0.0349878, 0.0221489, -0.00723544, -0.0310162, -0.0336515, -0.0216487, -0.00932835, -0.00280572, -0.000599731, -9.18844e-05, -1.01288e-05, -8.04249e-07, -4.59634e-08, -1.89319e-09, -5.03243e-11, -6.09441e-12, 4.4536e-12, -3.89138e-12, 3.22272e-12, -2.49891e-12, 1.75118e-12, -1.00917e-12, 2.99049e-13, 3.56827e-13, -9.39784e-13, 1.43484e-12, -1.8317e-12, 2.12413e-12, -2.31021e-12, 2.39141e-12, -2.37298e-12, 2.26338e-12, -2.0731e-12, 1.81545e-12, -1.50463e-12, 1.15586e-12, -7.85299e-13, 4.0775e-13, -3.83663e-14, -3.09478e-13, 6.23972e-13, -8.95736e-13, 1.1162e-12, -1.28031e-12, 1.38523e-12, -1.43028e-12, 1.41666e-12, -1.34836e-12, 1.23081e-12, -1.07113e-12, 8.77497e-13, -6.66493e-13, 5.69198e-14, -1.45763e-11, -4.28765e-10, -9.73606e-09, -1.68179e-07, -2.20327e-06, -2.18113e-05, -0.000162365, -0.00090284, -0.0037145, -0.0111425, -0.0237595, -0.0341603, -0.0283489, -0.00248096, 0.0257507, 0.0353857, 0.0260893, 0.0124149
1.98667, 1.85444e-08, 1.30914e-07, 1.89545e-06, 1.9983e-05, 0.000153171, 0.000850192, 0.00339208, 0.00959559, 0.0187223, 0.0235727, 0.014982, -0.00489725, -0.0209495, -0.0226089, -0.0144227, -0.00614373, -0.00182128, -0.000382573, -5.74362e-05, -6.18712e-06, -4.78794e-07, -2.66079e-08, -1.05599e-09, -3.36582e-11, 2.66709e-12, -2.9712e-12, 2.56689e-12, -2.11503e-12, 1.62864e-12, -1.12875e-12, 6.34472e-13, -1.62645e-13, -2.71703e-13, 6.56323e-13, -9.81898e-13, 1.24161e-12, -1.43153e-12, 1.55044e-12, -1.59974e-12, 1.58303e-12, -1.50583e-12, 1.37564e-12, -1.20111e-12, 9.91834e-13, -7.58058e-13, 5.10103e-13, -2.5853e-13, 1.26167e-14, 2.1845e-13, -4.27093e-13, 6.06219e-13, -7.51523e-13, 8.5929e-13, -9.27225e-13, 9.55024e-13, -9.44267e-13, 8.97088e-13, -8.17352e-13, 7.09704e-13, -5.79685e-13, 4.29776e-13, -4.75574e-13, -7.82326e-12, -2.42791e-10, -5.65326e-09, -9.99651e-08, -1.33878e-06, -1.35269e-05, -0.000102598, -0.000580185, -0.0024226, -0.00735926, -0.0158536, -0.0229695, -0.0191584, -0.00168602, 0.0174089, 0.0238249, 0.0174329, 0.00820379
1.99333, 1.17907e-08, 6.05959e-08, 8.92197e-07, 9.54553e-06, 7.41296e-05, 0.000416153, 0.00167634, 0.0047792, 0.00938112, 0.0118612, 0.00755655, -0.00247098, -0.0105572, -0.011357, -0.00720809, -0.00304908, -0.00089588, -0.000186164, -2.75957e-05, -2.92943e-06, -2.22973e-07, -1.21605e-08, -4.76388e-10, -1.1464e-11, -1.89851e-12, 1.47182e-12, -1.27512e-12, 1.04735e-12, -8.03036e-13, 5.52585e-13, -3.05342e-13, 7.01358e-14, 1.46135e-13, -3.37214e-13, 4.98518e-13, -6.268e-13, 7.2019e-13, -7.78119e-13, 8.01344e-13, -7.91722e-13, 7.51949e-13, -6.85887e-13, 5.97791e-13, -4.92617e-13, 3.752e-13, -2.51141e-13, 1.25177e-13, -2.34876e-15, -1.12882e-13, 2.16634e-13, -3.06078e-13, 3.78071e-13, -4.31149e-13, 4.64572e-13, -4.78057e-13, 4.72101e-13, -4.48015e-13, 4.07626e-13, -3.5347e-13, 2.88227e-13, -2.16493e-13, 5.06398e-14, -3.57482e-12, -1.09475e-10, -2.59013e-09, -4.65111e-08, -6.31795e-07, -6.4672e-06, -4.96327e-05, -0.000283627, -0.00119516, -0.00365865, -0.00793063, -0.0115438, -0.00965779, -0.000852769, 0.00877779, 0.0119833, 0.00872818, 0.00407971
2, 7.45058e-09, 0, 0, 0, 0, 0, 0, 0, 0, 0, 0, 0, 0, 0, 0, 0, 0, 0, 0, 0, 0, 0, 0, 0, 0, 0, 0, 0, 0, 0, 0, 0, 0, 0, 0, 0, 0, 0, 0, 0, 0, 0, 0, 0, 0, 0, 0, 0, 0, 0, 0, 0, 0, 0, 0, 0, 0, 0, 0, 0, 0, 0, 0, 0, 0, 0, 0, 0, 0, 0, 0, 0, 0, 0, 0, 0, 0, 0, 0, 0
